id,est_p_age_le_18,est_p_age_19_29,est_p_age_30_39,est_p_age_ge_40,est_p_gender_male,est_p_gender_female,est_p_is_org,est_p_is_non_org
41940890,0.0972,0.094,0.3053,0.5035,0.9016,0.0984,0.0941,0.9059
65402809,0.0226,0.0925,0.4759,0.409,0.0818,0.9182,0.0471,0.9529
2293353366,0.0763,0.0896,0.5683,0.2658,0.2845,0.7155,0.2375,0.7625
544429125,0.0739,0.0242,0.3279,0.574,0.876,0.124,0.5669,0.4331
1008138976547561500,0.2665,0.0886,0.218,0.4269,0.6912,0.3088,0.7555,0.2445
20285516,0.1218,0.0303,0.3784,0.4695,0.1144,0.8856,0.151,0.849
741258851215913e3,0.1566,0.4273,0.3823,0.0339,0.03,0.97,0.0098,0.9902
2239848210,0.0048,0.0024,0.0446,0.9483,0,1,0.0141,0.9859
1591116517,0.0074,0.0057,0.2062,0.7807,0.0188,0.9812,0.0904,0.9096
3309798409,0.0214,0.0177,0.2204,0.7404,0.9782,0.0218,0.3142,0.6858
713487168023433200,0.0591,0.016,0.4417,0.4833,0.9655,0.0345,0.1108,0.8892
29398698,0.0229,0.134,0.5112,0.332,0.0215,0.9785,0.1725,0.8275
1285755077937045500,0.2773,0.1708,0.333,0.2189,0.7342,0.2658,0.4895,0.5105
4751085693,0.6624,0.186,0.0699,0.0818,0.8348,0.1652,0.2172,0.7828
1569734394,0.0747,0.0271,0.2737,0.6245,0.6044,0.3956,0.3973,0.6027
1400935111,0.6259,0.1003,0.0797,0.1941,0.6533,0.3467,0.7139,0.2861
1061345798166904800,0.0739,0.1346,0.3989,0.3926,0.1907,0.8093,0.1914,0.8086
932908795,0.0215,0.0869,0.4864,0.4052,0.977,0.023,0.4331,0.5669
1283768005625819100,0.0839,0.0253,0.2465,0.6443,0.9769,0.0231,0.8445,0.1555
2299826742,0.9459,0.0327,0.011,0.0104,0.8677,0.1323,0.4955,0.5045
522579004,0.3087,0.5788,0.0921,0.0204,0.928,0.072,0.014,0.986
76077839,0.039,0.1674,0.5241,0.2696,0.745,0.255,0.1082,0.8918
707388676251238400,0.0387,0.2825,0.2752,0.4036,0.9532,0.0468,0.145,0.855
3088857280,0.0085,0.0024,0.0141,0.9751,0.1735,0.8265,0.296,0.704
190093284,0.2561,0.155,0.3008,0.2881,0.9913,0.0087,0.1742,0.8258
92787237,0.0223,0.0036,0.1204,0.8537,0.8405,0.1595,0.8894,0.1106
96476726,0.0273,0.0036,0.0774,0.8916,0.6811,0.3189,0.2055,0.7945
2802840792,0.2538,0.3697,0.3395,0.037,0.0693,0.9307,0.0071,0.9929
2964220449,0.1144,0.0879,0.3401,0.4575,0.9863,0.0137,0.2597,0.7403
775366566338662400,0.0277,0.0164,0.439,0.5168,0.0052,0.9948,0.1701,0.8299
1019051198177947600,0.0033,0.0071,0.4407,0.5489,1e-4,0.9999,0.0036,0.9964
3233120748,0.2539,0.0471,0.3084,0.3906,0.9632,0.0368,0.3235,0.6765
828960763297493e3,0.0221,0.0538,0.3355,0.5887,0.0165,0.9835,0.0855,0.9145
613729131,0.0104,0.0059,0.2293,0.7543,0.9948,0.0052,0.705,0.295
761116753791361e3,0.0291,0.1255,0.6824,0.163,0.9885,0.0115,0.0681,0.9319
1292541654444974e3,0.0548,0.0617,0.3273,0.5563,0.9905,0.0095,0.0916,0.9084
257983463,0.1421,0.1028,0.3587,0.3964,0.7476,0.2524,0.3943,0.6057
236284649,0.0202,0.0242,0.4366,0.519,0.976,0.024,0.1137,0.8863
984908093799583700,0.0281,0.0211,0.1298,0.8211,0.126,0.874,0.4454,0.5546
1041016907686531100,0.1166,0.2431,0.4324,0.2079,0.8351,0.1649,0.0342,0.9658
1187455098034761700,0.4933,0.2461,0.1397,0.1209,0.4146,0.5854,0.1289,0.8711
111442299,0.0137,0.0119,0.1166,0.8578,0.9239,0.0761,0.8925,0.1075
1269757226433970200,0.1481,0.0964,0.5978,0.1577,0.0254,0.9746,0.0785,0.9215
449296876,0.0168,0.004,0.2099,0.7693,0.0341,0.9659,0.7607,0.2393
21601866,0.0047,0.0108,0.4143,0.5701,0.9957,0.0043,0.3608,0.6392
2489085240,0.0084,0.001,0.0366,0.9541,0.0022,0.9978,0.4521,0.5479
1003305976085303300,0.0584,0.162,0.4532,0.3264,0.9703,0.0297,0.0803,0.9197
2801736090,0.0057,0.0166,0.3628,0.6149,0.049,0.951,0.8307,0.1693
386956538,0.4242,0.1053,0.1174,0.3531,0.7862,0.2138,0.7517,0.2483
106175745,0.0102,0.0142,0.3819,0.5937,0.9901,0.0099,0.1841,0.8159
420061083,0.0036,0.0022,0.4555,0.5387,0.9993,7e-4,0.6067,0.3933
803813695,0.0229,0.0069,0.1569,0.8133,0.7783,0.2217,0.2164,0.7836
636540671,0.1017,0.2372,0.5142,0.1469,0.8913,0.1087,0.0345,0.9655
1106214481628184600,0.1176,0.1079,0.4678,0.3067,0.9421,0.0579,0.0591,0.9409
91499854,0.0072,0.0063,0.2234,0.7631,0.0893,0.9107,0.1748,0.8252
347528931,0.0126,0.0294,0.7042,0.2538,0.9887,0.0113,0.1783,0.8217
77670648,0.0324,0.0418,0.4505,0.4753,0.997,0.003,0.2641,0.7359
254227999,0.1915,0.0632,0.3354,0.4099,0.0309,0.9691,0.4525,0.5475
1598174204,0.0026,0.0161,0.5229,0.4584,0.97,0.03,0.1446,0.8554
191243427,0.0179,0.0402,0.6182,0.3237,0.0471,0.9529,0.2312,0.7688
1305874271604965400,0.0311,0.0141,0.103,0.8519,0.0292,0.9708,0.6892,0.3108
559235840,0.4019,0.3892,0.1723,0.0366,0.9878,0.0122,0.0372,0.9628
1294800540497350700,0.0634,0.0778,0.5363,0.3225,0.9265,0.0735,0.2537,0.7463
1263226188,0.1196,0.0942,0.1682,0.618,0.751,0.249,0.1786,0.8214
848894604749549600,0.023,0.0166,0.5021,0.4582,0.009,0.991,0.2024,0.7976
468523366,0.0677,0.0177,0.1776,0.7369,0.9074,0.0926,0.0997,0.9003
985507718,0.131,0.6906,0.1213,0.0571,0.8555,0.1445,0.0208,0.9792
39867254,0.0113,8e-4,0.0915,0.8964,0.9616,0.0384,0.916,0.084
1133881834322968600,0.0455,0.0224,0.2764,0.6557,0.9715,0.0285,0.6084,0.3916
1319499762,0.0461,0.263,0.5127,0.1781,0.9042,0.0958,0.0441,0.9559
800787600,7e-4,9e-4,0.0168,0.9817,0.9761,0.0239,0.1265,0.8735
333756943,0.0024,8e-4,0.1548,0.8421,0.9981,0.0019,0.5661,0.4339
1057799351894982700,0.0719,0.0186,0.3213,0.5883,0.4093,0.5907,0.7433,0.2567
168656065,0.384,0.4371,0.141,0.0379,0.4856,0.5144,0.0251,0.9749
1552020588,0.0127,0.0296,0.3976,0.5601,0.9746,0.0254,0.137,0.863
1037900316933382100,0.0033,0.0021,0.071,0.9236,0.9838,0.0162,0.6433,0.3567
706036914,0.1032,0.0841,0.4058,0.4069,0.052,0.948,0.2515,0.7485
1024424549792792600,0.0204,0.4694,0.421,0.0892,0.9203,0.0797,0.0179,0.9821
1245466253067681800,0.0974,0.0954,0.3261,0.481,0.0152,0.9848,0.8646,0.1354
748515756900556800,0.0567,0.0091,0.1213,0.8129,0.7041,0.2959,0.9743,0.0257
1239041695825748e3,0.0363,0.0509,0.2122,0.7007,0.0795,0.9205,0.2199,0.7801
1233933844216197e3,0.2396,0.0845,0.3912,0.2847,0.2112,0.7888,0.1314,0.8686
1229104786089422800,0.0062,0.0078,0.0989,0.8871,0.9478,0.0522,0.2894,0.7106
1061328630784184300,0.0831,0.2465,0.5368,0.1336,0.4659,0.5341,0.0396,0.9604
1286078807867371500,0.0041,0.0314,0.2045,0.7601,0.9999,1e-4,0.0011,0.9989
80952639,0.0286,0.0451,0.7094,0.2169,0.0806,0.9194,0.473,0.527
1243663732577677300,0.0282,0.2199,0.4861,0.2658,0.9263,0.0737,0.0223,0.9777
1196133331433394200,0.0093,0.0292,0.1801,0.7814,0.9582,0.0418,0.141,0.859
135507594,0.099,0.009,0.138,0.754,0.8673,0.1327,0.8351,0.1649
620925077,0.1173,0.073,0.393,0.4167,0.0643,0.9357,0.8506,0.1494
802261879854952400,0.0037,0.0045,0.5577,0.4341,0.9877,0.0123,0.322,0.678
865912827256512500,0.0765,0.1342,0.2018,0.5874,0.6195,0.3805,0.1058,0.8942
3105046843,0.0962,0.4096,0.3981,0.0962,0.9766,0.0234,0.0219,0.9781
858796928,0.0381,0.0686,0.685,0.2084,0.9998,2e-4,0.0042,0.9958
231096506,0.0429,0.0972,0.6853,0.1746,0.9894,0.0106,0.0466,0.9534
782906640,3e-4,0.0026,0.0156,0.9815,1e-4,0.9999,0.0012,0.9988
589832850,0.0091,0.0064,0.1524,0.8322,0.0167,0.9833,0.2671,0.7329
535746302,0.21560000000000001,0.3361,0.2196,0.2286,0.5873,0.4127,0.2879,0.7121
4738367540,0.0614,0.2033,0.7,0.0352,0.0718,0.9282,0.0124,0.9876
1162271005949038600,0.0124,0.0073,0.245,0.7353,0.017,0.983,0.3418,0.6582
785261966080217100,0.0221,0.0081,0.1328,0.837,0.9355,0.0645,0.5823,0.4177
798212686311985200,0.1941,0.0406,0.1152,0.65,0.696,0.304,0.5121,0.4879
95351116,0.0085,0.0104,0.7448,0.2364,0.0042,0.9958,0.0132,0.9868
125946845,4e-4,4e-4,0.0374,0.9618,0.9968,0.0032,0.1037,0.8963
732590070,0.002,9e-4,0.0391,0.958,0.7565,0.2435,0.445,0.555
1250431937321164800,0.2788,0.1155,0.1823,0.4234,0.7318,0.2682,0.8593,0.1407
597583519,0.0068,0.112,0.7977,0.0835,0.0275,0.9725,0.0377,0.9623
18840206,0.0322,0.0832,0.7585,0.1261,0.9926,0.0074,0.1061,0.8939
375720051,0.0045,0.0139,0.5575,0.4241,0.9984,0.0016,0.3423,0.6577
2196758628,3e-4,0.0012,0.953,0.0455,0.9974,0.0026,0.19,0.81
22855346,0.0056,0.0353,0.1353,0.8238,0,1,0.0012,0.9988
17694503,0.3874,0.0797,0.1458,0.3871,0.9037,0.0963,0.4621,0.5379
798351157001388e3,0.3675,0.077,0.1172,0.4383,0.608,0.392,0.9601,0.0399
84208940,0.0333,0.0934,0.3954,0.4779,0.8344,0.1656,0.3474,0.6526
1155827885514657800,0.2971,0.166,0.3789,0.158,0.4283,0.5717,0.085,0.915
738070052990275600,0.0134,0.0089,0.256,0.7217,0.0073,0.9927,0.0794,0.9206
1324084519314620400,0.0744,0.0162,0.2055,0.7038,0.5622,0.4378,0.7256,0.2744
1083392389753028600,0.0315,0.0159,0.1621,0.7904,0.8748,0.1252,0.1453,0.8547
1500542882,0.2669,0.0644,0.3946,0.2742,0.9495,0.0505,0.137,0.863
970624431621013500,0.155,0.3524,0.3611,0.1315,0.9192,0.0808,0.2142,0.7858
2261000927,0.4263,0.2447,0.2192,0.1099,0.2628,0.7372,0.1468,0.8532
264399170,0.0133,0.0787,0.8152,0.0928,0.9982,0.0018,0.0411,0.9589
904353453933301800,0.0461,0.004,0.1097,0.8401,0.882,0.118,0.9413,0.0587
71349869,0.0081,0.004,0.095,0.8928,0.2366,0.7634,0.4947,0.5053
2638157677,0.0243,0.0106,0.251,0.7142,0.0407,0.9593,0.2006,0.7994
3079115211,0.4196,0.1633,0.2364,0.1807,0.8859,0.1141,0.5731,0.4269
702033150176841700,0.2911,0.1349,0.3187,0.2553,0.9775,0.0225,0.1874,0.8126
1294822390694842400,0.2287,0.2767,0.3643,0.1304,0.1877,0.8123,0.0518,0.9482
49258789,0.07,0.0485,0.1298,0.7516,0.1283,0.8717,0.7236,0.2764
16666108,0.0257,0.0184,0.2826,0.6733,0.0077,0.9923,0.2871,0.7129
818296185194561500,2e-4,1e-4,0.014,0.9857,0.0058,0.9942,0.5155,0.4845
46265267,0.2115,0.6027,0.1596,0.0262,0.0824,0.9176,0.0073,0.9927
786230298,0.1342,0.0287,0.066,0.7711,0.7572,0.2428,0.9055,0.0945
825387174950486e3,0.1588,0.0218,0.2269,0.5925,0.8101,0.1899,0.9506,0.0494
707509885,0.0231,0.1498,0.0399,0.7872,0.0064,0.9936,6e-4,0.9994
23615794,0.0317,0.0055,0.3338,0.629,0.378,0.622,0.9786,0.0214
1252821199907766300,0.0156,0.0041,0.2566,0.7237,0.0756,0.9244,0.8911,0.1089
254803029,0.053900000000000003,0.0416,0.0951,0.8094,0.9585,0.0415,0.1208,0.8792
1038866467,0.0773,0.0684,0.4334,0.4208,0.8887,0.1113,0.664,0.336
722840111780470800,0.7247,0.0829,0.0733,0.1192,0.8852,0.1148,0.5476,0.4524
2335720549,0.0029,0.0135,0.5969,0.3867,0.9913,0.0087,0.2176,0.7824
208576702,0.0089,0.0073,0.1066,0.8772,0.0477,0.9523,0.5547,0.4453
3301022112,0.0204,0.0052,0.1195,0.855,0.9741,0.0259,0.5989,0.4011
909592152593768400,0.0326,0.0737,0.2301,0.6637,0.9831,0.0169,0.2509,0.7491
949108783254515700,0.0604,0.7015,0.2356,0.0025,0.0395,0.9605,0.0012,0.9988
1100077425956925400,0.5368,0.2425,0.1521,0.0687,0.9888,0.0112,0.2504,0.7496
960189392580235300,0.0209,0.0127,0.2147,0.7517,0.9262,0.0738,0.8579,0.1421
1300470703632920600,0.135,0.4531,0.3508,0.0611,0.4212,0.5788,0.0142,0.9858
1261809728218435600,0.1777,0.267,0.4496,0.1057,0.3482,0.6518,0.1136,0.8864
763878152107987e3,0.0511,0.0258,0.3122,0.6109,0.0137,0.9863,0.5775,0.4225
2893370711,0.0212,0.0199,0.1292,0.8297,0.8263,0.1737,0.9518,0.0482
961667422582394900,0.0126,0.1842,0.666,0.1373,0.9884,0.0116,0.057,0.943
1048406090092671e3,0.0062,0.0015,0.0928,0.8995,0.0103,0.9897,0.1583,0.8417
2440009922,0.0057,0.0039,0.3815,0.6089,0.0142,0.9858,0.1675,0.8325
104940969,0.0133,0.0211,0.4368,0.5287,0.313,0.687,0.1267,0.8733
2558169413,0.0655,0.1886,0.5998,0.1461,0.8963,0.1037,0.0509,0.9491
2990624796,0.0031,0.0051,0.1386,0.8532,0.9956,0.0044,0.1714,0.8286
2766803427,0.0045,0.005,0.144,0.8465,0.0084,0.9916,0.444,0.556
21151367,0.0418,0.0245,0.3308,0.6028,0.1021,0.8979,0.1898,0.8102
884950836,0.0126,0.0297,0.3848,0.5729,0.0144,0.9856,0.3275,0.6725
94818581,0.0418,0.0222,0.1765,0.7596,0.8,0.2,0.8707,0.1293
806967979644567600,0.4651,0.0192,0.1102,0.4056,0.6621,0.3379,0.6747,0.3253
192680100,0.0522,0.0867,0.5898,0.2712,0.8285,0.1715,0.1927,0.8073
601535938,0.0015,0.0104,0.9476,0.0406,1,0,6e-4,0.9994
27303015,1e-4,0,0.0057,0.9942,0.9961,0.0039,0.8815,0.1185
45228692,0.0108,0.0763,0.5356,0.3773,0.0021,0.9979,0.0292,0.9708
2397043286,0.2926,0.2548,0.3431,0.1095,0.8036,0.1964,0.2215,0.7785
465432597,0.016,0.0799,0.7381,0.166,0.9508,0.0492,0.2312,0.7688
382164523,0.1602,0.1273,0.3247,0.3878,0.7745,0.2255,0.3854,0.6146
4064337137,0.0895,0.0658,0.2149,0.6298,0.1093,0.8907,0.2159,0.7841
705487721842798600,0.0133,0.0525,0.5882,0.3461,0.9833,0.0167,0.1126,0.8874
759279244832862200,0.0329,0.0399,0.4572,0.47,0.093,0.907,0.1271,0.8729
143490747,0.0746,0.0165,0.1134,0.7956,0.5927,0.4073,0.3795,0.6205
1132402733045100500,0.2261,0.4604,0.241,0.0724,0.0352,0.9648,0.0285,0.9715
1056600959370100700,0.3894,0.0293,0.0418,0.5395,0.9733,0.0267,0.01,0.99
1120373992483745800,0.0342,0.0092,0.2166,0.7401,0.0055,0.9945,0.0508,0.9492
536253121,0.0235,0.0111,0.172,0.7933,0.3444,0.6556,0.1458,0.8542
4132841,0.0012,0.001,0.0955,0.9022,0.9797,0.0203,0.1577,0.8423
345299892,0.0119,0.0055,0.0414,0.9412,0.2471,0.7529,0.4551,0.5449
563039484,0.0116,0.0266,0.4661,0.4958,0.1642,0.8358,0.1628,0.8372
895385166,0.0327,0.0082,0.2034,0.7557,0.5525,0.4475,0.8357,0.1643
2427302562,0.0213,0.2657,0.6115,0.1015,0.0041,0.9959,0.0027,0.9973
301461109,0.2247,0.124,0.4337,0.2176,0.8696,0.1304,0.3226,0.6774
279842758,0.0209,0.0165,0.3755,0.5871,0.9938,0.0062,0.2286,0.7714
2808922709,0.1013,0.0277,0.1822,0.6889,0.0228,0.9772,0.3929,0.6071
3941880252,0.0137,0.0014,0.0435,0.9414,0.8092,0.1908,0.8146,0.1854
3390430289,0.0793,0.1204,0.5433,0.257,0.0111,0.9889,0.6143,0.3857
484410560,0.0316,0.116,0.0838,0.7686,9e-4,0.9991,0.0013,0.9987
24642272,0.0112,0.0302,0.6267,0.3319,0.9626,0.0374,0.1674,0.8326
1179331,0.0011,0.0023,0.1693,0.8273,0.9949,0.0051,0.1363,0.8637
794226697,0.0037,0.1738,0.561,0.2615,0.7801,0.2199,0.1223,0.8777
360406171,0.0043,9e-4,0.0316,0.9632,0.0147,0.9853,0.1834,0.8166
936769356,0.0715,0.1294,0.564,0.235,0.0286,0.9714,0.135,0.865
768666112795959300,0.0847,0.3339,0.3494,0.232,0.9197,0.0803,0.1038,0.8962
38297159,0.013,0.0155,0.1645,0.8069,0.9961,0.0039,0.3,0.7
972572094612435e3,0.2069,0.0192,0.165,0.6089,0.7055,0.2945,0.9819,0.0181
86409646,0.2598,0.1198,0.4041,0.2164,0.9941,0.0059,0.1706,0.8294
627708347,0.719,0.2107,0.0523,0.018,0.9406,0.0594,0.1344,0.8656
288575706,0.0118,0.0363,0.0924,0.8595,0.7639,0.2361,0.0371,0.9629
25519387,0.3478,0.2861,0.2966,0.0695,0.1899,0.8101,0.0526,0.9474
233514244,5e-4,3e-4,0.1093,0.8899,0.9997,3e-4,0.4869,0.5131
3603476537,0.1038,0.0836,0.1664,0.6461,0.756,0.244,0.7786,0.2214
1255100631695712300,0.0132,0.0246,0.1083,0.8539,0.905,0.095,0.2905,0.7095
1523493061,0.0014,6e-4,0.0212,0.9769,0.9532,0.0468,0.6003,0.3997
1286775658442625e3,0.0215,0.0054,0.04,0.9331,0.9509,0.0491,0.7011,0.2989
702960756405493800,0.0413,0.029,0.4066,0.5231,0.9897,0.0103,0.5162,0.4838
311691936,0.0988,0.0084,0.1158,0.7771,0.1784,0.8216,0.282,0.718
3191520600,0.0022,0.0014,0.0695,0.9269,0.0031,0.9969,0.1463,0.8537
28453911,0.011,0.017,0.3914,0.5806,0.0181,0.9819,0.1606,0.8394
994699845112709100,0.0073,0.1082,0.6519,0.2326,0.0086,0.9914,0.0681,0.9319
97586706,0.0043,0.0277,0.6687,0.2992,0.0128,0.9872,0.0362,0.9638
708556971784474600,2e-4,3e-4,6e-4,0.9989,0.9427,0.0573,0.4886,0.5114
1492323230,0.6213,0.2527,0.0658,0.0601,0.6488,0.3512,0.0797,0.9203
3257082997,0.1881,0.0806,0.0899,0.6413,0.7032,0.2968,0.8088,0.1912
789955591984652300,0.024,0.0739,0.2692,0.6329,0.9999,1e-4,9e-4,0.9991
1218190419781136400,0.0039,0.063,0.8075,0.1256,0.9973,0.0027,0.0328,0.9672
2593370486,0.0236,0.0376,0.0738,0.865,0.6946,0.3054,0.8477,0.1523
478157338,3e-4,3e-4,0.0992,0.9002,0.9985,0.0015,0.2311,0.7689
1111099575010582500,0.0033,0.0607,0.7234,0.2125,0.9904,0.0096,0.0557,0.9443
50422413,0.2602,0.6233,0.0545,0.062,0.4055,0.5945,0.02,0.98
136855521,0.6897,0.2594,0.0394,0.0115,0.7277,0.2723,0.0065,0.9935
1153993507620708400,0.0052,0.0773,0.6352,0.2822,0.9968,0.0032,0.0237,0.9763
554888488,0.0082,0.0169,0.4803,0.4946,0.9902,0.0098,0.1555,0.8445
48223047,0.0242,0.0425,0.4154,0.5179,0.0372,0.9628,0.775,0.225
22154259,0,3e-4,0.0144,0.9854,0.9994,6e-4,0.1086,0.8914
1299382439073255400,0.0224,7e-4,0.0195,0.9573,0.8787,0.1213,0.5814,0.4186
726224642378108900,6e-4,9e-4,0.0744,0.9241,0.9883,0.0117,0.2606,0.7394
128360486,0.0444,0.0104,0.1135,0.8317,0.8289,0.1711,0.7811,0.2189
991733543427592200,0.0704,0.117,0.388,0.4247,0.1692,0.8308,0.1689,0.8311
26917457,0.0843,0.0374,0.1668,0.7115,0.9749,0.0251,0.4264,0.5736
2717369235,0.0318,0.1147,0.8004,0.053,0.0075,0.9925,0.0415,0.9585
710272880622354400,0.3424,0.1183,0.3,0.2394,0.6476,0.3524,0.5134,0.4866
2553765414,0.0028,0.0042,0.1265,0.8665,0.995,0.005,0.1548,0.8452
449274200,0.0224,0.0477,0.4635,0.4663,0.9897,0.0103,0.1109,0.8891
804560202,0.0111,0.0051,0.13,0.8538,0.9662,0.0338,0.3121,0.6879
27697345,0.2168,0.2553,0.3734,0.1545,0.3254,0.6746,0.133,0.867
1184972408144441300,4e-4,0.0024,0.1277,0.8694,0.0011,0.9989,0.0673,0.9327
308279712,0.0111,0.004,0.2786,0.7063,0.0957,0.9043,0.6286,0.3714
759145219346591700,0.1411,0.1494,0.6553,0.0541,0.0227,0.9773,0.0106,0.9894
333211931,0.0144,0.0094,0.4233,0.553,0.9869,0.0131,0.3214,0.6786
464189079,0.0686,0.0127,0.3711,0.5477,0.9733,0.0267,0.7897,0.2103
864323893225455600,0.1381,0.0085,0.1685,0.685,0.8251,0.1749,0.9265,0.0735
881574854180446200,0.0157,0.0053,0.0956,0.8833,0.955,0.045,0.2653,0.7347
400383768,2e-4,0.0012,0.0864,0.9123,0.9967,0.0033,0.4122,0.5878
191294208,0.0636,0.0264,0.1605,0.7495,0.6625,0.3375,0.7418,0.2582
1242570283568922600,0.0042,0.0241,0.2186,0.753,0.9933,0.0067,0.2763,0.7237
831287065643855900,0.0194,0.021,0.1718,0.7878,5e-4,0.9995,0.0057,0.9943
1241394183807647700,0.0699,0.0605,0.7527,0.1169,0.0187,0.9813,0.0272,0.9728
4699154862,8e-4,8e-4,0.067,0.9314,0.012,0.988,0.4161,0.5839
978719743786991600,0.1742,0.0656,0.3557,0.4045,0.927,0.073,0.2164,0.7836
1180514694,0.0054,0.0537,0.7153,0.2256,0.9998,2e-4,0.0017,0.9983
1195464474469253e3,0.0043,0.011,0.1986,0.7861,0.9996,4e-4,0.0049,0.9951
3240325433,0.0966,0.0591,0.434,0.4103,0.8498,0.1502,0.6531,0.3469
7072142,0.0118,0.0325,0.5393,0.4164,0.997,0.003,0.1209,0.8791
708116652320116700,0.0137,0.0101,0.1216,0.8546,0.9324,0.0676,0.5949,0.4051
286760522,0.0482,0.0749,0.7114,0.1655,0.0146,0.9854,0.3957,0.6043
913435732164956200,0.0346,0.0751,0.5932,0.2971,0.5651,0.4349,0.2448,0.7552
1136656067654557700,0.0101,0.0049,0.2113,0.7737,0.9939,0.0061,0.8798,0.1202
1108808100889399300,0.3657,0.0952,0.162,0.3771,0.1269,0.8731,0.2695,0.7305
2567949599,0.0076,0.0036,0.0917,0.8972,0.9835,0.0165,0.9138,0.0862
1013822643949260800,0.2653,0.0887,0.3158,0.3301,0.6381,0.3619,0.7073,0.2927
1303179728031854600,0.0357,0.0074,0.1349,0.822,0.9927,0.0073,0.4231,0.5769
4842923147,0.005,0.007,0.3056,0.6824,0.0015,0.9985,0.1017,0.8983
550258666,0.0067,0.0162,0.2674,0.7096,0.5925,0.4075,0.2525,0.7475
104028709,0.0313,0.0955,0.5951,0.278,0.0121,0.9879,0.1007,0.8993
1145155022835073e3,0.0207,0.0205,0.3361,0.6226,0.9693,0.0307,0.1845,0.8155
328730104,0.0181,0.0024,0.0673,0.9121,0.0032,0.9968,0.096,0.904
1.0479797053187441e+18,0.0791,0.0811,0.0814,0.7584,0.9818,0.0182,0.4984,0.5016
984287548674486300,0.0118,0.0257,0.2102,0.7523,0.9638,0.0362,0.3652,0.6348
100825780,0.0015,0.0053,0.1114,0.8818,0.056,0.944,0.1099,0.8901
408104133,0.1697,0.0297,0.0972,0.7035,0.9193,0.0807,0.9602,0.0398
856945495280898e3,0.0153,0.0077,0.4006,0.5764,0.9863,0.0137,0.3447,0.6553
240505853,0.1665,0.1692,0.3325,0.3318,0.9518,0.0482,0.2199,0.7801
11619694013626e5,0.2186,0.062,0.2844,0.435,0.8714,0.1286,0.2292,0.7708
265579989,0.0254,0.2339,0.6145,0.1262,0.9727,0.0273,0.0397,0.9603
728424524509630500,0.6696,0.2395,0.0543,0.0365,0.474,0.526,0.0253,0.9747
2973566955,0.0038,0.0076,0.1614,0.8273,0.1591,0.8409,0.1262,0.8738
18907179,0.0012,0.005,0.1633,0.8305,0.9588,0.0412,0.1913,0.8087
248105861,0.0294,0.0496,0.9176,0.0034,0.0012,0.9988,1e-4,0.9999
19220918,0.0131,0.2795,0.5457,0.1617,0.039,0.961,0.0625,0.9375
1169404027794116600,0.0065,0.0074,0.181,0.8052,0.9949,0.0051,0.2157,0.7843
65540587,0.0019,3e-4,0.0431,0.9547,0.9714,0.0286,0.4923,0.5077
960968982030356500,0.0816,0.0241,0.3785,0.5159,0.4622,0.5378,0.3755,0.6245
1345758930,0.164,0.5089,0.2963,0.0307,0.0438,0.9562,0.0032,0.9968
17354047,0.0025,0.0314,0.7329,0.2332,0.9836,0.0164,0.0577,0.9423
1155489242501582800,0.0039,0.0104,0.0391,0.9466,0.936,0.064,0.0952,0.9048
34637312,0.0213,0.0064,0.1204,0.8518,0.6722,0.3278,0.6128,0.3872
595089669,0.093,0.0843,0.3165,0.5062,0.4458,0.5542,0.6917,0.3083
871569210161365e3,0.0094,0.0219,0.2919,0.6768,0.9861,0.0139,0.21,0.79
2483118960,0.1918,0.0952,0.2498,0.4632,0.6882,0.3118,0.4418,0.5582
73801254,0.113,0.1298,0.2665,0.4907,0.9192,0.0808,0.1683,0.8317
2997417656,0.0016,3e-4,0.0173,0.9809,0.9757,0.0243,0.5402,0.4598
947865072914915300,0.4904,0.1992,0.2061,0.1043,0.8127,0.1873,0.2306,0.7694
32146244,0.032,0.2367,0.6433,0.088,0.0071,0.9929,0.2263,0.7737
1314647487551025200,0.6613,0.2197,0.0794,0.0395,0.3099,0.6901,0.0973,0.9027
924901541676552200,0.222,0.0714,0.4217,0.2849,0.7247,0.2753,0.6778,0.3222
21283587,0.0018,0.0045,0.053900000000000003,0.9398,0.9901,0.0099,0.7437,0.2563
1004747766759735300,0.4128,0.1974,0.2573,0.1325,0.5214,0.4786,0.415,0.585
726996253897162800,0.004,0.0333,0.2693,0.6934,0.0107,0.9893,0.0534,0.9466
28011494,0.0065,0.0196,0.5489,0.4251,0.0353,0.9647,0.1705,0.8295
1102799059570561e3,0.0344,0.0074,0.1113,0.8469,0.2684,0.7316,0.5994,0.4006
461506323,0.0021,0.0155,0.0828,0.8997,0.9853,0.0147,0.1245,0.8755
15543780,0.0102,0.0023,0.0646,0.9229,0.9578,0.0422,0.7268,0.2732
1282836076156067800,0.004,5e-4,0.0273,0.9682,0.9815,0.0185,0.3769,0.6231
28414469,0.109,0.1398,0.2176,0.5336,0.0344,0.9656,0.0713,0.9287
1323430368058421200,0.0024,0.0014,0.1194,0.8768,0.9999,1e-4,0.0462,0.9538
3083319637,0.0534,0.0191,0.2223,0.7051,0.1617,0.8383,0.6332,0.3668
82636302,0.1303,0.0315,0.1561,0.6822,0.5418,0.4582,0.8724,0.1276
1832074010,0.1166,0.0673,0.4315,0.3845,0.9931,0.0069,0.1061,0.8939
1293438525606473700,0.1397,0.0992,0.1553,0.6058,0.9573,0.0427,0.235,0.765
8.2400699457091994e+17,0.0033,0.0066,0.2396,0.7505,0.0699,0.9301,0.1431,0.8569
3308323093,0.0041,9e-4,0.0208,0.9741,0.4946,0.5054,0.7433,0.2567
909558309027553300,0.0827,0.0242,0.2018,0.6913,0.7262,0.2738,0.4329,0.5671
2873973494,0.0634,0.0032,0.1984,0.7351,0.1165,0.8835,0.5758,0.4242
1177209782412959700,0.0239,0.0025,0.1212,0.8524,0.9299,0.0701,0.9679,0.0321
909519714,0.0065,0.1094,0.6975,0.1866,0.9858,0.0142,0.2416,0.7584
883023758856007700,0.0021,0.0096,0.1658,0.8225,0.0191,0.9809,0.5147,0.4853
2309160228,3e-4,3e-4,0.0532,0.9462,0.9988,0.0012,0.6592,0.3408
1065016363805278200,0.0156,0.0571,0.683,0.2443,0.9085,0.0915,0.2958,0.7042
2290148144,0.0012,0.004,0.0809,0.9139,0.0067,0.9933,0.7213,0.2787
312428927,5e-4,3e-4,0.0297,0.9696,0.9867,0.0133,0.335,0.665
761784563701997600,0.5775,0.2542,0.1322,0.0361,0.6083,0.3917,0.209,0.791
16601553,0.154,0.0511,0.2039,0.591,0.9054,0.0946,0.8511,0.1489
406552897,0.1039,0.5271,0.3639,0.0051,0.097,0.903,0.0062,0.9938
816817272597704700,0.0742,0.0337,0.0909,0.8012,0.9269,0.0731,0.8141,0.1859
1207090889346076700,0.1154,0.0163,0.1165,0.7519,0.6451,0.3549,0.8682,0.1318
47680298,0.0113,0.0133,0.546,0.4294,0.9692,0.0308,0.2507,0.7493
25386925,0.0155,0.0381,0.2794,0.667,0.0159,0.9841,0.2863,0.7137
66649601,0.008,0.0036,0.0647,0.9237,0.0178,0.9822,0.6947,0.3053
18153048,0.0042,0.029,0.4619,0.5049,0.0013,0.9987,0.0113,0.9887
938227747,0.0453,0.0425,0.6522,0.26,0.0127,0.9873,0.066,0.934
818876539202891800,0.0165,0.0179,0.2387,0.7268,0.0599,0.9401,0.5291,0.4709
21095543,0.0019,0.0187,0.594,0.3854,0.5705,0.4295,0.1884,0.8116
1390413780,0.5095,0.0371,0.2064,0.247,0.8888,0.1112,0.538,0.462
817652,0.2559,0.0325,0.1939,0.5178,0.8247,0.1753,0.8739,0.1261
1298781983984750600,0.3853,0.1481,0.1761,0.2905,0.6362,0.3638,0.677,0.323
387545806,0.2839,0.0971,0.1902,0.4288,0.8165,0.1835,0.2861,0.7139
976887374666809300,0.4251,0.0943,0.2485,0.2321,0.0878,0.9122,0.3579,0.6421
1009215580161871900,0.0595,0.1157,0.2519,0.5729,0.5386,0.4614,0.1177,0.8823
29995128,0.0075,0.0447,0.6646,0.2832,0.9924,0.0076,0.1219,0.8781
827233789483040800,0.0388,0.0454,0.5016,0.4143,0.031,0.969,0.0358,0.9642
1259049482,0.0028,0.023,0.6251,0.3491,0.9143,0.0857,0.5237,0.4763
65207311,0.0111,9e-4,0.0476,0.9404,0.9005,0.0995,0.6381,0.3619
500205853,0.0595,0.1387,0.1627,0.6391,0.9774,0.0226,0.1849,0.8151
1705299246,0.5539,0.0411,0.3045,0.1006,0.9568,0.0432,0.6708,0.3292
1320140739586805800,0.5899,0.2832,0.0825,0.0444,0.5101,0.4899,0.0854,0.9146
2596697882,0.1221,0.2146,0.4207,0.2426,0.8288,0.1712,0.1628,0.8372
1116534615987163100,0.0052,0.0131,0.9711,0.0106,8e-4,0.9992,0.001,0.999
172387717,0.5737,0.1845,0.1301,0.1117,0.8257,0.1743,0.5505,0.4495
33384077,0.0223,0.0047,0.1767,0.7962,0.7247,0.2753,0.8596,0.1404
24105698,0.0339,0.0067,0.2186,0.7409,0.9571,0.0429,0.646,0.354
1302831298298499e3,0.0147,0.0405,0.4568,0.4881,0.0307,0.9693,0.3203,0.6797
947181984660328400,0.0023,5e-4,0.024,0.9731,0.326,0.674,0.606,0.394
415698249,0.104,0.065,0.705,0.126,0.1358,0.8642,0.1469,0.8531
1965662844,7e-4,3e-4,0.0384,0.9607,0.9947,0.0053,0.1146,0.8854
1273316333518819300,0.1661,0.111,0.1754,0.5475,0.8925,0.1075,0.4984,0.5016
530028921,0.1036,0.0642,0.6156,0.2166,0.2044,0.7956,0.3142,0.6858
25650836,0.0471,0.0299,0.3901,0.5329,0.9806,0.0194,0.5008,0.4992
1314022164438429700,0.0156,0.1903,0.5764,0.2177,0.03,0.97,0.019,0.981
954596279572619300,0.0076,0.0011,0.072,0.9193,0.0881,0.9119,0.6763,0.3237
772934961766608900,0.0066,0.0168,0.3146,0.662,0.0149,0.9851,0.1338,0.8662
807997086,0.06,0.0337,0.3362,0.5701,0.9261,0.0739,0.2502,0.7498
3308783536,0.0082,0.0037,0.0983,0.8898,0.9909,0.0091,0.3123,0.6877
1139972729095032800,0.028,0.0574,0.5866,0.3279,0.8923,0.1077,0.4805,0.5195
2853324261,0.0019,0.0018,0.1503,0.846,0.9987,0.0013,0.5448,0.4552
797811944652701700,0.0387,0.0393,0.3011,0.6209,0.5743,0.4257,0.9753,0.0247
237522887,0.1184,0.0196,0.2641,0.5979,0.0508,0.9492,0.2011,0.7989
1299605774923182e3,0.0242,0.015,0.3552,0.6056,0.9349,0.0651,0.3428,0.6572
940371938173648900,0.0099,0.0063,0.125,0.8589,0.9884,0.0116,0.3234,0.6766
3254387593,0.0695,0.1497,0.5634,0.2173,0.9791,0.0209,0.3544,0.6456
44073404,0.0182,0.5238,0.3988,0.0592,0.0133,0.9867,0.0194,0.9806
3351572529,0.0043,0.0021,0.717,0.2766,0.128,0.872,0.244,0.756
245515968,0.0392,0.066,0.602,0.2928,0.7781,0.2219,0.2307,0.7693
1534719073,0.1964,0.2182,0.4381,0.1473,0.0728,0.9272,0.0247,0.9753
611350965,0.006,0.003,0.0656,0.9254,0.9878,0.0122,0.275,0.725
4850899749,0.0916,0.0179,0.5761,0.3144,0.0019,0.9981,0.3499,0.6501
45150815,0.0018,9e-4,0.0514,0.9459,0.9994,6e-4,0.0505,0.9495
96855443,0.0188,0.0646,0.5749,0.3417,0.9966,0.0034,0.1529,0.8471
1231035736800907300,0.6756,0.1296,0.1502,0.0445,0.8824,0.1176,0.1827,0.8173
34503401,0.1165,0.0456,0.3819,0.456,0.8505,0.1495,0.3517,0.6483
12186142,0.0038,0.0158,0.2373,0.7431,0.9985,0.0015,0.0509,0.9491
2432406973,0.0111,0.007,0.3236,0.6583,0.9981,0.0019,0.3683,0.6317
31481162,0.0534,0.0968,0.3792,0.4706,0.7992,0.2008,0.1352,0.8648
822676787574362100,0.1189,0.3358,0.3289,0.2164,0.4334,0.5666,0.0561,0.9439
326165355,0.0092,0.8461,0.1424,0.0023,0.0514,0.9486,6e-4,0.9994
110614727412258e4,0.0318,0.1431,0.5335,0.2916,0.4773,0.5227,0.0915,0.9085
115705376,0.1528,0.1041,0.2056,0.5376,0.6275,0.3725,0.4764,0.5236
955177491861295100,2e-4,0,0.0046,0.9952,0.9967,0.0033,0.1455,0.8545
32732803,0.1607,0.272,0.4074,0.1599,0.7217,0.2783,0.0106,0.9894
726245667862093800,0.2439,0.3704,0.2777,0.108,0.2427,0.7573,0.1146,0.8854
894360043184959500,0.1442,0.078,0.2657,0.5122,0.228,0.772,0.0655,0.9345
1237837522929102800,0.2271,0.1319,0.4693,0.1718,0.9375,0.0625,0.3765,0.6235
4159511788,0.494,0.0508,0.125,0.3303,0.4878,0.5122,0.6526,0.3474
2765306477,0.0568,0.1066,0.6754,0.1612,0.0959,0.9041,0.1209,0.8791
1139020307589738500,0.0679,0.1082,0.6469,0.1769,0.0254,0.9746,0.0577,0.9423
50317343,0.027,0.0299,0.2157,0.7274,0.5333,0.4667,0.1806,0.8194
190762684,0.0292,0.0061,0.5128,0.4519,0.0097,0.9903,0.7185,0.2815
797219666,0.0271,0.0078,0.0638,0.9014,0.0319,0.9681,0.1267,0.8733
76464639582754e4,0.0612,0.0095,0.1353,0.794,0.8217,0.1783,0.8129,0.1871
2484687302,0.0253,0.0094,0.1375,0.8278,0.9951,0.0049,0.6945,0.3055
1268999268196585500,0.0032,0.0019,0.052,0.9429,0.9349,0.0651,0.2014,0.7986
3435940588,0.0289,0.0184,0.3328,0.6199,0.9968,0.0032,0.6462,0.3538
249909340,0.0023,0.0039,0.0977,0.8961,0.0435,0.9565,0.8145,0.1855
52958962,0.0049,0.005,0.0842,0.9059,0.9627,0.0373,0.2965,0.7035
778258438925279200,0.081,0.0783,0.3849,0.4559,0.8348,0.1652,0.7424,0.2576
1250417359715799e3,0.0161,0.0667,0.4042,0.513,0.0251,0.9749,0.1701,0.8299
19418255,0.2211,0.0767,0.1224,0.5799,0.3425,0.6575,0.194,0.806
3063797718,0.3232,0.1024,0.3731,0.2013,0.9889,0.0111,0.3734,0.6266
41358911,0.062,0.0708,0.637,0.2302,0.9724,0.0276,0.4596,0.5404
3232837242,0.0284,0.0272,0.3536,0.5908,0.9967,0.0033,0.8058,0.1942
3418880782,0.0229,0.0225,0.3936,0.561,0.0226,0.9774,0.2638,0.7362
865227092727935e3,0.0112,0.0077,0.0686,0.9125,0.7608,0.2392,0.9055,0.0945
946866844132143100,0.0138,0.0133,0.2886,0.6843,0.9972,0.0028,0.5197,0.4803
628478237,0.001,6e-4,0.0223,0.9761,0.9943,0.0057,0.3623,0.6377
1297233886687006700,0.0114,0.0052,0.3493,0.6341,0.0014,0.9986,0.1156,0.8844
1252356109299400700,0.0143,0.0047,0.1253,0.8557,0.8639,0.1361,0.9449,0.0551
2361439975,0.0671,0.0873,0.4638,0.3818,0.2229,0.7771,0.2648,0.7352
17909628,0.0942,0.6006,0.2096,0.0956,0.0356,0.9644,0.0145,0.9855
838113468339236900,0.0018,0.0043,0.2016,0.7923,0.0115,0.9885,0.1194,0.8806
3433271854,0.0042,0.0019,0.0339,0.96,0.05,0.95,0.699,0.301
761796509411053600,0.0016,0.0026,0.468,0.5279,0.9999,1e-4,0.0573,0.9427
38014617,0.0476,0.149,0.1457,0.6577,0.9458,0.0542,0.264,0.736
1139913162,3e-4,1e-4,0.0077,0.9919,0.9989,0.0011,0.1697,0.8303
1102054685106753500,0.0041,0.0026,0.8482,0.1452,0.8908,0.1092,0.5838,0.4162
50049805,0.0198,0.0235,0.7805,0.1762,0.0087,0.9913,0.136,0.864
189401362,0.0151,0.0117,0.464,0.5093,0.3191,0.6809,0.269,0.731
792177705831858200,0.0023,0.0046,0.3358,0.6573,0.0041,0.9959,0.0444,0.9556
705577366253236200,0.1116,0.0173,0.0809,0.7902,0.9437,0.0563,0.9551,0.0449
1251950224462864400,0.0268,0.0139,0.1945,0.7648,0.6236,0.3764,0.2397,0.7603
14166805,0.0155,0.0062,0.0885,0.8898,0.9729,0.0271,0.5968,0.4032
229317558,0.1325,0.1662,0.3109,0.3903,0.6082,0.3918,0.155,0.845
2464531234,0.0084,0.0277,0.8283,0.1355,0.0017,0.9983,0.0071,0.9929
1308059854620123100,0.0261,0.0333,0.4647,0.4759,0.9652,0.0348,0.2195,0.7805
122409033,0.046,0.0624,0.106,0.7856,0.7967,0.2033,0.3582,0.6418
848783133201776600,0.0036,0.0011,0.0562,0.939,0.028,0.972,0.371,0.629
372882140,0.1383,0.0072,0.0897,0.7649,0.8056,0.1944,0.9924,0.0076
4810052236,0.0018,0.0012,0.1297,0.8674,0.0783,0.9217,0.1901,0.8099
1385274848,0.0127,0.0042,0.1461,0.8369,0.9901,0.0099,0.4677,0.5323
1550874403,0.012,0.2257,0.6212,0.1411,0.0201,0.9799,0.0225,0.9775
284716581,0.018,0.0382,0.4938,0.4499,0.0089,0.9911,0.0728,0.9272
883853167,3e-4,0.002,0.0056,0.992,1,0,2e-4,0.9998
3760858937,0.0052,0.0015,0.0687,0.9245,0.0133,0.9867,0.4681,0.5319
450967940,0.0942,0.0606,0.181,0.6641,0.8032,0.1968,0.753,0.247
4837649506,0.0173,0.0101,0.3399,0.6327,0.0128,0.9872,0.4318,0.5682
1177598937391407e3,4e-4,0.3314,0.4571,0.2111,0.1469,0.8531,0.0115,0.9885
424045534,0.6027,0.3009,0.0486,0.0479,0.1106,0.8894,0.2341,0.7659
20281328,0.0107,0.292,0.5226,0.1747,0.012,0.988,0.0728,0.9272
161452409,0.0748,0.0203,0.3133,0.5917,0.3741,0.6259,0.3493,0.6507
25021862,0.0045,0.0347,0.7146,0.2462,0.009,0.991,0.0243,0.9757
988595098542903300,0.0783,0.0443,0.7529,0.1245,0.0617,0.9383,0.4201,0.5799
454090001,0.4401,0.2379,0.2289,0.0932,0.6362,0.3638,0.1698,0.8302
1087302127452647400,0.0015,0.0027,0.179,0.8167,0.9984,0.0016,0.1091,0.8909
925885164332367900,0.6058,0.1105,0.1767,0.107,0.594,0.406,0.4703,0.5297
1123295259717525500,0.0032,0.0012,0.0325,0.9631,0.9083,0.0917,0.595,0.405
444197859,0.5001,0.2925,0.1046,0.1027,0.6271,0.3729,0.0898,0.9102
986024758591373300,0.005,7e-4,0.033,0.9613,0.9924,0.0076,0.4459,0.5541
1313955839749783600,0.0601,0.0883,0.2693,0.5823,0.9843,0.0157,0.2953,0.7047
137721735,0.0027,6e-4,0.0585,0.9381,0.9904,0.0096,0.3211,0.6789
143335089,0.0246,0.0164,0.3236,0.6354,0.9013,0.0987,0.2251,0.7749
160259739,0.0058,0.0073,0.4262,0.5607,0.0026,0.9974,0.0521,0.9479
34157839,0.1655,0.0114,0.0679,0.7552,0.4441,0.5559,0.9762,0.0238
20889358,0.0149,0.0175,0.1245,0.8431,0.1327,0.8673,0.4874,0.5126
2574054954,0.0504,0.0502,0.1754,0.724,0.0136,0.9864,0.2141,0.7859
20550590,0.1262,0.0736,0.2246,0.5756,0.9297,0.0703,0.1027,0.8973
1285275581031096300,4e-4,0.0108,0.9441,0.0447,0.9917,0.0083,0.0293,0.9707
1433650188,0.3109,0.029,0.132,0.528,0.3677,0.6323,0.72,0.28
628216371,0.0334,0.042,0.3988,0.5259,0.0824,0.9176,0.4461,0.5539
205917994,0.0732,0.0589,0.346,0.5218,0.1834,0.8166,0.1761,0.8239
874513710588362800,0.0052,0.0026,0.0638,0.9284,0.9946,0.0054,0.0889,0.9111
780545837185151e3,0.0128,0.0258,0.5438,0.4176,0.0227,0.9773,0.2252,0.7748
1028448934681821200,0.0045,6e-4,0.0282,0.9667,0.8287,0.1713,0.5087,0.4913
1517472342,0.3125,0.1034,0.1339,0.4502,0.7248,0.2752,0.1747,0.8253
45671909,0.0045,0.0688,0.4375,0.4892,0.1277,0.8723,0.2015,0.7985
1616756011,0.0764,0.0518,0.5962,0.2756,0.0114,0.9886,0.1071,0.8929
985667565392465900,0.0051,0.0028,0.1236,0.8685,0.032,0.968,0.0958,0.9042
1182709591,0.0059,0.001,0.0367,0.9564,0.9186,0.0814,0.9163,0.0837
414579051,0.2654,0.5017,0.1894,0.0434,0.9827,0.0173,0.0058,0.9942
1511296908,0.0133,0.0233,0.3684,0.595,0.9781,0.0219,0.1414,0.8586
550300911,0.2529,0.1503,0.3794,0.2174,0.9057,0.0943,0.1003,0.8997
1265620414031593500,0.0199,0.0521,0.2476,0.6804,0.1305,0.8695,0.1468,0.8532
870731290596724700,0.0597,0.0175,0.1517,0.7711,0.7612,0.2388,0.7812,0.2188
915756912536375300,0.0292,0.0014,0.0384,0.931,0.8427,0.1573,0.8439,0.1561
1578258001,0.0246,0.2771,0.4434,0.2549,0.9838,0.0162,0.0409,0.9591
1191892257109971e3,0.0555,0.4354,0.1859,0.3233,0.5484,0.4516,0.2784,0.7216
30122242,0.5372,0.1465,0.1914,0.1249,0.9769,0.0231,0.151,0.849
1202722046620438500,0.0949,0.0469,0.1591,0.6991,0.7568,0.2432,0.6308,0.3692
1001152153606537200,0.2996,0.1805,0.1496,0.3703,0.6354,0.3646,0.6965,0.3035
21534222,0.0696,0.1234,0.5799,0.2272,0.2278,0.7722,0.8552,0.1448
43060509,0.0065,0.0017,0.0302,0.9616,0.94,0.06,0.378,0.622
1299180601753378800,0.0582,0.1963,0.6576,0.0879,0.0154,0.9846,0.1502,0.8498
747306482,5e-4,0.0048,0.0015,0.9932,0.7287,0.2713,0.3009,0.6991
956758391124148200,0.0055,0.0186,0.412,0.5639,0.0112,0.9888,0.1869,0.8131
131679889,0.1244,0.3684,0.2624,0.2449,0.9774,0.0226,0.0285,0.9715
333940993,0.0022,0.0036,0.0697,0.9246,1,0,5e-4,0.9995
19777469,0.0427,0.02,0.1512,0.786,0.8821,0.1179,0.455,0.545
1629339452,0.1987,0.1324,0.4091,0.2598,2e-4,0.9998,7e-4,0.9993
721764949492691e3,0.0258,0.0202,0.1489,0.8051,0.6882,0.3118,0.4577,0.5423
259491438,0.0017,0.002,0.09,0.9063,0.9695,0.0305,0.3022,0.6978
16632562,0.0086,0.013,0.5062,0.4723,0.1453,0.8547,0.1679,0.8321
1194756905023017e3,0.0298,0.3346,0.3824,0.2532,6e-4,0.9994,0.0018,0.9982
118471283,0.1056,0.0116,0.064,0.8188,0.8414,0.1586,0.7933,0.2067
16156157,0.0091,0.0711,0.7958,0.124,0.9878,0.0122,0.1031,0.8969
1191065519824224300,0.0227,0.0042,0.1934,0.7797,0.3012,0.6988,0.652,0.348
74963542,0.0384,0.0613,0.606,0.2944,0.9879,0.0121,0.0722,0.9278
410256885,0.2619,0.1692,0.2393,0.3296,0.7259,0.2741,0.0474,0.9526
49140090,0.108,0.3344,0.3366,0.221,0.9846,0.0154,0.0743,0.9257
17454666,0.0564,0.2314,0.5914,0.1209,0.0468,0.9532,0.0623,0.9377
80349606,0.074,0.5046,0.2121,0.2092,0.9297,0.0703,0.0342,0.9658
84926218,0.0699,0.1033,0.1995,0.6274,0.7889,0.2111,0.2616,0.7384
1255577288223019e3,0.0158,0.0016,0.0585,0.9241,0.5101,0.4899,0.543,0.457
305904374,0.1412,0.0248,0.1028,0.7311,0.0622,0.9378,0.7036,0.2964
1179758322473455600,0.02,0.0762,0.558,0.3457,0.9772,0.0228,0.1127,0.8873
1308293110255018e3,0.0391,0.0092,0.1737,0.778,0.6212,0.3788,0.9647,0.0353
589349457,0.1141,0.0408,0.5825,0.2625,0.9798,0.0202,0.2772,0.7228
1249052950552592400,9e-4,0.0454,0.1981,0.7557,0.9756,0.0244,0.2277,0.7723
329141413,3e-4,0.001,0.0067,0.992,2e-4,0.9998,7e-4,0.9993
340381036,0.0079,0.0142,0.185,0.793,0.9947,0.0053,0.3733,0.6267
78452959,0.063,0.1612,0.6456,0.1301,0.0234,0.9766,0.0197,0.9803
1205514161003720700,0.6642,0.0559,0.1613,0.1187,0.8837,0.1163,0.904,0.096
590006305,0.0924,0.0556,0.4773,0.3747,0.0888,0.9112,0.3375,0.6625
94616343,0.1341,0.1084,0.6349,0.1226,0.0567,0.9433,0.0839,0.9161
720051104256540700,0.1927,0.4801,0.2903,0.0369,0.0316,0.9684,0.0514,0.9486
45154341,0.3651,0.3023,0.228,0.1046,0.2976,0.7024,0.1388,0.8612
1033614187933708300,0.0134,0.0196,0.4202,0.5468,0.987,0.013,0.1718,0.8282
1230653126140514300,0.0199,0.0231,0.1686,0.7884,0.7042,0.2958,0.5257,0.4743
16480751,0.1141,0.0218,0.0772,0.7868,0.7583,0.2417,0.9655,0.0345
4229261969,0.0851,0.132,0.6973,0.0855,0.0295,0.9705,0.0171,0.9829
19422460,0.2928,0.0687,0.2731,0.3654,0.9247,0.0753,0.6139,0.3861
810248118,0.0151,0.0333,0.0983,0.8533,0.0586,0.9414,0.271,0.729
1368455522,0.0819,0.146,0.6591,0.1131,0.7553,0.2447,0.1066,0.8934
60821942,0.0024,0.0021,0.3478,0.6477,0.9987,0.0013,0.4402,0.5598
836654344950935600,0.0134,0.1352,0.2688,0.5827,0.1435,0.8565,0.0749,0.9251
1025438449879470100,0.0053,7e-4,0.0703,0.9238,0.9955,0.0045,0.3885,0.6115
1.1089383698184561e+18,0.6117,0.1573,0.1129,0.1181,0.7033,0.2967,0.4746,0.5254
3321456072,0.1415,0.0419,0.324,0.4927,0.7317,0.2683,0.4951,0.5049
4819567870,0.1001,0.065,0.2227,0.6122,0.8602,0.1398,0.4089,0.5911
132114074748006e4,0.0125,0.0011,0.0167,0.9696,0.8207,0.1793,0.9389,0.0611
50349525,0.254,0.4998,0.1281,0.1181,0.086,0.914,0.0424,0.9576
1082496774659543e3,0.0398,0.025,0.2795,0.6556,0.9776,0.0224,0.1099,0.8901
127734195,0.0339,0.0826,0.3781,0.5054,0.2276,0.7724,0.3878,0.6122
930918122,0.003,0.0118,0.1461,0.8391,0.973,0.027,0.3036,0.6964
54592168,0.0277,0.0232,0.0826,0.8665,0.0617,0.9383,0.1649,0.8351
1309162631446569e3,0.1828,0.1647,0.2285,0.4241,0.7889,0.2111,0.1595,0.8405
1114593339754647600,0.0382,0.1629,0.6314,0.1675,0.9919,0.0081,0.0666,0.9334
791094754461319200,0.081,0.0173,0.1268,0.7749,0.4222,0.5778,0.601,0.399
1274468685286178800,0.0039,0.2935,0.1962,0.5064,0.716,0.284,0.18,0.82
1032401092305403900,0.2366,0.1368,0.3087,0.3179,0.2841,0.7159,0.3127,0.6873
1260208356515434500,0.1162,0.0718,0.2533,0.5587,0.9128,0.0872,0.3412,0.6588
974797257987051500,0.8667,0.0957,0.0264,0.0112,0.4067,0.5933,0.0593,0.9407
102810209,0.0149,0.0359,0.9003,0.049,0.0094,0.9906,0.0193,0.9807
29539620,0.0734,0.0543,0.4089,0.4633,0.9835,0.0165,0.4021,0.5979
981266373098614800,0.0836,0.0272,0.2796,0.6096,0.1521,0.8479,0.1295,0.8705
1178101622750269400,0.0061,0.0018,0.1007,0.8914,0.9624,0.0376,0.5202,0.4798
390360667,0.0195,0.0264,0.4545,0.4996,0.9969,0.0031,0.2009,0.7991
1159886902037753900,0.0214,0.0034,0.0663,0.9088,0.8467,0.1533,0.8688,0.1312
1446959204,0.0127,0.0216,0.7107,0.255,0.8812,0.1188,0.2081,0.7919
887368658,0.5659,0.1778,0.1718,0.0846,0.0999,0.9001,0.0461,0.9539
3288127519,0.0431,0.007,0.0409,0.9089,0.7899,0.2101,0.9342,0.0658
972012021297250300,1e-4,0.0024,0.4987,0.4988,0.0098,0.9902,0.0793,0.9207
1322578776019095600,5e-4,1e-4,0.016,0.9834,0.0139,0.9861,0.5253,0.4747
2785745208,0.0067,0.0107,0.2343,0.7483,0.9915,0.0085,0.2369,0.7631
69280076,0.3086,0.1622,0.0907,0.4385,0.9642,0.0358,0.5634,0.4366
21621661,0.0419,0.0909,0.5404,0.3268,0.9086,0.0914,0.1186,0.8814
1318064061616070700,0.5602,0.0529,0.1387,0.2482,0.6056,0.3944,0.3031,0.6969
805999124088766500,0.0194,0.0416,0.1981,0.7409,0.861,0.139,0.2576,0.7424
1303014830543077400,0.1784,0.2385,0.4893,0.0939,0.0838,0.9162,0.0388,0.9612
2311063871,0.0468,0.0072,0.0119,0.9342,0.6425,0.3575,0.6099,0.3901
37820477,0.0865,0.1022,0.4309,0.3803,0.9982,0.0018,0.049,0.951
31452762,0.0294,0.0385,0.4674,0.4647,0.0356,0.9644,0.2975,0.7025
550784516,0.0039,0.0134,0.2704,0.7122,0.9862,0.0138,0.1414,0.8586
2451699600,0.0457,0.0076,0.1723,0.7743,0.0203,0.9797,0.4705,0.5295
809626770,0.001,0.0015,0.2558,0.7417,0.9975,0.0025,0.5338,0.4662
930152608433442800,0.0252,0.0123,0.1458,0.8167,0.9947,0.0053,0.5107,0.4893
1410352262,0.012,0.0134,0.0712,0.9034,0.1655,0.8345,0.4216,0.5784
939673832,0.0052,0.001,0.0981,0.8957,0.9949,0.0051,0.5383,0.4617
18426969,0.3759,0.4637,0.1239,0.0365,0.1147,0.8853,0.0097,0.9903
4289404998,0.3307,0.1822,0.4141,0.073,0.5313,0.4687,0.2675,0.7325
408721289,0.022,0.0474,0.7232,0.2074,0.9576,0.0424,0.1196,0.8804
1120157691911884800,0.0053,0.0368,0.7936,0.1643,0.9978,0.0022,0.1283,0.8717
923200791904702500,0.3176,0.17,0.3686,0.1438,0.9599,0.0401,0.0819,0.9181
23606264,0.1608,0.0864,0.2635,0.4892,0.8092,0.1908,0.3218,0.6782
465037324,0.0516,0.0058,0.2213,0.7213,0.3234,0.6766,0.4207,0.5793
162124294,0.0319,0.0293,0.37,0.5688,0.2118,0.7882,0.1406,0.8594
363385625,0.0095,0.0175,0.5408,0.4322,0.9867,0.0133,0.1627,0.8373
3246256409,0.0042,0.0107,0.0933,0.8917,0.0023,0.9977,0.0386,0.9614
973980656,0.3285,0.2523,0.263,0.1562,0.3171,0.6829,0.1357,0.8643
1090749194422358e3,0.0973,0.028,0.0706,0.8041,0.7938,0.2062,0.9941,0.0059
3370781741,0.0175,0.019,0.3401,0.6235,0.0095,0.9905,0.1447,0.8553
1252427500967407600,2e-4,0.0025,0.0478,0.9495,6e-4,0.9994,0.0101,0.9899
825107061922897900,6e-4,5e-4,0.0202,0.9787,0.0838,0.9162,0.5971,0.4029
802026917595676700,0.0178,0.0017,0.0974,0.8831,0.9007,0.0993,0.8523,0.1477
1075181267035971600,0.0679,0.1288,0.4701,0.3332,0.3307,0.6693,0.2912,0.7088
844403791,0.0167,0.1619,0.6581,0.1633,0.9999,1e-4,1e-4,0.9999
937052541476630500,0.0039,0.0046,0.1627,0.8287,0.2037,0.7963,0.1045,0.8955
67150203,0.0043,5e-4,0.0268,0.9684,0.8777,0.1223,0.7791,0.2209
589743866,0.0142,0.0591,0.2562,0.6706,0.974,0.026,0.403,0.597
1172297362179424300,0.0372,0.0424,0.637,0.2835,0.4723,0.5277,0.3203,0.6797
3347497853,0.0628,0.0135,0.1626,0.7611,0.9069,0.0931,0.8869,0.1131
36730531,0.0067,0.0069,0.4071,0.5793,1,0,8e-4,0.9992
30482055,0.0209,0.008,0.0642,0.907,0.5375,0.4625,0.8992,0.1008
160588319,0.0362,0.0426,0.2589,0.6624,0.995,0.005,0.1411,0.8589
141679950,0.0584,0.083,0.7621,0.0965,0.0096,0.9904,0.0195,0.9805
15220352,0.3491,0.175,0.2879,0.188,0.8879,0.1121,0.2707,0.7293
816823935316725800,0.5909,0.1349,0.1873,0.0869,0.7541,0.2459,0.1598,0.8402
27923510,0.001,0.0057,0.2877,0.7056,0.9927,0.0073,0.0817,0.9183
3305821185,0.0205,0.0256,0.2998,0.6541,0.9754,0.0246,0.4119,0.5881
541289100,0.0041,0.0148,0.5765,0.4047,0.9984,0.0016,0.1704,0.8296
1242321742170935300,0.0338,0.0274,0.0819,0.8569,0.9904,0.0096,0.1709,0.8291
1273396027182071800,0.5958,0.266,0.1094,0.0287,0.3956,0.6044,0.0212,0.9788
956297297704423400,0.0265,0.0047,0.2894,0.6794,0.8307,0.1693,0.8527,0.1473
23958533,0.0838,0.0122,0.237,0.6671,0.0064,0.9936,0.1315,0.8685
1170461810505339e3,0.0963,0.0566,0.4199,0.4272,0.9304,0.0696,0.2188,0.7812
15663428,0.008,0.0014,0.102,0.8887,0.9933,0.0067,0.4034,0.5966
14835518,0.2684,0.0802,0.2068,0.4447,0.8797,0.1203,0.9627,0.0373
26806797,0.0303,0.5429,0.3081,0.1188,0.3015,0.6985,0.0216,0.9784
1237510549698740200,0.0012,0.0212,0.3277,0.6499,0.0144,0.9856,0.0098,0.9902
404200443,0.2299,0.0793,0.3093,0.3815,0.847,0.153,0.5745,0.4255
385757034,0.0024,0.003,0.1525,0.8421,0.7179,0.2821,0.2039,0.7961
1260826475172855800,0.5429,0.0308,0.1221,0.3042,0.5454,0.4546,0.9828,0.0172
329625491,0.0491,0.0108,0.1627,0.7774,0.8124,0.1876,0.7869,0.2131
354449665,0.2081,0.2545,0.3054,0.232,0.9336,0.0664,0.088,0.912
918980555789631500,0.0863,0.2521,0.5278,0.1338,4e-4,0.9996,0.001,0.999
82350646,0.0023,0.0025,0.0955,0.8998,0.2984,0.7016,0.3893,0.6107
20749560,0.0069,0.0212,0.5531,0.4188,0.9927,0.0073,0.0708,0.9292
37942352,0.3026,0.1813,0.3697,0.1464,0.9247,0.0753,0.086,0.914
1014248527,0.0587,0.0177,0.1518,0.7718,0.9158,0.0842,0.9018,0.0982
242406092,0.0031,0.0091,0.3005,0.6873,0.0111,0.9889,0.0632,0.9368
1117578867584188400,0.148,0.0492,0.1306,0.6722,0.9439,0.0561,0.2991,0.7009
103465324,0.2327,0.417,0.2621,0.0882,0.9868,0.0132,0.0168,0.9832
860996986006364200,0.0093,0.0765,0.6473,0.2668,0,1,0.0016,0.9984
1252832019962183700,0.0348,0.0531,0.4979,0.4142,0.9834,0.0166,0.1436,0.8564
4871188022,0.5357,0.2701,0.118,0.0762,0.9432,0.0568,0.4986,0.5014
774722871482421200,0.0018,2e-4,0.0111,0.9869,0.9891,0.0109,0.7269,0.2731
1272311552524386300,0.0923,0.0063,0.0616,0.8398,0.3959,0.6041,0.4319,0.5681
311116245,0.1903,0.042,0.2316,0.5361,0.9638,0.0362,0.5798,0.4202
763080408418451500,0.015,0.045,0.4026,0.5374,0.1103,0.8897,0.0462,0.9538
992185840972394500,0.7512,0.1288,0.0289,0.0911,0.6243,0.3757,0.4491,0.5509
574830793,0.0148,0.0637,0.644,0.2775,0.9685,0.0315,0.2225,0.7775
15702380,0.2044,0.4091,0.3519,0.0346,0.994,0.006,0.0441,0.9559
54355658,0.0011,0.0022,0.0969,0.8997,0.8474,0.1526,0.5428,0.4572
752129092116504600,0.0153,0.01,0.2125,0.7623,0.0492,0.9508,0.2681,0.7319
24569524,0.1181,0.1314,0.2905,0.46,0.8024,0.1976,0.113,0.887
833767236531793900,8e-4,3e-4,0.0594,0.9395,0.9978,0.0022,0.1869,0.8131
1267123920269967400,0.069,0.1529,0.6357,0.1424,0.0498,0.9502,0.0052,0.9948
344373492,0.0478,0.0363,0.1929,0.723,0.9645,0.0355,0.6181,0.3819
50701648,0.3499,0.1056,0.2684,0.2761,0.8446,0.1554,0.3968,0.6032
474579264,0.0774,0.0711,0.2137,0.6378,0.6957,0.3043,0.2508,0.7492
1281939149281427500,0.114,0.3418,0.45,0.0942,0.9714,0.0286,0.0338,0.9662
755794782211936300,0.0012,8e-4,0.0219,0.9761,0.9711,0.0289,0.2716,0.7284
59579313,0.0666,0.0445,0.1681,0.7208,0.7789,0.2211,0.6241,0.3759
759469437829382100,0.0098,0.0243,0.4265,0.5394,0.0481,0.9519,0.1866,0.8134
398936056,0.5537,0.0117,0.0715,0.3631,0.8023,0.1977,0.9917,0.0083
26592941,0.0501,0.0916,0.4845,0.3738,0.0648,0.9352,0.0584,0.9416
1323141975365677e3,0.0028,0.0077,0.6468,0.3427,0.9985,0.0015,0.2845,0.7155
22284734,0.0078,0.0026,0.0407,0.9488,0.8817,0.1183,0.5743,0.4257
841663638,0.002,0.0059,0.1577,0.8344,0.9836,0.0164,0.1108,0.8892
2429333618,0.6465,0.2029,0.1207,0.03,0.0893,0.9107,0.1409,0.8591
1082779839436861400,0.0042,0.0057,0.1866,0.8035,0.9696,0.0304,0.5641,0.4359
25623875,0.0266,0.11,0.4182,0.4452,0.003,0.997,0.2684,0.7316
850749778241749e3,0.0014,0.0011,0.0532,0.9444,0.0114,0.9886,0.6024,0.3976
376885232,0.0144,0.0059,0.7835,0.1962,0.986,0.014,0.8956,0.1044
1280338947147657200,7e-4,5e-4,0.0816,0.9172,0.9944,0.0056,0.2657,0.7343
16113781,0.1481,0.0597,0.2529,0.5393,0.9647,0.0353,0.5144,0.4856
1695446424,5e-4,0.0014,0.10780000000000001,0.8902,0.99,0.01,0.4462,0.5538
2899177998,0.0727,0.033,0.6424,0.2518,0.7675,0.2325,0.4735,0.5265
1254099266005381e3,0.0149,0.0092,0.1669,0.809,0.9873,0.0127,0.3658,0.6342
1232774642508673e3,0.0038,0.2933,0.653,0.0499,0.9315,0.0685,0.0223,0.9777
299843805,0.0994,0.1076,0.3368,0.4562,0.3685,0.6315,0.0847,0.9153
68536126,0.0053,0.0132,0.4504,0.5312,0.9953,0.0047,0.1925,0.8075
98641634,0.177,0.3148,0.2809,0.2273,0.5164,0.4836,0.1193,0.8807
1322714711054553e3,0.029,0.0146,0.277,0.6795,0.969,0.031,0.1841,0.8159
32506039,0.0381,0.0757,0.3359,0.5503,0.9869,0.0131,0.4198,0.5802
8129032,9e-4,0.0024,0.4745,0.5222,0,1,0.0084,0.9916
783514897057480700,0.1011,0.0335,0.189,0.6765,0.62,0.38,0.7105,0.2895
1131700057101590500,0.3462,0.3601,0.2237,0.07,0.1108,0.8892,0.3131,0.6869
63728071,0.0069,0.0891,0.5636,0.3404,0.9883,0.0117,0.068,0.932
1112371132785717200,0.0469,0.0534,0.3614,0.5383,0.7765,0.2235,0.4743,0.5257
19612749,0.5224,0.2089,0.1404,0.1283,0.6045,0.3955,0.3445,0.6555
4839027748,0.0037,7e-4,0.0579,0.9378,0.9988,0.0012,0.8282,0.1718
1046843958310125600,3e-4,1e-4,0.0173,0.9822,0.9985,0.0015,0.3759,0.6241
30522628,0.0081,0.0218,0.6284,0.3417,0.9893,0.0107,0.1803,0.8197
21044127,0.0296,0.007,0.345,0.6183,0.9349,0.0651,0.293,0.707
1196468401922723800,0.0014,9e-4,0.0202,0.9775,0.9806,0.0194,0.4196,0.5804
260826375,0.1738,0.0801,0.289,0.4571,0.0579,0.9421,0.5514,0.4486
41387325,0.0498,0.3783,0.5309,0.0409,0.0693,0.9307,0.0422,0.9578
356245562,0.4565,0.0897,0.2295,0.2243,0.948,0.052,0.7233,0.2767
2338352352,0.1754,0.2485,0.3198,0.2563,0.8405,0.1595,0.2254,0.7746
1296178248,0.1392,0.0984,0.4356,0.3268,0.9997,3e-4,2e-4,0.9998
1214749281158123500,0.001,0.001,0.0443,0.9538,0.0161,0.9839,0.2143,0.7857
828004173262225400,0.1371,0.0572,0.1709,0.6349,0.6375,0.3625,0.9116,0.0884
344986294,0.6321,0.1364,0.1105,0.121,0.0434,0.9566,0.1504,0.8496
1162814666029985800,0,1e-4,0.0054,0.9945,0.9987,0.0013,0.2493,0.7507
776494506220789800,0.0023,7e-4,0.0441,0.9529,0.012,0.988,0.4899,0.5101
2199568446,4e-4,0.0019,0.0085,0.9893,0.9998,2e-4,0.0126,0.98740000000000006
2827732377,0.0631,0.0844,0.5989,0.2536,0.9814,0.0186,0.4098,0.5902
1087568549760127e3,0.0113,0.0066,0.0524,0.9298,0.3292,0.6708,0.2398,0.7602
917422352501215200,0.1801,0.1573,0.5478,0.1147,0.2205,0.7795,0.0656,0.9344
27671624,0.0076,0.0642,0.4908,0.4374,0.9944,0.0056,0.0901,0.9099
19220930,3e-4,3e-4,0.0763,0.9231,0.9976,0.0024,0.2172,0.7828
1318598629138092e3,0.0555,0.2914,0.5239,0.1293,0.0242,0.9758,0.0228,0.9772
825874962460323800,0.0358,0.0102,0.2591,0.6949,0.8157,0.1843,0.549,0.451
838528653470412800,0.0141,0.008,0.2311,0.7468,0.0314,0.9686,0.5882,0.4118
1083734824798560300,0.0281,0.0432,0.2543,0.6744,0.5366,0.4634,0.6838,0.3162
912850401933840400,0.0281,0.0248,0.2255,0.7216,0.9137,0.0863,0.4557,0.5443
198313485,0.01,0.0226,0.5277,0.4397,0.9949,0.0051,0.0594,0.9406
37837578,0.1408,0.0857,0.303,0.4704,0.6903,0.3097,0.5891,0.4109
1061867603348652e3,0.1604,0.0638,0.2068,0.569,0.1377,0.8623,0.2505,0.7495
19987326,0.4012,0.1394,0.3065,0.1529,0.9824,0.0176,0.1999,0.8001
240789000,0.0012,3e-4,0.03,0.9685,0.9973,0.0027,0.634,0.366
1097225142,0,6e-4,0.0244,0.975,0.9948,0.0052,0.5022,0.4978
927050655205810200,0.064,0.0501,0.2383,0.6475,0.8854,0.1146,0.4608,0.5392
88689348,0.1467,0.3431,0.2492,0.261,0.909,0.091,0.1497,0.8503
339182018,6e-4,0.0016,0.0572,0.9406,0.0011,0.9989,0.0575,0.9425
1309965796655935500,0.0024,0.0183,0.3936,0.5856,0.9812,0.0188,0.1403,0.8597
829528260379811800,0.0094,0.0112,0.0988,0.8805,0.9906,0.0094,0.1733,0.8267
1259645056866230300,0.1211,0.059,0.4565,0.3635,0.7835,0.2165,0.3711,0.6289
146456142,0.0812,0.0502,0.1273,0.7413,0.8853,0.1147,0.7993,0.2007
1260699441234956300,0.0164,0.0126,0.3673,0.6036,0.9964,0.0036,0.4248,0.5752
1293630278775308300,0.0202,0.0324,0.5858,0.3617,0.9928,0.0072,0.2168,0.7832
1141027800356253700,0.0618,0.10780000000000001,0.3331,0.4972,0.1162,0.8838,0.0357,0.9643
1176997489641214e3,0.0737,0.2244,0.082,0.6199,0.9999,1e-4,1e-4,0.9999
804519904447791100,0.0444,0.1619,0.5655,0.2281,0.9186,0.0814,0.3606,0.6394
1302441819565953e3,0.1483,0.0081,0.2319,0.6117,0.9569,0.0431,0.6722,0.3278
799452949235699700,0.0168,0.0049,0.2325,0.7458,0.7279,0.2721,0.2996,0.7004
803906484,0.0077,0.074,0.2404,0.6778,0.9992,8e-4,8e-4,0.9992
261743206,0.0219,0.0668,0.4842,0.4271,0.9685,0.0315,0.1352,0.8648
862940744,0.0016,0.004,0.2429,0.7515,0.9922,0.0078,0.0979,0.9021
135563887,6e-4,0.001,0.1123,0.8862,0.0119,0.9881,0.1408,0.8592
387183697,0.0012,0.0021,0.1432,0.8535,0.9444,0.0556,0.3769,0.6231
1275886502250074e3,0.3008,0.12,0.2274,0.3518,0.7308,0.2692,0.5581,0.4419
1043938043844055e3,0.032,0.0123,0.2441,0.7115,0.9729,0.0271,0.4473,0.5527
50512313,0.141,0.0735,0.1934,0.5921,0.9873,0.0127,0.1333,0.8667
1322424857901080600,0.1002,0.0808,0.6112,0.2077,0.0787,0.9213,0.1677,0.8323
1188275324229947400,0.0707,0.0442,0.2042,0.6809,0.9948,0.0052,0.3383,0.6617
2962054168,0.0771,0.1721,0.552,0.1988,0.0185,0.9815,0.0931,0.9069
778974641046057e3,0.3593,0.4027,0.1593,0.0787,0.8987,0.1013,0.0271,0.9729
1297176143557206e3,0.0239,0.051,0.2871,0.638,0.9312,0.0688,0.4001,0.5999
23516419,0.0347,0.0413,0.255,0.6691,0.9932,0.0068,0.1473,0.8527
1245561090106425300,0.0012,0.0035,0.2298,0.7654,0.9853,0.0147,0.3756,0.6244
838786480894013400,7e-4,0.002,0.0492,0.9481,0.0188,0.9812,0.0599,0.9401
1014551422401040400,0.0024,0.0022,0.1513,0.8441,0.9949,0.0051,0.1805,0.8195
922223220220203e3,0.3797,0.173,0.2067,0.2407,0.2533,0.7467,0.6167,0.3833
1063545620,0.1565,0.0329,0.1835,0.6271,0.841,0.159,0.9001,0.0999
1028515140457689100,6e-4,7e-4,0.0181,0.9806,0.998,0.002,0.1637,0.8363
1303589901435195400,0.004,7e-4,0.0062,0.9891,0.8898,0.1102,0.9296,0.0704
261911765,0.2161,0.0906,0.531,0.1623,0.8136,0.1864,0.4984,0.5016
469551079,0.0162,0.053,0.4838,0.447,0.0127,0.9873,0.2419,0.7581
739852455739957200,0.0026,0.0034,0.0247,0.9693,2e-4,0.9998,1e-4,0.9999
155110282,0.0048,0.0048,0.0912,0.8992,0.0798,0.9202,0.2031,0.7969
1316900581768941600,3e-4,0.0019,0.0507,0.9472,0.0044,0.9956,0.212,0.788
96440382,0.5455,0.1648,0.1259,0.1638,0.6017,0.3983,0.5444,0.4556
108957748,1e-4,0.0025,0.0866,0.9107,0.9998,2e-4,0.1386,0.8614
938019073,0.0045,0.0186,0.2179,0.759,0.9506,0.0494,0.2783,0.7217
1141096866496446500,0.0705,0.1565,0.2909,0.4821,0.9251,0.0749,0.1614,0.8386
394995007,0.0018,0.0011,0.1695,0.8276,0.9122,0.0878,0.2544,0.7456
845158560,0.0042,0.0055,0.1434,0.8468,0.053900000000000003,0.9461,0.1214,0.8786
251469950,0.0111,0.017,0.2265,0.7454,0.9791,0.0209,0.2832,0.7168
777715713943466e3,0.057,0.0886,0.3681,0.4863,0.6426,0.3574,0.2484,0.7516
2870666211,0.0029,0.0092,0.1718,0.8161,0.9744,0.0256,0.1965,0.8035
1175969550,0.0139,0.005,0.1714,0.8097,0.316,0.684,0.8803,0.1197
3968980156,0.0132,0.0254,0.2845,0.6769,0.0117,0.9883,0.367,0.633
2340471913,0.0206,0.046,0.2544,0.679,0.9867,0.0133,0.1232,0.8768
216362345,0.003,0.0088,0.8718,0.1163,0.9921,0.0079,0.1388,0.8612
520042653,0.001,0.0025,0.4004,0.596,0.9999,1e-4,0.0015,0.9985
125227438,0.001,0.0012,0.026,0.9717,0.0371,0.9629,0.4949,0.5051
200902178,0.0845,0.1491,0.4443,0.3221,0.8839,0.1161,0.0897,0.9103
511321400,0.1302,0.0684,0.2444,0.557,0.5697,0.4303,0.6656,0.3344
53506915,0.0719,0.0452,0.185,0.698,0.7726,0.2274,0.2266,0.7734
870422721909342200,0.3425,0.3312,0.1549,0.1713,0.2742,0.7258,0.0715,0.9285
1152962246592483300,0.4642,0.1819,0.2128,0.1412,0.7601,0.2399,0.443,0.557
70944302531183e4,0.0255,0.0027,0.0499,0.9219,0.9673,0.0327,0.3016,0.6984
4276599827,0.0586,0.0148,0.1938,0.7328,0.6911,0.3089,0.7843,0.2157
145750047,0.0317,0.0717,0.388,0.5086,0.9151,0.0849,0.5953,0.4047
1222995990984167400,0.0642,0.0392,0.4623,0.4344,0.6949,0.3051,0.2202,0.7798
912008978388983800,0.0806,0.1113,0.2884,0.5197,0.9263,0.0737,0.2083,0.7917
48009865,0.4681,0.1575,0.175,0.1994,0.8601,0.1399,0.2151,0.7849
1059163988779548700,0.0473,0.1334,0.2402,0.579,0.8074,0.1926,0.2056,0.7944
3060311297,0.0239,0.0418,0.3563,0.5779,0.0864,0.9136,0.3419,0.6581
87784600,0.2155,0.3043,0.1787,0.3015,0.3937,0.6063,0.3643,0.6357
3075421281,0.295,0.1725,0.3192,0.2133,0.9567,0.0433,0.4144,0.5856
42805134,0.0202,0.0023,0.1242,0.8532,0.0364,0.9636,0.8249,0.1751
1170230976812912600,0.0081,0.0496,0.6548,0.2876,0.0231,0.9769,0.0994,0.9006
1199606565206208500,0.0273,0.0629,0.3646,0.5452,0.5703,0.4297,0.0842,0.9158
1066011724472557600,0.0347,0.007,0.2216,0.7367,0.9914,0.0086,0.3636,0.6364
21899643,0.3391,0.4746,0.169,0.0173,0.9156,0.0844,0.0092,0.9908
345675342,0.2271,0.0631,0.3121,0.3977,0.8127,0.1873,0.6105,0.3895
558517155,0.0624,0.0311,0.3002,0.6064,0.8443,0.1557,0.7225,0.2775
769533635976310800,0.0101,0.0027,0.0378,0.9494,0.916,0.084,0.7576,0.2424
1849179156,0.0233,0.0035,0.1685,0.8047,0.044,0.956,0.3688,0.6312
40492707,0.0155,0.0972,0.8468,0.0405,0.1158,0.8842,0.0794,0.9206
233788237,0.0047,4e-4,0.0356,0.9593,0.9189,0.0811,0.9026,0.0974
36761914,0.1294,0.0918,0.0841,0.6947,0.6515,0.3485,0.2517,0.7483
263879823,0.2738,0.0243,0.2843,0.4176,0.679,0.321,0.788,0.212
51113995,0.0887,0.0995,0.4456,0.3662,0.8141,0.1859,0.3613,0.6387
40119256,7e-4,0.0059,0.6498,0.3435,0.9879,0.0121,0.162,0.838
3150743012,0.3658,0.1315,0.3614,0.1413,0.9414,0.0586,0.7082,0.2918
18178232,0.0466,0.1991,0.2996,0.4547,2e-4,0.9998,0.0016,0.9984
18448119,0.207,0.0858,0.3361,0.371,0.8114,0.1886,0.8026,0.1974
323331530,0.0028,3e-4,0.0213,0.9756,0.9482,0.0518,0.4325,0.5675
304429601,0.0019,3e-4,0.0233,0.9746,0.9902,0.0098,0.9212,0.0788
867827224300224500,0.0039,0.1511,0.5845,0.2605,0.0084,0.9916,0.0177,0.9823
4828420879,0.0066,0.0137,0.3451,0.6346,0.9671,0.0329,0.4622,0.5378
4836706416,6e-4,6e-4,0.0535,0.9453,0.9973,0.0027,0.3096,0.6904
46726631,0.0329,0.0277,0.729,0.2104,0.9862,0.0138,0.2481,0.7519
834560773,0.121,0.0831,0.2312,0.5648,0.307,0.693,0.3183,0.6817
889216203255885800,0.063,0.034,0.1204,0.7826,0.8915,0.1085,0.679,0.321
631973519,0.0019,7e-4,0.0423,0.955,0.9996,4e-4,0.2839,0.7161
703703162,0.3347,0.1405,0.2897,0.2351,0.2831,0.7169,0.6153,0.3847
1283771592732889e3,0.0059,0.0031,0.0368,0.9541,0.999,0.001,0.0337,0.9663
708724060918710300,0.0075,0.0061,0.0227,0.9637,0.5505,0.4495,0.5344,0.4656
315436946,0.0106,0.003,0.1567,0.8297,0.5614,0.4386,0.4138,0.5862
787018236130799600,0.0955,0.0654,0.2832,0.5559,0.933,0.067,0.4469,0.5531
535949106,0.258,0.2865,0.3081,0.1474,0.2211,0.7789,0.0608,0.9392
717747419413405700,0.0071,0.0085,0.0986,0.8858,2e-4,0.9998,0.0014,0.9986
502197865,0.0308,0.0177,0.1943,0.7572,8e-4,0.9992,0.0822,0.9178
42870921,0.0083,0.0441,0.7743,0.1733,0.9952,0.0048,0.1859,0.8141
263234617,0.04,0.0186,0.2101,0.7313,0.9919,0.0081,0.5395,0.4605
1262261290166358e3,7e-4,3e-4,0.0203,0.9788,0.0019,0.9981,0.1454,0.8546
1265985874807926800,0.2159,0.1564,0.2533,0.3745,0.4261,0.5739,0.2604,0.7396
2660374267,0.1486,0.1481,0.3633,0.3401,0.5858,0.4142,0.117,0.883
706674146135117800,0.1467,0.3076,0.453,0.0926,0.1597,0.8403,0.0558,0.9442
324335298,0.0052,0.0557,0.6667,0.2725,1e-4,0.9999,0.0034,0.9966
1272366846239363e3,4e-4,2e-4,0.013,0.9864,0.9921,0.0079,0.2856,0.7144
64569545,0.1835,0.051,0.2567,0.5088,0.3756,0.6244,0.3307,0.6693
297561618,0.0161,0.0194,0.7473,0.2171,0.0108,0.9892,0.1489,0.8511
54928254,0.0451,0.0079,0.1752,0.7718,0.9331,0.0669,0.8182,0.1818
373033271,0.0043,0.156,0.5645,0.2752,0.9983,0.0017,0.0279,0.9721
2986134178,0.0277,0.0206,0.1707,0.781,0.9422,0.0578,0.4579,0.5421
1267278297836257300,0.0111,0.0334,0.607,0.3484,0.1296,0.8704,0.3627,0.6373
885556788291969e3,0.0173,0.0738,0.6016,0.3073,0.9837,0.0163,0.0339,0.9661
2204313642,0.1929,0.1538,0.3944,0.2589,0.3341,0.6659,0.1742,0.8258
49479924,0.1438,0.5633,0.1763,0.1165,0.0578,0.9422,0.0055,0.9945
2985335882,0.0046,0.009,0.2308,0.7556,0.9966,0.0034,0.2008,0.7992
1249852987532554200,0.0058,0.0036,0.1701,0.8206,0.816,0.184,0.2771,0.7229
211363381,0.3094,0.0707,0.3014,0.3185,0.7254,0.2746,0.7135,0.2865
1242367966949359600,0.0159,0.031,0.162,0.7911,0.9741,0.0259,0.4956,0.5044
1529448486,0.1225,0.0614,0.5974,0.2186,0.7704,0.2296,0.3434,0.6566
1062061381455880200,0.0032,0.011,0.5124,0.4733,0.996,0.004,0.0787,0.9213
936983785068945400,0.0077,0.0862,0.7509,0.1552,0.0047,0.9953,0.0274,0.9726
1294033129636794400,0.4249,0.2361,0.184,0.155,0.9012,0.0988,0.4145,0.5855
1005118766,0.1392,0.2316,0.3748,0.2543,0.8057,0.1943,0.3872,0.6128
229262835,0.0464,0.0941,0.734,0.1254,0.0629,0.9371,0.0718,0.9282
1206729455663759400,0.001,0.0014,0.1301,0.8675,0.998,0.002,0.1819,0.8181
24751204,0.004,0.0063,0.6413,0.3485,0.9961,0.0039,0.1699,0.8301
1054763067882463200,0.0025,0.0212,0.7621,0.2142,0.9999,1e-4,0.022,0.978
19616981,0.3683,0.3023,0.2119,0.1175,0.5144,0.4856,0.1113,0.8887
2721074648,0.004,0.0322,0.0463,0.9175,0.7502,0.2498,0.446,0.554
942463368413134800,0.0376,0.0153,0.2119,0.7352,0.977,0.023,0.4063,0.5937
453603690,0.0581,0.0336,0.2386,0.6696,0.9503,0.0497,0.6512,0.3488
1323229114111844400,0.0264,0.0674,0.4829,0.4232,0.0061,0.9939,0.011,0.989
841808201012154400,0.0451,0.0875,0.3537,0.5137,0.9223,0.0777,0.2007,0.7993
9118502,0.152,0.1497,0.6163,0.082,0.7679,0.2321,0.1717,0.8283
2443491140,0.0642,0.01,0.4808,0.445,0.1366,0.8634,0.966,0.034
570955617,0.0069,9e-4,0.0446,0.9476,0.9067,0.0933,0.669,0.331
991743824551493600,0.0896,0.0607,0.328,0.5217,0.861,0.139,0.1506,0.8494
1160294424733261800,0.021,0.0699,0.4297,0.4793,0.0556,0.9444,0.4086,0.5914
1049066278584037400,0.0715,0.156,0.5993,0.1731,0.0489,0.9511,0.3254,0.6746
1062697671268409300,0.0196,0.0124,0.1057,0.8623,0.9389,0.0611,0.2972,0.7028
478367964,0.1694,0.1722,0.3529,0.3055,0.0779,0.9221,0.0258,0.9742
4448866933,0.0089,0.004,0.0648,0.9223,0.9864,0.0136,0.5716,0.4284
2970216495,0.0097,0.0361,0.6207,0.3335,0.9999,1e-4,2e-4,0.9998
1342189885,0.0958,0.0846,0.3847,0.4349,0.8997,0.1003,0.4159,0.5841
927775437480017900,0.0682,0.0183,0.1119,0.8016,0.8384,0.1616,0.8695,0.1305
283312945,0.5612,0.3943,0.0298,0.0147,0.6183,0.3817,0.0134,0.9866
828799287425323e3,0.0108,0.0184,0.7869,0.1839,0.0028,0.9972,0.4164,0.5836
4860241143,0.0013,5e-4,0.0273,0.971,0.9929,0.0071,0.3132,0.6868
281848409,0.1747,0.1623,0.3966,0.2665,0.7504,0.2496,0.15,0.85
1082466283357036500,0.0175,0.0883,0.4587,0.4355,0.8377,0.1623,0.074,0.926
1727374842,0.1568,0.0134,0.2082,0.6216,0.9003,0.0997,0.9534,0.0466
839706252389331e3,0.036,0.0362,0.443,0.4848,0.7456,0.2544,0.2101,0.7899
1622944622,0.0086,0.0209,0.1237,0.8468,0.9764,0.0236,0.2086,0.7914
25693443,0.4526,0.3537,0.1619,0.0319,0.0705,0.9295,0.0418,0.9582
18175713,3e-4,8e-4,0.0259,0.973,0,1,5e-4,0.9995
27901877,0.0462,0.1414,0.5072,0.3052,0.5489,0.4511,0.6167,0.3833
436789306,0.4646,0.2112,0.1776,0.1467,0.1061,0.8939,0.0509,0.9491
274176512,0.005,0.0756,0.219,0.7004,0.3241,0.6759,0.4111,0.5889
129004957,0.0976,0.0189,0.2505,0.633,0.8718,0.1282,0.8594,0.1406
324125928,0.1956,0.2362,0.422,0.1461,0.9988,0.0012,0.2608,0.7392
1024545537515614200,0.0734,0.1321,0.6549,0.1395,0.9768,0.0232,0.0121,0.9879
435297219,0.7042,0.1964,0.0576,0.0418,0.5759,0.4241,0.0392,0.9608
946049726956351500,0.0398,0.0688,0.5009,0.3906,0.9957,0.0043,0.33,0.67
1202285802,0.8454,0.0734,0.0641,0.0171,0.9824,0.0176,0.3708,0.6292
2409110353,0.0231,0.0705,0.3416,0.5649,0.9876,0.0124,0.2401,0.7599
1248225753122115600,0.3042,0.3362,0.2881,0.0715,0.631,0.369,0.1926,0.8074
103133752,0.0562,0.0279,0.4027,0.5132,0.0235,0.9765,0.0666,0.9334
724442522223677400,0.026,0.0306,0.4295,0.514,0.0137,0.9863,0.5298,0.4702
123744775,0.141,0.1472,0.2249,0.4869,0.8409,0.1591,0.2327,0.7673
788096343763890200,0.0282,0.1826,0.4903,0.2988,0.9586,0.0414,0.0764,0.9236
4689786181,0.0219,0.0164,0.3069,0.6548,0.859,0.141,0.5626,0.4374
3141804009,0.1304,0.0138,0.2258,0.63,0.7513,0.2487,0.9655,0.0345
463484822,0.1934,0.0888,0.5554,0.1624,0.9525,0.0475,0.4308,0.5692
806001135827828700,0.0241,0.0188,0.5271,0.43,0.1799,0.8201,0.674,0.326
174810906,0.0468,0.0096,0.2266,0.717,0.0134,0.9866,0.1652,0.8348
746708599376863200,0.114,0.1638,0.4714,0.2508,0.9709,0.0291,0.0643,0.9357
23479816,0.0018,0.0119,0.6902,0.296,0.9976,0.0024,0.2617,0.7383
14166667,0.0073,0.0248,0.395,0.5729,0.0414,0.9586,0.3999,0.6001
271170770,0.0612,0.0468,0.2245,0.6675,0.6537,0.3463,0.0765,0.9235
19751420,0.1593,0.044,0.4584,0.3384,0.8545,0.1455,0.475,0.525
458015801,0.0179,0.0779,0.3016,0.6027,0.9798,0.0202,0.7062,0.2938
732779507506020400,0.0324,0.0537,0.4591,0.4548,0.0216,0.9784,0.0455,0.9545
463577491,0.0284,0.0178,0.3748,0.5789,0.0018,0.9982,0.09,0.91
1214712072908480500,0.0121,0.0156,0.5962,0.3761,0.9566,0.0434,0.3595,0.6405
1697485568,0.0204,0.1475,0.461,0.3711,0.4684,0.5316,0.2207,0.7793
205539403,0.0282,0.0294,0.5083,0.4341,0.3427,0.6573,0.1916,0.8084
1279878696967512e3,0.0017,0.006,0.6661,0.3262,0.0373,0.9627,0.1174,0.8826
1074998814,0.0629,0.0594,0.5017,0.3759,0.4265,0.5735,0.1422,0.8578
1238337211428372500,0.2332,0.1395,0.2359,0.3915,0.8331,0.1669,0.511,0.489
1.2331043137711841e+18,0.226,0.0824,0.3456,0.346,0.919,0.081,0.3858,0.6142
1083892386462384100,0.1992,0.013,0.0544,0.7334,0.0515,0.9485,0.98740000000000006,0.0126
755434290830315500,0.1051,0.0402,0.3625,0.4923,0.1026,0.8974,0.4477,0.5523
2502688904,0.2273,0.0388,0.1119,0.6221,0.5194,0.4806,0.9552,0.0448
145089913,0.0253,0.0282,0.4356,0.5109,0.0063,0.9937,0.0647,0.9353
14200865,0.1691,0.3308,0.2237,0.2764,0.0921,0.9079,0.0163,0.9837
2866075717,0.1534,0.01,0.2681,0.5685,0.0311,0.9689,0.3386,0.6614
1.2352637745395999e+18,0.0857,0.3255,0.3566,0.2322,0.6437,0.3563,0.2325,0.7675
1257539470015987700,0.1242,0.0092,0.112,0.7547,0.5047,0.4953,0.9512,0.0488
2439078403,0.2711,0.0822,0.3319,0.3148,0.9705,0.0295,0.897,0.103
902567978,0.0118,0.1189,0.6428,0.2264,0.9847,0.0153,0.0387,0.9613
2402553290,0.2235,0.0425,0.1901,0.5439,0.5919,0.4081,0.9645,0.0355
72349933,0.0105,0.0029,0.1433,0.8433,0.9854,0.0146,0.4547,0.5453
331629253,0.1306,0.1997,0.41,0.2597,0.9598,0.0402,0.1738,0.8262
29359894,0.0509,0.0595,0.3601,0.5296,0.9761,0.0239,0.2234,0.7766
468930205,0.0833,0.0783,0.1916,0.6468,0.9176,0.0824,0.2384,0.7616
103316756,0.0197,0.0605,0.4314,0.4884,0.011,0.989,0.1696,0.8304
118597647978129e4,0.0031,0.0029,0.2958,0.6982,0.9842,0.0158,0.5197,0.4803
130232886,0.0077,0.0016,0.0719,0.9188,0.0061,0.9939,0.2187,0.7813
1212433918848188400,0.0454,0.0798,0.7829,0.0919,0.0285,0.9715,0.0195,0.9805
99095270,0.3409,0.1202,0.4414,0.0975,0.4453,0.5547,0.4844,0.5156
955582479267782700,0.112,0.0217,0.2029,0.6634,0.5878,0.4122,0.9809,0.0191
1280756255385022500,0.0095,0.1252,0.6275,0.2378,0.0071,0.9929,0.0153,0.9847
377776716,0.0157,0.0329,0.4187,0.5327,0.9702,0.0298,0.7403,0.2597
1318362576158302200,0.2028,0.0228,0.083,0.6914,0.9082,0.0918,0.874,0.126
80438207,0.1287,0.0162,0.1661,0.689,0.9707,0.0293,0.9861,0.0139
1002669162517262300,0.197,0.1579,0.2895,0.3556,0.7201,0.2799,0.1917,0.8083
188826821,4e-4,7e-4,0.0157,0.9833,0.9948,0.0052,0.5812,0.4188
16664012,9e-4,5e-4,0.0279,0.9707,0.0051,0.9949,0.5871,0.4129
12382733026758e5,0.0052,0.0053,0.0858,0.9037,0.957,0.043,0.1081,0.8919
1091846620059189200,0.0416,0.0202,0.0376,0.9006,0.8713,0.1287,0.7981,0.2019
1167692112688758800,2e-4,1e-4,0.0055,0.9942,0.9694,0.0306,0.4502,0.5498
1027761321943748600,0.6865,0.2379,0.055,0.0206,0.1751,0.8249,0.0091,0.9909
1184956388209938400,0.1499,0.2647,0.5405,0.0449,0.0821,0.9179,0.0162,0.9838
1056149912675668e3,0.0423,0.096,0.6777,0.1839,0.5847,0.4153,0.0738,0.9262
1216378788340281300,0.0174,7e-4,0.0126,0.9693,0.7012,0.2988,0.9546,0.0454
45154536,0.0066,0.008,0.7205,0.265,0.8676,0.1324,0.2106,0.7894
1444480856,0.0085,0.0119,0.0369,0.9427,0.9882,0.0118,0.1711,0.8289
755520532750164e3,0.0034,0.0089,0.0496,0.9381,0.0647,0.9353,0.0512,0.9488
1084478854771757e3,0.0092,0.0316,0.3888,0.5704,0.9985,0.0015,0.19,0.81
1241044255675682800,1e-4,0,0.0036,0.9963,0.0042,0.9958,0.2788,0.7212
765648732507471900,0.0324,0.0728,0.4742,0.4205,0.0169,0.9831,0.0654,0.9346
1242258456108650500,0.0077,0.0034,0.3861,0.6029,0.9988,0.0012,0.4467,0.5533
14498920,0.1508,0.1101,0.3635,0.3756,0.0549,0.9451,0.0755,0.9245
3836008983,0.0107,0.039,0.6378,0.3125,0.998,0.002,0.1928,0.8072
49787356,0.0194,8e-4,0.0046,0.9752,0.9287,0.0713,0.9711,0.0289
1107298521466716200,0.1164,0.0682,0.3166,0.4988,0.9428,0.0572,0.3449,0.6551
901295442541121500,0.2911,0.0924,0.2224,0.3941,0.7929,0.2071,0.267,0.733
1228274008694624300,0.0228,0.0024,0.2954,0.6794,0.0241,0.9759,0.355,0.645
393509671,0.0972,0.0433,0.1679,0.6917,0.9683,0.0317,0.5098,0.4902
22171709,0.0342,0.1173,0.6931,0.1555,0.9955,0.0045,0.1405,0.8595
551247611,0.7133,0.1277,0.092,0.067,0.7976,0.2024,0.3758,0.6242
417921147,0.088,0.0785,0.5688,0.2647,0.8476,0.1524,0.1428,0.8572
824786634231136300,0.2541,0.1034,0.2584,0.3841,0.9635,0.0365,0.4655,0.5345
1250566525,9e-4,5e-4,0.0616,0.9369,0.9985,0.0015,0.3419,0.6581
466167887,0.4274,0.0338,0.229,0.3099,0.9603,0.0397,0.2851,0.7149
1214716212686606300,0.0047,0.0024,0.0474,0.9455,0.0665,0.9335,0.8599,0.1401
273615244,0.1656,0.3059,0.4491,0.0794,6e-4,0.9994,3e-4,0.9997
78674755,0.0045,0.0016,0.1254,0.8686,0.9386,0.0614,0.3444,0.6556
344892125,0.1328,0.1334,0.3762,0.3577,0.916,0.084,0.2515,0.7485
22959995,0.0032,0.0049,0.0104,0.9815,0.9941,0.0059,0.7561,0.2439
91453718,0.0017,0.9094,0.0823,0.0066,2e-4,0.9998,1e-4,0.9999
1178095352580317200,0.0734,0.0401,0.1218,0.7647,0.8877,0.1123,0.8915,0.1085
987176803,0.4889,0.1266,0.1317,0.2528,0.8645,0.1355,0.1848,0.8152
818601217739935700,0.0356,0.0266,0.6029,0.335,0.1647,0.8353,0.0792,0.9208
2988998907,0.0013,3e-4,0.0255,0.9729,0.0275,0.9725,0.5688,0.43120000000000003
1531185990,0.2805,0.2111,0.3884,0.1201,0.0498,0.9502,0.0936,0.9064
2931535376,0.1131,0.2849,0.4226,0.1795,0.9643,0.0357,0.062,0.938
27562033,0.0535,0.0467,0.339,0.5609,0.0386,0.9614,0.5589,0.4411
1136772811656126500,0.0216,0.083,0.3259,0.5695,0.9554,0.0446,0.2731,0.7269
730675758453002200,0.1551,0.074,0.3214,0.4495,0.9811,0.0189,0.3209,0.6791
3230021454,0.0024,0.0017,0.0371,0.9588,0.6237,0.3763,0.4722,0.5278
121291327,0.011,0.0089,0.0591,0.921,0.038,0.962,0.3773,0.6227
39866930,0.0049,0.0054,0.0368,0.9529,0.0811,0.9189,0.8986,0.1014
330675150,0.1276,0.2724,0.4232,0.1769,0.9745,0.0255,0.0479,0.9521
818301800,0.4665,0.2359,0.193,0.1046,0.1009,0.8991,0.2212,0.7788
883946452338196500,0.0026,0.0012,0.0469,0.9493,0.0037,0.9963,0.2464,0.7536
823270787234705400,0.0436,0.0625,0.5117,0.3823,0.8867,0.1133,0.3766,0.6234
51632627,0.0094,0.0053,0.0798,0.9054,0.9784,0.0216,0.531,0.469
902795336,8e-4,8e-4,0.0222,0.9761,0.0212,0.9788,0.1962,0.8038
1323045211002556400,0.1304,0.038,0.4635,0.3681,0.5942,0.4058,0.8362,0.1638
21948470,0.6542,0.2732,0.0559,0.0167,0.2687,0.7313,0.0665,0.9335
6535242,0.0373,0.1013,0.4303,0.431,0.9446,0.0554,0.3272,0.6728
844281463,0.0085,0.0401,0.4854,0.4661,0.0388,0.9612,0.0956,0.9044
122810273,0.0085,0.0604,0.3942,0.5369,0.0467,0.9533,0.0862,0.9138
215616407,0.0018,0.0061,0.0244,0.9677,0,1,0.0014,0.9986
1119962730579013600,0.1833,0.1801,0.3201,0.3166,0.7022,0.2978,0.6312,0.3688
400458442,0.0423,0.0314,0.2204,0.706,0.4566,0.5434,0.5488,0.4512
30202233,0.0101,0.0073,0.1891,0.7935,0.0386,0.9614,0.4365,0.5635
525641456,0.0053,0.0055,0.4995,0.4898,0.0295,0.9705,0.152,0.848
1051129297514172400,0.0149,0.0083,0.0995,0.8774,0.0206,0.9794,0.4081,0.5919
1259682006545215500,0.0045,0.0098,0.186,0.7998,0.0321,0.9679,0.2167,0.7833
91435441,0.1222,0.239,0.4126,0.2262,0.3853,0.6147,0.1538,0.8462
23543735,0.0031,0.0141,0.4294,0.5534,5e-4,0.9995,0.5287,0.4713
714403258308161500,0.0572,0.1175,0.7237,0.1016,0.0786,0.9214,0.1267,0.8733
590034112,0.0038,0.0089,0.2586,0.7286,0.9688,0.0312,0.2548,0.7452
514312091,0.0182,0.0072,0.0608,0.9137,0.8933,0.1067,0.5229,0.4771
738086854084419600,0.329,0.2869,0.2625,0.1216,0.9382,0.0618,0.0293,0.9707
3037664563,0.0361,0.2744,0.3823,0.3072,0.986,0.014,0.079,0.921
1277461277351317500,0.0066,8e-4,0.0107,0.9819,0.1466,0.8534,0.7237,0.2763
762252876,0.021,0.0118,0.3403,0.6269,0.9934,0.0066,0.4118,0.5882
1205615441290387500,0.211,0.0824,0.2124,0.4942,0.7986,0.2014,0.6815,0.3185
1223562619,0.0156,0.0516,0.206,0.7268,0.9832,0.0168,0.5191,0.4809
982669970940284900,0.5965,0.26,0.1036,0.04,0.103,0.897,0.0535,0.9465
1343221765,0.0179,0.0526,0.3205,0.6089,0.0261,0.9739,0.3983,0.6017
933693476,0.009,0.0039,0.0855,0.9016,0.7093,0.2907,0.4259,0.5741
602935385,0.0079,0.0061,0.048,0.9381,0.0446,0.9554,0.5549,0.4451
1186439608726212600,0.0451,0.8118,0.1196,0.0235,0.9833,0.0167,0.0013,0.9987
25637472,0.0292,0.0194,0.2859,0.6655,0.9251,0.0749,0.3141,0.6859
556250187,0.4963,0.2863,0.1563,0.0612,0.9932,0.0068,0.2478,0.7522
13283002,0.0043,0.0511,0.7982,0.1464,0.9997,3e-4,0.0075,0.9925
1169789330455445500,0.0033,0.0042,0.1261,0.8665,0.9121,0.0879,0.1609,0.8391
806518977589612500,0.0394,0.0074,0.046,0.9072,0.8823,0.1177,0.9784,0.0216
1316022793041969200,0.3411,0.1966,0.2454,0.2168,0.6183,0.3817,0.2162,0.7838
14287908,0.2748,0.4345,0.2171,0.0736,0.1942,0.8058,0.053,0.947
60257586,0.004,0.0053,0.2907,0.7,0.999,0.001,0.5392,0.4608
800550913,0.0058,0.1254,0.3702,0.4986,0.7184,0.2816,0.0759,0.9241
761851908,0.0071,0.0168,0.3666,0.6095,0.0684,0.9316,0.2055,0.7945
2789478210,0.1563,0.1418,0.292,0.4099,0.8928,0.1072,0.6138,0.3862
849076167026114600,0.1364,0.0659,0.1551,0.6426,0.8594,0.1406,0.167,0.833
820649201570816e3,0.0177,0.0247,0.1719,0.7858,0.0455,0.9545,0.4241,0.5759
1061584949206286300,0.1963,0.093,0.4554,0.2553,0.0824,0.9176,0.1552,0.8448
761334964772143100,0.2343,0.0975,0.2015,0.4668,0.257,0.743,0.6177,0.3823
1277299577159389200,0.0517,0.025,0.2188,0.7045,0.7667,0.2333,0.2498,0.7502
2288895539,0.2661,0.4731,0.1919,0.0688,0.0439,0.9561,0.0147,0.9853
2248490589,0.0255,0.0158,0.2863,0.6724,0.2053,0.7947,0.2783,0.7217
2809753898,6e-4,6e-4,0.0228,0.976,0.043,0.957,0.1965,0.8035
742067080397197300,0.0345,0.0553,0.6702,0.2401,0.9806,0.0194,0.3362,0.6638
53243599,0.005,0.0233,0.2698,0.702,0.3583,0.6417,0.4366,0.5634
857963417189142500,0.186,0.0193,0.2175,0.5772,0.4659,0.5341,0.6642,0.3358
1725883014,0.0629,0.3185,0.5597,0.0589,0.0134,0.9866,0.0449,0.9551
17982838,0.053,0.0429,0.1493,0.7548,0.9518,0.0482,0.2978,0.7022
756953706071859200,0.0667,0.019,0.199,0.7154,0.8538,0.1462,0.8409,0.1591
67355952,0.3981,0.0213,0.1086,0.472,0.9359,0.0641,0.982,0.018
27896343,0.2104,0.427,0.1592,0.2034,0.1793,0.8207,0.0728,0.9272
517961389,0.2114,0.4369,0.2882,0.0634,0.9503,0.0497,0.0318,0.9682
2230795552,0.1378,0.0696,0.3263,0.4662,0.2492,0.7508,0.2244,0.7756
1979356783,0.0244,0.068,0.3043,0.6033,0.0237,0.9763,0.2167,0.7833
720664083767435300,4e-4,0.0013,0.0503,0.948,0.0078,0.9922,0.5339,0.4661
818438278714191900,0.3408,0.0315,0.1247,0.503,0.8878,0.1122,0.9599,0.0401
31111732,0.043,0.0355,0.5566,0.3649,0.9762,0.0238,0.1597,0.8403
839222043140751400,0.0685,0.012,0.1447,0.7748,0.9554,0.0446,0.598,0.402
344355427,0.2767,0.2351,0.2755,0.2128,0.0724,0.9276,0.3596,0.6404
337776672,0.0062,0.0159,0.1551,0.8228,0.8193,0.1807,0.1255,0.8745
23642675,0.0059,0.0038,0.1012,0.8891,0.0136,0.9864,0.0761,0.9239
395573855,0.0338,0.0178,0.3244,0.624,0.7887,0.2113,0.8429,0.1571
53203254,0.4732,0.1668,0.2442,0.1159,0.7664,0.2336,0.3761,0.6239
269480632,0.0752,0.0154,0.069,0.8404,0.1848,0.8152,0.6002,0.3998
924519457,0.3329,0.5591,0.0589,0.049,0.0992,0.9008,0.0164,0.9836
746792468167917600,0.2047,0.1316,0.27,0.3937,0.7004,0.2996,0.6269,0.3731
973992565484728300,0.0114,0.0074,0.1859,0.7953,0.9743,0.0257,0.8524,0.1476
131907350,0.1435,0.0639,0.4428,0.3499,0.9891,0.0109,0.2436,0.7564
3177025910,0.9231,0.0449,0.0142,0.0178,0.3546,0.6454,0.1071,0.8929
2993975016,0.0158,0.0073,0.1027,0.8742,0.5307,0.4693,0.8515,0.1485
920534548252827600,0.1673,0.2072,0.4805,0.145,0.9992,8e-4,0.0844,0.9156
622596896,0.0186,0.0298,0.1468,0.8048,0.9852,0.0148,0.5318,0.4682
16488387,0.0822,0.0691,0.3713,0.4774,0.9902,0.0098,0.23,0.77
823025401861697500,0.0158,0.0893,0.5309,0.3639,0.077,0.923,0.0848,0.9152
52146805,0.0148,0.0563,0.1098,0.8191,0.995,0.005,0.1416,0.8584
1269078457713143800,0.0157,0.3825,0.5324,0.0694,0.0458,0.9542,0.0342,0.9658
502225187,0.1464,0.0181,0.2086,0.6269,0.8484,0.1516,0.9418,0.0582
1101530128159391700,0.069,0.0061,0.0718,0.8531,0.9141,0.0859,0.8251,0.1749
939764455,0.1103,0.1121,0.2121,0.5655,0.7426,0.2574,0.8959,0.1041
57006119,0.0122,0.0518,0.6439,0.2921,0.7324,0.2676,0.221,0.779
4481837592,0.0222,0.3462,0.5079,0.1237,0.949,0.051,0.0947,0.9053
1283591768420868e3,0.0134,0.1504,0.5134,0.3227,0.9695,0.0305,0.2162,0.7838
779197317601779700,0.0309,0.1787,0.5087,0.2818,0.9256,0.0744,0.3084,0.6916
343404637,0.0094,0.0014,0.0188,0.9704,0.8681,0.1319,0.86240000000000006,0.1376
28055330,0.0298,0.0018,0.0715,0.8969,0.5442,0.4558,0.9384,0.0617
174267385,0.0046,0.032,0.7225,0.2408,0.0359,0.9641,0.1511,0.8489
69672049,0.0048,0.0079,0.3206,0.6667,0.0056,0.9944,0.2871,0.7129
2302015590,5e-4,8e-4,0.099,0.8997,0.9941,0.0059,0.2402,0.7598
900772904106897400,0.0011,3e-4,0.0311,0.9676,0.9716,0.0284,0.3215,0.6785
79574142,0.0133,0.0054,0.1307,0.8506,0.8206,0.1794,0.6392,0.3608
1017156382842376200,0.1823,0.5367,0.2028,0.0781,0.0254,0.9746,0.0228,0.9772
69405618,0.0123,0.3184,0.6231,0.0462,0.9999,1e-4,1e-4,0.9999
3040202438,0.1113,0.224,0.0787,0.5859,0.0276,0.9724,0.0576,0.9424
797508560,0.6128,0.0928,0.1057,0.1887,0.9419,0.0581,0.7707,0.2293
874728912,0.0788,0.1783,0.2977,0.4451,0.9672,0.0328,0.2859,0.7141
18001783,1e-4,0,0.0019,0.9979,3e-4,0.9997,0.0385,0.9615
46240599,0.0017,0.001,0.3035,0.6937,1,0,0.0026,0.9974
153646279,0.0339,0.0355,0.6401,0.2905,0.9906,0.0094,0.2636,0.7364
246422729,0.0071,0.0093,0.2817,0.7018,0.9762,0.0238,0.1648,0.8352
923690065351643100,0.0235,0.0454,0.8254,0.1057,0.9946,0.0054,0.0436,0.9564
1212070784,0.0152,0.0092,0.4155,0.5602,0.9769,0.0231,0.3928,0.6072
1126414392080232400,0.1571,0.4744,0.1569,0.2116,0.753,0.247,0.0758,0.9242
1284539638376366e3,0.0243,0.0064,0.0793,0.89,0.9337,0.0663,0.8913,0.1087
49446566,0.0123,0.0012,0.0486,0.9379,0.6301,0.3699,0.9821,0.0179
3384262751,0.0041,0.0021,0.0921,0.9017,0.4158,0.5842,0.6914,0.3086
1.1874003759361761e+18,0.0471,0.0034,0.027,0.9225,0.6011,0.3989,0.9484,0.0516
31694616,0.1122,0.053900000000000003,0.4924,0.3414,0.9828,0.0172,0.2047,0.7953
912031759432323100,0.003,0.0023,0.106,0.8887,0.993,0.007,0.3282,0.6718
131325477,0.1413,0.0773,0.1635,0.6179,0.8259,0.1741,0.8049,0.1951
3772910893,3e-4,0.0034,0.8993,0.0969,0.9896,0.0104,0.0277,0.9723
2462035774,0.0562,0.017,0.4787,0.448,0.5647,0.4353,0.974,0.026
172999008,0.359,0.1154,0.2125,0.3131,0.1939,0.8061,0.9254,0.0746
1213277127568609300,0.037,0.0086,0.2375,0.7169,0.4033,0.5967,0.9283,0.0717
851628625023696900,0.2308,0.3277,0.4186,0.0229,0.9809,0.0191,0.0492,0.9508
990483994763563e3,0.015,0.0077,0.4468,0.5305,0.9967,0.0033,0.2546,0.7454
17058441,0.1764,0.0419,0.3023,0.4794,0.7912,0.2088,0.3828,0.6172
1000488042438766600,0.0881,0.0125,0.1226,0.7768,0.6779,0.3221,0.974,0.026
897286601272950800,0.0981,0.0528,0.317,0.5321,0.3985,0.6015,0.7135,0.2865
722918508724551700,0.0423,0.0397,0.4968,0.4213,0.9901,0.0099,0.2551,0.7449
26501703,0.0226,0.0274,0.0363,0.9137,0.6621,0.3379,0.7918,0.2082
184408339,0.0763,0.1073,0.4473,0.3691,0.1631,0.8369,0.2714,0.7286
1267973189872861200,0.011,0.1084,0.1148,0.7658,3e-4,0.9997,9e-4,0.9991
35657173,0.0794,0.0941,0.3753,0.4513,0.3769,0.6231,0.5351,0.4649
251173220,0.0255,0.0338,0.3052,0.6355,0.0105,0.9895,0.0729,0.9271
21220612,0.0594,0.0083,0.1419,0.7904,0.9134,0.0866,0.8258,0.1742
1083328025540915200,0.0529,0.0729,0.5199,0.3542,0.1789,0.8211,0.3025,0.6975
2334633194,0.0118,0.0423,0.8394,0.1064,0.0047,0.9953,0.0162,0.9838
745707133,0.0952,0.1504,0.4577,0.2968,0.2221,0.7779,0.3293,0.6707
42704853,0.6135,0.3431,0.0308,0.0126,0.1023,0.8977,0.0079,0.9921
41507583,0.0063,0.003,0.8687,0.122,0.0444,0.9556,0.245,0.755
928642465762021400,0.1485,0.0816,0.1973,0.5726,0.2788,0.7212,0.78,0.22
934269901,0.0047,0.0062,0.3667,0.6224,0.9923,0.0077,0.296,0.704
139172366,1e-4,1e-4,0.0036,0.9962,0.8839,0.1161,0.5727,0.4273
883008827054067700,0.0103,0.0081,0.2273,0.7544,0.1184,0.8816,0.6589,0.3411
1105630468869894100,0.115,0.0622,0.2535,0.5692,0.8151,0.1849,0.8284,0.1716
617554173,0.0044,0.0012,0.0895,0.905,0.0035,0.9965,0.0935,0.9065
119277305,0.0045,0.0023,0.0747,0.9185,0.9956,0.0044,0.5842,0.4158
947954909474799600,0.0044,0.1606,0.5483,0.2867,0.9955,0.0045,0.0251,0.9749
2358558067,0.0294,0.0494,0.7416,0.1796,0.7006,0.2994,0.1401,0.8599
921193314283589600,0.1808,0.0661,0.2115,0.5416,0.6167,0.3833,0.7721,0.2279
1197621270797525e3,0.024,0.0044,0.0934,0.8782,0.7197,0.2803,0.6104,0.3896
772622908187406300,0.3152,0.1143,0.4014,0.1691,0.1774,0.8226,0.2191,0.7809
885722252,0.0057,0.0011,0.0399,0.9533,0.0129,0.9871,0.3131,0.6869
2383177280,1e-4,0.0108,0.3752,0.6139,0.9981,0.0019,0.0222,0.9778
920753827334074400,0.0047,0.0044,0.407,0.5838,0.9991,9e-4,0.1631,0.8369
1167426293106905e3,9e-4,0.0087,0.5657,0.4247,0.0079,0.9921,0.037,0.963
40093495,0.0815,0.0732,0.2324,0.613,0.8713,0.1287,0.1203,0.8797
1048171280963436500,0.073,0.0656,0.4823,0.3792,0.9903,0.0097,0.4265,0.5735
87516908,0.1396,0.3763,0.3289,0.1552,0.3491,0.6509,0.1124,0.8876
2605653674,0.2956,0.6359,0.0583,0.0103,0.5603,0.4397,0.0043,0.9957
212341514,0.0969,0.0729,0.2351,0.5951,0.0992,0.9008,0.3063,0.6937
702891291533668400,0.0946,0.0123,0.0968,0.7962,0.725,0.2751,0.8636,0.1364
1047480789628342300,0.034,0.0562,0.36,0.5498,0.8526,0.1474,0.3637,0.6363
1305863192686534700,0.0172,9e-4,0.0494,0.9325,0.4107,0.5893,0.5338,0.4662
1291257183758254e3,0.2139,0.1875,0.3171,0.2815,0.9536,0.0464,0.1566,0.8434
402233237,0.0916,0.0216,0.119,0.7678,0.7418,0.2582,0.4973,0.5027
1302390589493780500,0.0083,0.0409,0.4453,0.5055,0.99,0.01,0.0551,0.9449
763059465033769e3,0.3698,0.0858,0.4021,0.1422,0.4576,0.5424,0.1099,0.8901
1036103780326993900,0.0465,0.0084,0.1347,0.8104,0.9289,0.0711,0.5735,0.4265
1321793253876879400,0.0066,0.0014,0.1751,0.8169,0.86240000000000006,0.1376,0.7648,0.2352
521112927,0.0305,0.0184,0.1411,0.81,0.9559,0.0441,0.176,0.824
25536762,0.1357,0.0866,0.3437,0.434,0.667,0.333,0.5025,0.4975
801112402188189700,0.001,8e-4,0.0214,0.9768,0.0124,0.9876,0.0994,0.9006
1258927829367918600,0.0035,0.0085,0.6676,0.3205,0.0159,0.9841,0.0703,0.9297
973722435928260600,0.1319,0.2303,0.3116,0.3262,0.4557,0.5443,0.5227,0.4773
32463552,0.0439,0.0202,0.8083,0.1276,0.047,0.953,0.1676,0.8324
614099926,0.0108,0.3341,0.6247,0.0304,1e-4,0.9999,0,1
130312148596847e4,0.0114,0.0178,0.2727,0.6982,0.007,0.993,0.3466,0.6534
974835808514531300,0.0041,3e-4,0.0339,0.9617,0.9843,0.0157,0.7424,0.2576
1261313859425415200,0.1485,0.0358,0.2278,0.5879,0.1893,0.8107,0.6483,0.3517
1020774478601760800,0.0578,0.0436,0.5695,0.329,0.8744,0.1256,0.363,0.637
3187450379,0.023,0.0203,0.1619,0.7948,0.0229,0.9771,0.0776,0.9224
4094975841,0.0017,0.0148,0.6866,0.297,0.001,0.999,0.0881,0.9119
821157370340393e3,0.0138,0.0211,0.7635,0.2016,0.2546,0.7454,0.0998,0.9002
750496254,0.0176,0.0086,0.2505,0.7233,0.2701,0.7299,0.6759,0.3241
343871222,0.0061,0.0041,0.2698,0.7199,0.0429,0.9571,0.1641,0.8359
1295078661104836600,0.1217,0.0707,0.2893,0.5182,0.6938,0.30620000000000003,0.6095,0.3905
970371703,0.0519,0.0275,0.2864,0.6343,0.8321,0.1679,0.6737,0.3263
844702421905539100,0.009,0.01,0.2764,0.7046,2e-4,0.9998,0.019,0.981
829820934370517e3,0.0028,0.0234,0.8439,0.1298,0.9955,0.0045,0.0072,0.9928
2816449607,0.1793,0.5378,0.1632,0.1197,0.0392,0.9608,0.026,0.974
47979120,0.0634,0.0146,0.0506,0.8714,0.8947,0.1053,0.7742,0.2258
47804650,0.1896,0.147,0.3199,0.3435,0.6149,0.3851,0.2134,0.7866
135346608,0.0018,0.0021,0.0886,0.9074,0.9992,8e-4,0.4947,0.5053
202846498,0.0246,0.3363,0.5162,0.1228,0.9681,0.0319,0.0171,0.9829
1079443335083741200,0.0101,0.0046,0.1538,0.8315,0.2471,0.7529,0.2178,0.7822
16511208,0.329,0.1647,0.1375,0.3688,0.9647,0.0353,0.0732,0.9268
77921043,0.0712,0.1178,0.3933,0.4178,0.836,0.164,0.1499,0.8501
1205708677933453300,0.0231,0.0175,0.2569,0.7025,0.02,0.98,0.3807,0.6193
43994832,0.026,0.0616,0.6399,0.2726,0.0593,0.9407,0.122,0.878
570886014,0.0189,0.0292,0.1707,0.7812,0.8631,0.1369,0.4271,0.5729
475080205,0.0441,0.0354,0.0946,0.8259,0.8836,0.1164,0.9424,0.0576
939566344449781800,0.2962,0.0367,0.2211,0.4461,0.8579,0.1421,0.9321,0.0679
482466047,0.0089,0.0355,0.8597,0.0958,0.9981,0.0019,0.0566,0.9434
229640679,0.0105,0.009,0.3094,0.6711,0.9981,0.0019,0.1373,0.8627
1132310865087205400,0.21560000000000001,0.0601,0.4007,0.3235,0.8982,0.1018,0.3913,0.6087
819036254977167400,0.0722,0.0301,0.2743,0.6234,0.4976,0.5024,0.8782,0.1218
1323480271673462800,0.0314,0.0842,0.4866,0.3978,0.9738,0.0262,0.057,0.943
3000445584,0.0073,0.0057,0.109,0.878,0.9042,0.0958,0.6541,0.3459
27067705,0.113,0.0731,0.1157,0.6982,0.9197,0.0803,0.5103,0.4897
79797487,0.0441,0.0361,0.1169,0.8029,0.9238,0.0762,0.958,0.042
156568938,0.0066,0.0011,0.0801,0.9122,0.2558,0.7442,0.7507,0.2493
1207869448469786600,0.1009,0.181,0.5972,0.1209,0.9901,0.0099,0.1196,0.8804
1176841642034290700,0.1151,0.1662,0.5535,0.1653,0.9291,0.0709,0.0557,0.9443
3620445316,0.1746,0.389,0.2763,0.1602,0.9845,0.0155,0.0347,0.9653
29475311,0.0158,0.0013,0.0407,0.9422,0.4107,0.5893,0.9363,0.0637
3482708422,0.0326,0.661,0.2928,0.0136,0.0348,0.9652,0.0015,0.9985
172663952,0.0119,0.0301,0.325,0.633,0.6951,0.3049,0.2597,0.7403
1075152686696292400,0.0095,0.0059,0.1416,0.843,0.9878,0.0122,0.3439,0.6561
20556604,0.1142,0.2197,0.5271,0.139,0.0998,0.9002,0.0374,0.9626
381234311,0.7011,0.1288,0.0615,0.1086,0.4255,0.5745,0.538,0.462
28854023,0.5219,0.1991,0.177,0.1021,0.2066,0.7934,0.1458,0.8542
3240529617,0.0608,0.0405,0.2124,0.6863,0.0307,0.9693,0.1236,0.8764
811209924470538200,0.0423,0.0865,0.3973,0.474,0.9605,0.0395,0.2772,0.7228
2884076764,0.1372,0.2858,0.2831,0.2939,0.1253,0.8747,0.1056,0.8944
92937715,0.0447,0.0168,0.2112,0.7273,0.2617,0.7383,0.18,0.82
3821011276,0.06,0.0271,0.1706,0.7423,0.5277,0.4723,0.8824,0.1176
765550434643619800,0.3632,0.212,0.268,0.1568,0.9881,0.0119,0.2422,0.7578
824285712933601300,0.0734,0.009,0.2418,0.6759,0.0015,0.9985,0.1,0.9
46202755,0.0664,0.1068,0.3792,0.4476,0.6432,0.3568,0.2783,0.7217
300629341,0.0048,0.0124,0.5295,0.4533,5e-4,0.9995,0.0257,0.9743
919982894,0.434,0.0692,0.2304,0.2663,0.2774,0.7226,0.5179,0.4821
316102811,0.0028,0.0014,0.0531,0.9427,0.0347,0.9653,0.1556,0.8444
3822764956,0.1771,0.2086,0.4321,0.1821,0.9747,0.0253,0.1947,0.8053
808642507961671700,0.1254,0.0546,0.177,0.643,0.9542,0.0458,0.6575,0.3425
1263211065770250200,0.0102,0.0063,0.0614,0.9221,0.6561,0.3439,0.3629,0.6371
841061291045318700,0.1005,0.1091,0.3332,0.4572,0.0941,0.9059,0.4847,0.5153
52543416,0.007,0.0199,0.6175,0.3555,0.0522,0.9478,0.0625,0.9375
21269662,0.0542,0.0235,0.1932,0.7291,0.6599,0.3401,0.4042,0.5958
2511965764,0.1811,0.1007,0.338,0.3802,0.8175,0.1825,0.4285,0.5715
257688632,0.137,0.1823,0.389,0.2916,0.9466,0.0534,0.1451,0.8549
16898122,0.0267,0.1068,0.6259,0.2406,0.987,0.013,0.3168,0.6832
192725624,0.0175,0.0023,0.1788,0.8014,0.9928,0.0072,0.7794,0.2206
1120351543746809900,6e-4,8e-4,0.0505,0.948,0.9898,0.0102,0.1507,0.8493
1324186048407240700,0.1576,0.0973,0.2176,0.5275,0.5241,0.4759,0.7643,0.2357
1263272129673429e3,0.1139,0.1684,0.3951,0.3227,0.8654,0.1346,0.1368,0.8632
30976812,4e-4,0.0019,0.0058,0.9919,0.9805,0.0195,0.162,0.838
258329912,0.003,0.0173,0.0593,0.9205,0.3269,0.6731,0.0213,0.9787
800904228,0.0042,0.004,0.0818,0.9101,0.8288,0.1712,0.4817,0.5183
1315826233800683500,0.045,0.0538,0.7705,0.1307,0.91,0.09,0.6839,0.3161
20355040,0.4539,0.0706,0.1455,0.33,0.6146,0.3854,0.5733,0.4267
466897897,0.0024,0.0056,0.2623,0.7297,0.9811,0.0189,0.1961,0.8039
3515738421,0.3351,0.0947,0.2861,0.2841,0.9745,0.0255,0.166,0.834
1925367266,0.0445,0.081,0.4152,0.4593,0.0372,0.9628,0.1689,0.8311
327220046,0.0144,0.03,0.7545,0.201,0.9177,0.0823,0.5923,0.4077
606586541,0.0897,0.0137,0.2553,0.6413,0.8477,0.1523,0.9821,0.0179
1174194700686958600,0.0327,0.0516,0.5155,0.4003,0.9451,0.0549,0.274,0.726
2190879877,0.0011,0.0013,0.125,0.8726,0.998,0.002,0.7091,0.2909
2503590801,0.1326,0.2004,0.362,0.3049,0.9641,0.0359,0.1131,0.8869
23024891,0.2823,0.2866,0.3297,0.1014,0.9326,0.0674,0.1247,0.8753
23220961,0.0079,0.0286,0.632,0.3314,0.9127,0.0873,0.1625,0.8375
904192565959950300,3e-4,1e-4,0.0046,0.9949,0.0043,0.9957,0.6403,0.3597
759155409504473100,0.0021,0.0041,0.1058,0.8881,0.9976,0.0024,0.3321,0.6679
1269918553,0.0596,0.0334,0.3336,0.5735,0.0553,0.9447,0.2886,0.7114
1317933183707611100,0.0699,0.0878,0.3896,0.4527,0.0721,0.9279,0.1249,0.8751
920073477897572400,0.0873,0.0399,0.1785,0.6942,0.649,0.351,0.6338,0.3662
752005088,0.0064,0.014,0.2034,0.7761,0.844,0.156,0.3651,0.6349
1053389377,0.0033,0.0032,0.2782,0.7153,0.9995,5e-4,0.7423,0.2577
61621659,0.1244,0.0191,0.1896,0.6669,0.4057,0.5943,0.9822,0.0178
280848678,0.3245,0.1939,0.2449,0.2367,0.888,0.112,0.1256,0.8744
131318982273178e4,0.0056,0.0062,0.1161,0.872,0.9203,0.0797,0.158,0.842
3257125194,0.8973,0.0479,0.0288,0.026,0.181,0.819,0.2785,0.7215
845763522,0.0409,0.005,0.3036,0.6506,0.1503,0.8497,0.6956,0.3044
385618334,0.0563,0.2655,0.4785,0.1997,0.9298,0.0702,0.1513,0.8487
1322756790359085e3,0.0241,0.0138,0.2197,0.7424,0.9164,0.0836,0.173,0.827
1287577431033823200,0.7515,0.1672,0.0701,0.0112,0.982,0.018,0.0632,0.9368
1112178122605105200,0.5487,0.1725,0.1154,0.1634,0.8711,0.1289,0.2748,0.7252
33983488,0.1178,0.0269,0.1846,0.6707,0.6261,0.3739,0.9406,0.0594
900271822465380400,0.0633,0.6877,0.197,0.0521,0.5836,0.4164,0.0544,0.9456
822942610809466900,0.3539,0.0335,0.1735,0.439,0.9818,0.0182,0.9767,0.0233
1313346259638521900,0.1882,0.0299,0.0995,0.6823,0.6413,0.3587,0.7166,0.2834
31417897,0.6415,0.1367,0.0829,0.1389,0.7687,0.2313,0.3734,0.6266
579160011,0.3341,0.2159,0.1801,0.2699,0.136,0.864,0.5763,0.4237
39563063,0.0334,0.0222,0.397,0.5474,0.9957,0.0043,0.0193,0.9807
1596090948,0.084,0.383,0.4086,0.1244,0.0107,0.9893,0.0329,0.9671
46879246,0.3398,0.2424,0.229,0.1889,0.8105,0.1895,0.1373,0.8627
880914363305144300,0.173,0.1701,0.335,0.3219,0.8659,0.1341,0.2809,0.7191
756356482254377e3,0.0293,0.1075,0.4945,0.3686,0.9509,0.0491,0.1421,0.8579
1259918058065473500,0.0962,0.0663,0.4043,0.4331,0.5926,0.4074,0.2779,0.7221
45196561,0.0042,0.008,0.2623,0.7254,0.9725,0.0275,0.1331,0.8669
34106844,0.0443,0.0072,0.1361,0.8124,0.9107,0.0893,0.8879,0.1121
842073985202442200,0.0025,0.0015,0.0885,0.9075,0.0956,0.9044,0.2103,0.7897
1283917654307176400,9e-4,0.0011,0.0116,0.9864,0.0109,0.9891,0.0543,0.9457
3318228600,0.01,0.2389,0.5281,0.2231,0.988,0.012,0.0342,0.9658
44670763,0.8951,0.0649,0.0307,0.0092,0.3719,0.6281,0.048,0.952
125723434,0.0085,0.0025,0.0746,0.9143,0.8067,0.1933,0.3384,0.6616
2356942944,0.0637,0.0482,0.3426,0.5455,0.9922,0.0078,0.3107,0.6893
1265076229540987e3,0.1607,0.2078,0.4734,0.1581,0.0169,0.9831,0.0419,0.9581
370983383,0.2455,0.2033,0.2881,0.2631,0.4109,0.5891,0.1615,0.8385
575857218,0.2225,0.3839,0.3799,0.0138,0.9092,0.0908,0.001,0.999
2783966103,0.0039,5e-4,0.0629,0.9327,0.0032,0.9968,0.5017,0.4983
33315010,0.0155,0.0235,0.108,0.853,0.0063,0.9937,0.0247,0.9753
3199160650,0.0015,0.0034,0.1601,0.835,0.9656,0.0344,0.308,0.692
1128916842,0.0364,0.0399,0.4295,0.4943,0.9601,0.0399,0.1574,0.8426
74336642,0.0126,0.0423,0.3761,0.569,0.9472,0.0528,0.1689,0.8311
826129656856207400,0.0771,0.1635,0.4126,0.3468,0.3097,0.6903,0.0755,0.9245
734592072,0.0531,0.1894,0.533,0.2245,0.7913,0.2087,0.0757,0.9243
1129934481853505500,0.008,0.0098,0.2219,0.7603,0.9912,0.0088,0.1591,0.8409
113674416,0.5019,0.2235,0.1452,0.1294,0.8703,0.1297,0.2455,0.7545
408229293,0.1885,0.0514,0.5234,0.2367,0.1249,0.8751,0.3024,0.6976
2494677936,0.0958,0.8749,0.0234,0.0059,0.0627,0.9373,0.0028,0.9972
16321148,0.0718,0.0412,0.5635,0.3235,0.9335,0.0665,0.7472,0.2528
806249173532217300,0.0471,0.0572,0.3249,0.5708,0.9815,0.0185,0.2556,0.7444
8.2295044010717594e+17,0.278,0.1863,0.2719,0.2638,0.9159,0.0841,0.1663,0.8337
202898021,0.0104,0.0107,0.1752,0.8038,0.9923,0.0077,0.6074,0.3926
16190478,0.1803,0.3158,0.3327,0.1711,0.8553,0.1447,0.0432,0.9568
758380057203093500,0.0301,0.0468,0.3997,0.5235,0.9787,0.0213,0.4383,0.5617
1890848160,0.0163,0.0736,0.286,0.624,0.1469,0.8531,0.7647,0.2353
1149353412,0.0063,5e-4,0.035,0.9581,0.9931,0.0069,0.8218,0.1782
1254556114982756400,0.0224,0.0276,0.1412,0.8088,0.9001,0.0999,0.2741,0.7259
170402706,0.3822,0.2041,0.2744,0.1394,3e-4,0.9997,0.0043,0.9957
918096825957126100,0.0306,0.0124,0.2401,0.7168,0.9691,0.0309,0.5855,0.4145
1045423905723170800,0.0565,0.0378,0.5361,0.3696,0.023,0.977,0.4159,0.5841
16054602,0.3691,0.1272,0.1234,0.3803,0.8807,0.1193,0.6267,0.3733
1268131256413413400,0.0025,0.001,0.0419,0.9545,0.9932,0.0068,0.5297,0.4703
1643747220,0.0132,0.0387,0.2723,0.6758,0.9992,8e-4,0.895,0.105
822711373293559800,0.0011,8e-4,0.0541,0.9441,0.9968,0.0032,0.1944,0.8056
1042813946380673e3,0.0361,0.0139,0.3545,0.5955,0.0634,0.9366,0.0789,0.9211
4390331,0.0041,0.0651,0.3818,0.549,0.9897,0.0103,0.0448,0.9552
833581752,0.0489,0.0213,0.2877,0.642,0.9101,0.0899,0.6627,0.3373
354442485,0.2828,0.0997,0.1764,0.4412,0.3983,0.6017,0.9099,0.0901
381714870,0.1188,0.5572,0.156,0.168,0.7635,0.2365,0.0619,0.9381
1026089284980408300,0.0666,0.0763,0.4775,0.3797,0.2012,0.7988,0.0624,0.9376
1247555773351309300,0.0154,0.0101,0.1639,0.8107,0.9638,0.0362,0.2863,0.7137
8.9206413557128806e+17,0.10780000000000001,0.1028,0.4395,0.3499,0.9784,0.0216,0.36870000000000003,0.6313
162902841,0.3269,0.1506,0.4253,0.0973,0.928,0.072,0.1879,0.8121
1277746150997725200,0.0082,0.0491,0.5622,0.3804,0.9837,0.0163,0.0948,0.9052
1248330375581126700,0.1561,0.0369,0.0445,0.7625,0.8459,0.1541,0.8659,0.1341
409571529,0.0172,0.0397,0.5951,0.3479,0.9535,0.0465,0.1441,0.8559
93380289,4e-4,2e-4,0.0188,0.9806,0.9978,0.0022,0.5064,0.4936
1127718509880807400,0.0275,0.0167,0.4776,0.4782,0.6956,0.3044,0.1046,0.8954
3386114832,0.3958,0.1921,0.3104,0.1018,0.1582,0.8418,0.0346,0.9654
3169994835,0.0071,0.0045,0.1298,0.8586,0.5423,0.4577,0.3668,0.6332
1176919666624778200,0.0346,0.0287,0.3613,0.5754,0.8907,0.1093,0.5861,0.4139
32337835,0.0795,0.0494,0.6855,0.1856,0.0095,0.9905,0.1192,0.8808
987419369599676400,0.0356,0.034,0.229,0.7014,0.945,0.055,0.0598,0.9402
28008242,0.0169,0.0028,0.0331,0.9472,0.9538,0.0462,0.8584,0.1416
899401541177622500,0.05,0.051,0.4024,0.4967,0.9957,0.0043,0.7253,0.2747
132644117,0.0908,0.0095,0.1142,0.7855,0.8839,0.1161,0.9724,0.0276
275306442,0.5771,0.268,0.1023,0.0526,0.4695,0.5305,0.0093,0.9907
1179440724300980200,0.0535,0.0272,0.1692,0.7502,0.841,0.159,0.6482,0.3518
2851490300,0.067,0.0693,0.4902,0.3735,0.9508,0.0492,0.0636,0.9364
1253388885146636300,0.8063,0.0807,0.0395,0.0735,0.8796,0.1204,0.4436,0.5564
77562748,0.1717,0.3138,0.303,0.2114,0.2676,0.7324,0.2431,0.7569
1319341846221521e3,0.0116,0.051,0.9084,0.0289,5e-4,0.9995,2e-4,0.9998
299122796,0.003,0.0444,0.8579,0.0946,0.0195,0.9805,0.0339,0.9661
141482349,1e-4,2e-4,0.071,0.9287,0.0039,0.9961,0.2788,0.7212
803860207,0.0012,9e-4,0.0796,0.9183,0.9941,0.0059,0.8569,0.1431
1170844855129362400,0.0455,0.0055,0.001,0.9479,0.0239,0.9761,0.0093,0.9907
841413124871868400,0.2682,0.1923,0.4873,0.0522,0.0292,0.9708,0.0779,0.9221
16489831,0.1838,0.5028,0.1922,0.1212,0.5878,0.4122,0.0321,0.9679
841053389559599100,0.015,0.0071,0.1912,0.7868,0.949,0.051,0.08,0.92
21936941,0.0764,0.1091,0.6044,0.2101,0.0123,0.9877,0.037,0.963
21993294,0.0441,0.0093,0.0576,0.889,0.5391,0.4609,0.7137,0.2863
766052262,0.0487,0.0073,0.247,0.6969,0.0933,0.9067,0.9123,0.0877
835763551633567700,0.0428,0.0509,0.2102,0.6961,0.2595,0.7405,0.7852,0.2148
738866875598131200,0.0022,8e-4,0.0623,0.9347,0.9886,0.0114,0.4978,0.5022
1179123017009393700,0.0113,0.0039,0.0841,0.9006,0.9272,0.0728,0.6174,0.3826
1271232225191886800,0.3098,0.3197,0.3033,0.0673,0.5283,0.4717,0.0316,0.9684
746358389521813500,0.1948,0.2262,0.3182,0.2609,0.6752,0.3248,0.0881,0.9119
342067171,0.0674,0.0164,0.299,0.6172,0.0106,0.9894,0.1215,0.8785
761730288678498300,0.415,0.1071,0.3084,0.1696,0.0895,0.9105,0.1577,0.8423
45841383,4e-4,1e-4,0.0086,0.9909,0.0244,0.9756,0.2818,0.7182
1323293281896321e3,0.0235,0.0475,0.4477,0.4813,0.9901,0.0099,0.1821,0.8179
24842995,0.0518,0.0523,0.534,0.3619,0.9814,0.0186,0.263,0.737
1562080880,0.0116,0.0054,0.1287,0.8543,0.9899,0.0101,0.6975,0.3025
1233440600973807600,0.1654,0.0516,0.1967,0.5862,0.7716,0.2284,0.9018,0.0982
373774653,0.1012,0.0032,0.0664,0.8292,0.1737,0.8263,0.8891,0.1109
1319371934245814300,0.0144,0.1191,0.1105,0.756,0.0792,0.9208,0.2676,0.7324
72479860,0.0457,0.0791,0.3294,0.5457,0.8152,0.1848,0.7142,0.2858
483521151,0.0697,0.0316,0.1223,0.7763,0.6264,0.3736,0.4442,0.5558
94197745,0.0055,0.0012,0.0697,0.9235,0.9704,0.0296,0.6258,0.3742
947751580782211100,0.0092,0.0254,0.4848,0.4805,0.9653,0.0347,0.2795,0.7205
1086053403376144400,0.1402,0.0738,0.39,0.396,0.9598,0.0402,0.512,0.488
850748784522928100,0.1427,0.1376,0.4499,0.2698,0.7414,0.2586,0.0622,0.9378
1317124948591247400,0.4407,0.1753,0.1575,0.2265,0.7352,0.2648,0.2041,0.7959
3154426618,0.0447,0.0165,0.0675,0.8713,0.874,0.126,0.6872,0.3128
374104340,0.286,0.1323,0.2163,0.3654,0.1135,0.8865,0.136,0.864
1276158686390517800,0.0065,0.0067,0.5873,0.3995,0.9818,0.0182,0.4162,0.5838
282834921,0.0157,0.0162,0.1833,0.7848,0.0551,0.9449,0.0994,0.9006
18729147,0.0149,0.0532,0.4279,0.504,0.0165,0.9835,0.1451,0.8549
1491911341,0.1037,0.042,0.2679,0.5865,0.716,0.284,0.7914,0.2086
1089656978752843800,0.034,0.0134,0.2369,0.7157,0.931,0.069,0.9325,0.0675
4449592332,0.0035,0.0164,0.441,0.5391,0.9897,0.0103,0.2834,0.7166
2556008875,0.1252,0.2973,0.3804,0.1971,0.9675,0.0325,0.0241,0.9759
2186802668,0.0938,0.0343,0.2929,0.579,0.3716,0.6284,0.8369,0.1631
348163612,0.0033,0.0035,0.0578,0.9354,0.9828,0.0172,0.2498,0.7502
1047910458534109200,0.0356,0.0062,0.0572,0.901,0.5296,0.4704,0.9501,0.0499
3295887638,0.4343,0.1466,0.3713,0.0478,0.8875,0.1125,0.1098,0.8902
1275290918988533800,0.1217,0.1247,0.2456,0.508,0.2712,0.7288,0.355,0.645
205892973,0.0807,0.0273,0.1204,0.7716,0.9183,0.0817,0.5308,0.4692
1623104534,0.0259,0.0135,0.477,0.4835,1,0,0.001,0.999
54479718,0.3157,0.231,0.2837,0.1696,0.8369,0.1631,0.157,0.843
1099497323896418300,0.0095,0.0107,0.0888,0.891,0.9713,0.0287,0.4173,0.5827
1142919084478292e3,0.2167,0.5359,0.1895,0.0579,0.5915,0.4085,0.0412,0.9588
731980816197148700,0.0078,0.0183,0.3216,0.6524,0.4986,0.5014,0.3937,0.6063
701479838775963600,0.0932,0.1013,0.5781,0.2274,0.0265,0.9735,0.2365,0.7635
58632867,0.0068,0.0042,0.039,0.95,0.8332,0.1668,0.3158,0.6842
130803621,0.0701,0.5054,0.3458,0.0787,0.1415,0.8585,0.0246,0.9754
35904291,0.2324,0.3358,0.3429,0.0889,0.8842,0.1158,0.0202,0.9798
47697376,0.0107,0.01,0.3984,0.5808,0.9921,0.0079,0.3446,0.6554
106746843929455e4,0.2203,0.0806,0.1494,0.5497,0.7432,0.2568,0.3058,0.6942
2358890563,0.0049,0.0121,0.3382,0.6448,0.1887,0.8113,0.4388,0.5612
830259725728104400,0.0074,0.0392,0.3229,0.6305,0.5365,0.4635,0.3426,0.6574
757446816870830100,0.0928,0.2556,0.4409,0.2108,0.9974,0.0026,0.1551,0.8449
1264049274310049800,0.0229,0.0053,0.2493,0.7226,0.6057,0.3943,0.8561,0.1439
1056638457693392900,0.0115,0.028,0.4435,0.517,0.5883,0.4117,0.366,0.634
1052986122228383700,0.142,0.0359,0.4368,0.3854,0.9919,0.0081,0.757,0.243
957985627747778600,0.0492,0.0377,0.2623,0.6507,0.9879,0.0121,0.6268,0.3732
1084555973874909200,0.1556,0.0942,0.364,0.3861,0.3954,0.6046,0.2499,0.7501
227593736,0.0428,0.0367,0.452,0.4686,0.9644,0.0356,0.178,0.822
3796860628,0.0929,0.0943,0.5237,0.2891,0.967,0.033,0.321,0.679
299277528,0.0138,0.0077,0.2694,0.7091,0.9926,0.0074,0.4347,0.5653
263500813,0.2825,0.3252,0.2623,0.13,0.1179,0.8821,0.0328,0.9672
1117748637885448200,0.0654,0.123,0.2733,0.5382,0.895,0.105,0.429,0.571
1072788948,0.0522,0.0668,0.162,0.719,0.7288,0.2712,0.8657,0.1343
844649002360590300,0.0117,0.0311,0.1816,0.7756,0.0037,0.9963,0.0399,0.9601
606540154,0.0197,0.0402,0.3532,0.5869,0.0535,0.9465,0.2849,0.7151
748179135126708200,0.0792,0.2213,0.6708,0.0287,0.1248,0.8752,0.0148,0.9852
107585606,0.0531,0.3525,0.4019,0.1924,0.1043,0.8957,0.1018,0.8982
3399251801,0.0212,0.0054,0.0099,0.9635,0.8416,0.1584,0.9079,0.0921
1184492061757759500,0.0027,0.0399,0.2585,0.6988,0.9999,1e-4,0.0033,0.9967
873952798597144600,0.0715,0.027,0.3116,0.5899,0.7795,0.2205,0.7828,0.2172
1282795351628554200,0.1066,0.0349,0.2256,0.6329,0.8488,0.1512,0.8227,0.1773
130305235803802e4,0.0173,0.0119,0.2985,0.6723,0.035,0.965,0.3494,0.6506
1905987714,0.1174,0.0102,0.1041,0.7683,0.5334,0.4666,0.8589,0.1411
3400201858,0.0752,0.7253,0.1614,0.0381,0.7688,0.2312,0.0049,0.9951
1928109426,0.3177,0.0816,0.2219,0.3789,0.4306,0.5694,0.8669,0.1331
18337198,0.1628,0.1626,0.3506,0.324,0.9003,0.0997,0.4998,0.5002
1313208952482660400,0.4132,0.1393,0.2373,0.2103,0.6429,0.3571,0.2484,0.7516
271458055,0.0362,0.1911,0.6544,0.1182,0.0234,0.9766,0.0371,0.9629
1726098164,0.0056,0.0101,0.33,0.6542,0.9985,0.0015,0.1122,0.8878
712649289982484500,0.0305,0.0105,0.1479,0.8112,0.9954,0.0046,0.8762,0.1238
1240444067412091e3,0.0607,0.0071,0.1964,0.7358,0.7019,0.2981,0.7939,0.2061
90983136,0.4055,0.1822,0.3078,0.1045,0.8946,0.1054,0.0886,0.9114
1646815999,0.1288,0.0546,0.3979,0.4187,0.9623,0.0377,0.5677,0.4323
177713042,0.5578,0.1308,0.1145,0.1969,0.6158,0.3842,0.6208,0.3792
968982756,0.1487,0.0208,0.2096,0.6208,0.0346,0.9654,0.3051,0.6949
1187871872228216800,0.8158,0.0824,0.0698,0.032,0.8429,0.1571,0.2413,0.7587
34980279,0.0582,0.007,0.0452,0.8896,0.3104,0.6896,0.9113,0.0887
985411393347309600,0.002,0.0065,0.0998,0.8917,0.0207,0.9793,0.261,0.739
2316751902,0.0986,0.0231,0.2706,0.6077,0.9817,0.0183,0.908,0.092
234470296,0.0088,0.0449,0.2214,0.7248,0.9951,0.0049,0.0957,0.9043
991838512336048100,0.0134,0.038,0.441,0.5076,0.9967,0.0033,0.1336,0.8664
1047942182,0.0295,0.0765,0.706,0.1881,0.0323,0.9677,0.0732,0.9268
160634155,0.0591,0.031,0.4695,0.4404,0.8247,0.1753,0.566,0.434
791841379,0.0158,0.0055,0.2906,0.6881,0.0024,0.9976,0.2725,0.7275
13132032131229e5,0.1239,0.1444,0.5356,0.1961,0.0414,0.9586,0.0392,0.9608
203123116,0.1188,0.0194,0.4125,0.4493,0.7891,0.2109,0.3809,0.6191
14962752,0.0135,0.0055,0.0922,0.8888,0.8485,0.1515,0.6265,0.3735
85056149,0.0216,0.0355,0.1771,0.7657,0.9825,0.0175,0.1151,0.8849
17414618,0.0652,0.056,0.4528,0.426,0.9826,0.0174,0.0468,0.9532
18865203,0.0236,0.0186,0.3327,0.6251,0.9674,0.0326,0.6066,0.3934
409681790,0.0038,0.0098,0.1833,0.8031,0.9857,0.0143,0.2258,0.7742
2178489996,0.0647,0.0098,0.2572,0.6683,0.9715,0.0285,0.6143,0.3857
2306812637,2e-4,0.0014,0.0841,0.9143,0.9961,0.0039,0.1216,0.8784
758327507246428200,0.2523,0.0967,0.3355,0.3155,0.818,0.182,0.5105,0.4895
4307195599,0.0136,0.0049,0.0691,0.9123,0.0324,0.9676,0.3484,0.6516
1114188865911177200,0.0078,0.0018,0.1677,0.8227,0.9934,0.0066,0.5754,0.4246
498432647,0.2183,0.6449,0.0715,0.0652,0.9056,0.0944,0.0068,0.9932
897262572705067e3,0.0036,0.0275,0.454,0.5149,0.0254,0.9746,0.0509,0.9491
732976058266464300,0.4437,0.2708,0.0703,0.2152,0.0962,0.9038,0.0227,0.9773
1345998470,0.0342,0.0387,0.2183,0.7088,0.0434,0.9566,0.1272,0.8728
297901432,0.1747,0.013,0.1664,0.6458,0.8289,0.1711,0.9648,0.0352
185224485,0.3087,0.288,0.2598,0.1435,0.5773,0.4227,0.1264,0.8736
226502720,0.046,0.0342,0.3434,0.5764,0.3406,0.6594,0.2043,0.7957
440458700,0.265,0.2691,0.2497,0.2162,0.7597,0.2403,0.1406,0.8594
33340801,0.0262,0.5236,0.3504,0.0998,0.04,0.96,0.0065,0.9935
700232443,0.43,0.1815,0.2239,0.1646,0.4053,0.5947,0.0611,0.9389
1146916964,0.3426,0.0785,0.2681,0.3108,0.2617,0.7383,0.0948,0.9052
1095398868466974700,9e-4,4e-4,0.0208,0.9779,0.9888,0.0112,0.7352,0.2648
22594575,0.0773,0.0388,0.2589,0.625,0.8022,0.1978,0.5519,0.4481
260687290,0.0041,0.0162,0.5023,0.4774,0.9952,0.0048,0.0725,0.9275
805416541,0.0115,0.0049,0.153,0.8306,0.1185,0.8815,0.3191,0.6809
4439908641,0.0058,0.025,0.4993,0.4699,0.1898,0.8102,0.0476,0.9524
17841533,0.1295,0.1332,0.4786,0.2587,0.8195,0.1805,0.4646,0.5354
1093609176482365400,0.0013,0.0021,0.0407,0.9558,0.9953,0.0047,0.1076,0.8924
30368048,0.085,0.3064,0.5188,0.0898,0.9465,0.0535,0.0607,0.9393
25842388,0.0139,0.1369,0.3683,0.4809,0.0636,0.9364,0.052,0.948
2725010413,0.0975,0.0213,0.1146,0.7666,0.7283,0.2717,0.5556,0.4444
2771678740,0.005,0.0147,0.54,0.4403,0.0177,0.9823,0.1538,0.8462
878266844402110500,0.1388,0.3273,0.2918,0.2421,0.9099,0.0901,0.3178,0.6822
1288547117968117800,0.7509,0.1293,0.072,0.0478,0.3271,0.6729,0.0981,0.9019
41253462,0.0256,0.0839,0.542,0.3485,0.0818,0.9182,0.0815,0.9185
263523685,0.1696,0.1796,0.2169,0.4339,0.8621,0.1379,0.5665,0.4335
21197803,0.0027,0.0195,0.62,0.3578,0.9927,0.0073,0.252,0.748
275268161,0.0402,0.0871,0.5596,0.3132,0.576,0.424,0.0983,0.9017
9.5303021779848806e+17,0.2443,0.087,0.279,0.3896,0.9623,0.0377,0.6347,0.3653
1172875525,0.0219,0.0039,0.2048,0.7694,0.8843,0.1157,0.6697,0.3303
2259792259,0.085,0.1433,0.4742,0.2975,0.723,0.277,0.1215,0.8785
1044663875000504300,0.0099,0.0849,0.5395,0.3657,0.0075,0.9925,0.0426,0.9574
1387956504,0.2482,0.215,0.2824,0.2544,0.7858,0.2142,0.4396,0.5604
29738565,0.0305,0.0738,0.5506,0.3451,0.035,0.965,0.1244,0.8756
875366031140769800,0.0166,0.0159,0.091,0.8765,0.7096,0.2904,0.2086,0.7914
1410592303,0.0042,0.0014,0.0386,0.9558,0.9946,0.0054,0.5718,0.4282
717750294763802600,0.0077,0.0088,0.3162,0.6673,0.0177,0.9823,0.1526,0.8474
1254433531557789700,0.0127,0.0024,0.0508,0.9341,0.6826,0.3174,0.859,0.141
1011333843499044900,0.0204,0.6263,0.1972,0.1561,0.0445,0.9555,0.0091,0.9909
1428230688,0.0011,2e-4,0.0173,0.9814,0.9923,0.0077,0.3559,0.6441
961061369423413200,0.3651,0.2286,0.1265,0.2798,0.8681,0.1319,0.631,0.369
165590224,0.0142,0.1034,0.4036,0.4788,0.034,0.966,0.0371,0.9629
1302178218657554400,0.0857,0.0089,0.1849,0.7204,0.0216,0.9784,0.6773,0.3227
16962099,0.0335,0.0016,0.0298,0.935,0.9475,0.0525,0.9542,0.0458
1023576599063613400,0.0081,0.0236,0.3507,0.6176,0.0676,0.9324,0.0325,0.9675
3302766727,0.0268,0.0077,0.0757,0.8898,0.4457,0.5543,0.7855,0.2145
56174050,0.0444,0.0133,0.1198,0.8225,0.6623,0.3377,0.9354,0.0646
388768730,0.6112,0.0865,0.1376,0.1647,0.2524,0.7476,0.2934,0.7066
891092725017202700,0.0058,0.0012,0.0686,0.9243,0.8796,0.1204,0.6944,0.3056
1472540959,0.2787,0.0579,0.6002,0.0632,0.3484,0.6516,0.1279,0.8721
3189979417,0.1769,0.0131,0.1205,0.6895,0.7217,0.2783,0.8885,0.1115
775778666022252500,0.0241,0.0391,0.4024,0.5344,0.5542,0.4458,0.3175,0.6825
198464696,0.0028,0.0013,0.0236,0.9723,0.8767,0.1233,0.6783,0.3217
506660426,0.0325,0.0327,0.2077,0.7271,0.9447,0.0553,0.3489,0.6511
96262414,0.0523,0.0156,0.0317,0.9003,0.8172,0.1828,0.9388,0.0612
45012542,0.1452,0.1277,0.3411,0.386,0.7222,0.2778,0.1515,0.8485
703694931517378600,0.3484,0.1604,0.3661,0.1252,0.8958,0.1042,0.3515,0.6485
4875114297,0.0231,0.0189,0.2919,0.6661,0.9721,0.0279,0.5051,0.4949
214049965,0.0324,0.0791,0.7092,0.1793,0.024,0.976,0.0725,0.9275
750529837798875100,0.0542,0.0154,0.1535,0.7769,0.7408,0.2592,0.7114,0.2886
964253700075216900,0.022,0.0125,0.5509,0.4146,0.0106,0.9894,0.0589,0.9411
1319635609321918500,0.0083,0.0117,0.2512,0.7287,0.0351,0.9649,0.2878,0.7122
900081424522498e3,0.0648,0.1702,0.6506,0.1144,4e-4,0.9996,0.0052,0.9948
1275313129174585300,0.004,0.005,0.1857,0.8053,0.9761,0.0239,0.3222,0.6778
19948559,0.0082,0.0026,0.0444,0.9447,0.7559,0.2441,0.8297,0.1703
917890623012790300,0.0246,0.0019,0.0925,0.8811,0.5787,0.4213,0.9344,0.0656
778250587326517200,0.0033,0.0136,0.1457,0.8375,1e-4,0.9999,0.0013,0.9987
1183181014899802e3,0.1926,0.0581,0.2267,0.5225,0.1788,0.8212,0.3039,0.6961
32276984,0.1216,0.2289,0.4218,0.2277,0.934,0.066,0.2567,0.7433
1165306314186055700,0.5172,0.199,0.0958,0.188,0.2016,0.7984,0.4508,0.5492
758384899631882200,0.0385,0.1497,0.6009,0.2109,0.8602,0.1398,0.0289,0.9711
818995316661727200,0.0351,0.0205,0.3796,0.5648,0.8532,0.1468,0.53,0.47
964077116433121300,0.2995,0.1034,0.2489,0.3482,0.682,0.318,0.943,0.057
1605925344,0.0044,0.0081,0.14,0.8476,0.9917,0.0083,0.0849,0.9151
533341974,0.0028,0.0576,0.5245,0.4151,0.0106,0.9894,0.0754,0.9246
1047578859015757800,0.0614,0.0475,0.3269,0.5642,0.6764,0.3236,0.6392,0.3608
382691414,0.3527,0.1401,0.1695,0.3378,0.7747,0.2253,0.5267,0.4733
202477453,0.0907,0.0099,0.0344,0.865,0.5893,0.4107,0.9751,0.0249
1228195640,0.4085,0.2701,0.242,0.0794,0.0743,0.9257,0.0714,0.9286
551468787,0.0522,0.1381,0.3421,0.4676,0.9169,0.0831,0.0255,0.9745
102238015,0.4547,0.1996,0.3067,0.039,0.0344,0.9656,0.0766,0.9234
21497493,0.0129,0.0041,0.0148,0.9681,0.4584,0.5416,0.7773,0.2227
922742240442593300,0.5236,0.2996,0.1233,0.0534,0.2148,0.7852,0.1175,0.8825
1005247620799819800,0.1412,0.1154,0.1848,0.5585,0.8839,0.1161,0.8038,0.1962
20856370,0.3765,0.275,0.229,0.1194,0.1711,0.8289,0.0446,0.9554
1301652851740094500,0.0505,0.0062,0.2268,0.7165,0.4324,0.5676,0.6125,0.3875
1084465057466122200,0.8779,0.0881,0.0204,0.0136,0.2101,0.7899,0.0681,0.9319
753745919674384400,0.0225,0.0198,0.3623,0.5954,1,0,6e-4,0.9994
18299467,0.358,0.1866,0.355,0.1004,0.4346,0.5654,0.3189,0.6811
787863502941622300,0.0024,0.002,0.0302,0.9655,0.0021,0.9979,0.3078,0.6922
1236104134408929300,0.0223,0.0266,0.1885,0.7626,0.027,0.973,0.3215,0.6785
159189405,0.3868,0.219,0.2349,0.1593,0.5387,0.4613,0.1865,0.8135
475785724,0.4954,0.2259,0.1264,0.1523,0.7525,0.2475,0.3949,0.6051
2930437504,0.1046,0.0094,0.0415,0.8445,0.6779,0.3221,0.9741,0.0259
17751422,0.0224,0.0086,0.8574,0.1116,0.9994,6e-4,0.0079,0.9921
1190273631009591300,0.1828,0.0426,0.3047,0.4699,0.4775,0.5225,0.3692,0.6308
712270543475515400,0.1082,0.0499,0.2317,0.6103,0.9877,0.0123,0.5826,0.4174
963419833806319600,0.0055,0.0014,0.0293,0.9639,0.9324,0.0676,0.7465,0.2535
29921733,0.0133,0.0258,0.2344,0.7265,0.9976,0.0024,0.2941,0.7059
42921306,0.039,0.0133,0.3312,0.6165,0.0303,0.9697,0.6252,0.3748
278075562,0,0,0.0061,0.9938,0.0154,0.9846,0.6855,0.3145
742063133393489900,0.1264,0.379,0.3503,0.1443,0.9659,0.0341,0.0458,0.9542
25334726,0.0107,0.0644,0.7705,0.1544,0.9931,0.0069,0.0304,0.9696
17999966,0.638,0.1233,0.2097,0.0291,0.0815,0.9185,0.0476,0.9524
229655175,0.0852,0.0829,0.1457,0.6862,0.8536,0.1464,0.2462,0.7538
783500347574743e3,0.71,0.2651,0.0099,0.015,0.7802,0.2198,0.0071,0.9929
1397066096,0.0253,0.0144,0.1014,0.8589,0.9889,0.0111,0.8029,0.1971
906610611815141400,0.0163,0.0251,0.2273,0.7314,0.035,0.965,0.203,0.797
980213739743055900,0.063,0.0296,0.129,0.7784,0.0309,0.9691,0.2147,0.7853
20218885,0.068,0.0688,0.4435,0.4197,0.9893,0.0107,0.2202,0.7798
1559703943,0.0215,0.0064,0.1523,0.8198,0.9779,0.0221,0.6002,0.3998
981966963470688300,0.0707,0.03,0.1509,0.7484,0.0999,0.9001,0.6581,0.3419
2561276234,0.2367,0.3819,0.1891,0.1923,0.0759,0.9241,0.0196,0.9804
1187530310361276400,0.1092,0.0873,0.5171,0.2864,0.7016,0.2984,0.5493,0.4507
1239288514614829e3,3e-4,5e-4,0.076,0.9232,0.9913,0.0087,0.2775,0.7225
1173117798,0.0249,0.0098,0.5584,0.4069,1,0,0.0012,0.9988
18084430,0.002,0.0183,0.6977,0.282,0.0018,0.9982,0.0508,0.9492
3071773184,0.0293,0.0045,0.1945,0.7716,0.0622,0.9378,0.2703,0.7297
28528503,0.0267,0.0254,0.305,0.6429,0.038,0.962,0.4974,0.5026
360887358,0.0035,7e-4,0.0418,0.954,0.9942,0.0058,0.6022,0.3978
2339809627,0.0043,0.0099,0.4632,0.5227,0.0086,0.9914,0.3199,0.6801
472404457,0.2988,0.2385,0.3157,0.147,0.8016,0.1984,0.0609,0.9391
587897579,0.068,0.0909,0.6196,0.2215,0.9912,0.0088,0.1778,0.8222
19028707,0.0791,0.0288,0.2811,0.611,0.6399,0.3601,0.6964,0.3036
704803358062809100,1e-4,4e-4,0.0291,0.9704,0.9995,5e-4,0.2542,0.7458
1260541157874061300,0.21,0.2068,0.4665,0.1167,0.9485,0.0515,0.0638,0.9362
1270531866634879e3,0.0825,0.1572,0.5537,0.2065,0.9847,0.0153,0.1477,0.8523
1242584118669594600,0.0037,0.0114,0.0689,0.916,0.0448,0.9552,0.3066,0.6934
935077172,0.1266,0.0609,0.2872,0.5253,0.0573,0.9427,0.5569,0.4431
1246910309534535700,0.1279,0.0856,0.2598,0.5267,0.9675,0.0325,0.2536,0.7464
66698953,0.0384,0.011,0.21,0.7407,0.0051,0.9949,0.1489,0.8511
381308128,0.3564,0.0264,0.1784,0.4387,0.402,0.598,0.9696,0.0304
1273558332,0.0139,0.0119,0.3048,0.6694,0.0154,0.9846,0.0694,0.9306
278215497,0.0123,0.0014,0.1119,0.8744,0.0029,0.9971,0.3596,0.6404
1299571355294208e3,0.0286,0.0167,0.2082,0.7465,0.0113,0.9887,0.2641,0.7359
8707402,0.0171,0.0109,0.3751,0.597,0.0217,0.9783,0.0986,0.9014
1478138574,0.3012,0.1954,0.2496,0.2538,0.658,0.342,0.1083,0.8917
2169030391,0.161,0.0474,0.7036,0.088,0.9316,0.0684,0.4398,0.5602
3328801557,0.0217,0.0206,0.5394,0.4183,0.7019,0.2981,0.1941,0.8059
3320568104,0.019,0.0878,0.4995,0.3936,0.9815,0.0185,0.078,0.922
320419757,0.0566,0.0549,0.2516,0.6369,0.9875,0.0125,0.2559,0.7441
809233507,0.0513,0.0155,0.1157,0.8175,0.379,0.621,0.9581,0.0419
724407348,0.1345,0.0216,0.1139,0.73,0.4972,0.5028,0.9503,0.0497
1207103088907210800,0.0167,0.2557,0.5391,0.1884,0.0237,0.9763,0.0345,0.9655
244128517,0.0411,0.0118,0.1118,0.8353,0.1134,0.8866,0.8991,0.1009
1140026975026892800,0.0474,0.1106,0.5374,0.3046,0.9834,0.0166,0.1517,0.8483
49534373,0.0098,0.0252,0.3446,0.6204,0.0221,0.9779,0.2412,0.7588
600349816,0.0205,0.0099,0.2169,0.7527,0.7694,0.2306,0.4364,0.5636
80076538,0.0068,8e-4,0.054,0.9383,0.4754,0.5246,0.6606,0.3394
562498873,0.1325,0.2652,0.2469,0.3554,0.0909,0.9091,0.0321,0.9679
3251833699,0.0068,0.003,0.2433,0.7469,0.0024,0.9976,0.2921,0.7079
38614775,0.0729,0.0561,0.2819,0.5891,0.9338,0.0662,0.485,0.515
365553171,0.019,0.0375,0.4997,0.4439,0.9961,0.0039,0.4931,0.5069
2730264319,0.001,0.0044,0.3043,0.6902,0.0167,0.9833,0.4789,0.5211
1234333500993466400,0.0049,0.0025,0.1265,0.8661,0.9993,7e-4,0.5793,0.4207
17074125,0.3749,0.053900000000000003,0.1389,0.4323,0.8986,0.1014,0.5589,0.4411
186318732,0.02,0.0072,0.2598,0.713,0.5806,0.4194,0.7407,0.2593
1265476982655135700,6e-4,4e-4,0.0265,0.9724,0.9928,0.0072,0.2579,0.7421
62849950,0.0218,0.0295,0.3789,0.5698,0.9801,0.0199,0.3488,0.6512
90149989162462e4,0.1112,0.0711,0.1832,0.6345,0.0948,0.9052,0.3933,0.6067
65647228,0.0168,0.0565,0.4516,0.4752,0.985,0.015,0.1377,0.8623
1309988837473628200,0.0019,0.0048,0.1862,0.8071,0.9954,0.0046,0.1708,0.8292
58247611,0.1439,0.0786,0.0925,0.685,0.0431,0.9569,0.3096,0.6904
1250467547708829700,0.0021,0.0015,0.022,0.9744,0.0307,0.9693,0.5617,0.4383
74513550,0.0502,0.0234,0.6738,0.2526,0.0167,0.9833,0.484,0.516
309953434,0.7179,0.2341,0.0126,0.0354,0.5492,0.4508,0.0202,0.9798
1084257474889302e3,0.0695,0.037,0.2967,0.5967,0.1601,0.8399,0.2315,0.7685
1058751285573242900,0.1025,0.1169,0.3725,0.4082,0.0019,0.9981,5e-4,0.9995
863824124,0.0827,0.0957,0.1557,0.6659,0.5712,0.4288,0.6259,0.3741
1215739804475850800,0.0013,0.006,0.9535,0.0392,0.7423,0.2577,0.2439,0.7561
131393873,0.187,0.1218,0.4525,0.2387,0.829,0.171,0.3113,0.6887
463828067,0.0028,0.002,0.8421,0.15310000000000001,0.0101,0.9899,0.1453,0.8547
29541185,0.3772,0.1483,0.2303,0.2441,0.8456,0.1544,0.5921,0.4079
947697185898090500,0.0961,0.1893,0.5253,0.1893,0.3679,0.6321,0.1049,0.8951
1151338542968311800,0.2178,0.0556,0.016,0.7105,0.8524,0.1476,0.641,0.359
24980717,0.0041,0.1651,0.7834,0.0475,0.0194,0.9806,0.0123,0.9877
576517559,0.0157,0.0032,0.2229,0.7583,0.9196,0.0804,0.7751,0.2249
48581688,0.1124,0.1204,0.4474,0.3198,0.8352,0.1648,0.0696,0.9304
2460234972,0.0106,0.0127,0.5114,0.4652,0.0365,0.9635,0.1222,0.8778
1288556434591035400,0.0493,0.0917,0.3659,0.4931,0.0364,0.9636,0.4368,0.5632
1418329327,0.0615,0.0439,0.1864,0.7082,0.9895,0.0105,0.6693,0.3307
19264069,0.0261,0.0085,0.2789,0.6865,0.9895,0.0105,0.2758,0.7242
1180580432829669400,0.0532,0.0571,0.4394,0.4502,0.0764,0.9236,0.1833,0.8167
2482535792,0.4605,0.2164,0.2665,0.0566,0.9703,0.0297,0.1183,0.8817
708125409334812700,0.0225,0.1472,0.585,0.2453,0.9952,0.0048,0.1156,0.8844
2910435750,0.0054,0.0024,0.2183,0.7738,0.0027,0.9973,0.408,0.592
266789677,0.0269,0.0149,0.0646,0.8936,0.6059,0.3941,0.2329,0.7671
4831989513,0.008,0.0478,0.8324,0.1117,0.9905,0.0095,0.1437,0.8563
1935605514,0.307,0.2989,0.2567,0.1374,0.7913,0.2087,0.1094,0.8906
46038449,0.4111,0.3356,0.2013,0.0519,0.6558,0.3442,0.1415,0.8585
1021969742792405e3,0.0045,0.002,0.0802,0.9133,0.9942,0.0058,0.243,0.757
320999960,0.1227,0.1265,0.4229,0.3279,0.5337,0.4663,0.2221,0.7779
935194970855788500,0.0151,0.0196,0.1623,0.803,0.013,0.987,0.1722,0.8278
3350647054,0.12,0.0056,0.0567,0.8177,0.6546,0.3454,0.9519,0.0481
882420480061395e3,0.0044,0.0149,0.139,0.8418,0.0103,0.9897,0.1558,0.8442
217842164,5e-4,2e-4,0.0209,0.9784,6e-4,0.9994,0.1034,0.8966
16476144,0.077,0.6398,0.2498,0.0334,0.053,0.947,0.0051,0.9949
1112796750945964e3,0.0022,7e-4,0.1311,0.866,0.0011,0.9989,0.2793,0.7207
79850022,0.0485,0.0245,0.449,0.4781,0.9909,0.0091,0.8764,0.1236
2236655070,0.0833,0.0124,0.0901,0.8141,0.8666,0.1334,0.9631,0.0369
67766126,0.0016,0.0016,0.0337,0.9632,0.942,0.058,0.5856,0.4144
980821321,0.0067,0.0016,0.1371,0.8547,0.9961,0.0039,0.5407,0.4593
754737276,0.2711,0.1932,0.3966,0.1391,0.0517,0.9483,0.1446,0.8554
44734306,0.1349,0.0993,0.4192,0.3466,0.0161,0.9839,0.2,0.8
24547328,9e-4,0.0032,0.1932,0.8028,0.0067,0.9933,0.0515,0.9485
549619562,0.0089,0.0162,0.2044,0.7705,0.0797,0.9203,0.3031,0.6969
59853902,0.016,0.0355,0.2484,0.7001,0.025,0.975,0.0803,0.9197
1023020515051503600,0.0185,0.1497,0.7825,0.0492,0.3568,0.6432,0.0232,0.9768
575037059,0.6592,0.1552,0.1163,0.0693,0.5563,0.4437,0.0827,0.9173
2988919018,0.0161,0.0059,0.0483,0.9297,0.8948,0.1052,0.672,0.328
4922568490,0.5157,0.3416,0.1225,0.0202,0.4457,0.5543,0.0391,0.9609
1344539976,0.5232,0.1425,0.2447,0.0897,0.1776,0.8224,0.2052,0.7948
69983753,0.0355,0.0055,0.3506,0.6084,0.0068,0.9932,0.6846,0.3154
302035147,0.0522,0.0066,0.1117,0.8295,0.0548,0.9452,0.1472,0.8528
2767551883,0.079,0.0092,0.0553,0.8564,0.9611,0.0389,0.3265,0.6735
1273024122126241800,0.0211,0.0047,0.2569,0.7172,0.7325,0.2675,0.7214,0.2786
33135872,0.0236,0.1103,0.1103,0.7558,0.1844,0.8156,0.5632,0.4368
860818219,0.0171,0.0471,0.6693,0.2665,0.7695,0.2305,0.3181,0.6819
1019311423250489300,0.0476,0.0115,0.0655,0.8754,0.5962,0.4038,0.9202,0.0798
430118889,0.0033,0.0071,0.1255,0.8641,0.9933,0.0067,0.2428,0.7572
1248999867269013500,0.0391,0.0071,0.189,0.7649,0.789,0.211,0.6871,0.3129
270051079,0.0592,0.0187,0.1443,0.7778,0.0695,0.9305,0.1056,0.8944
1003318468232532e3,0.0031,0.009,0.3727,0.6152,0.0033,0.9967,0.1749,0.8251
922771968,0.3458,0.0348,0.1344,0.4851,0.8793,0.1207,0.9144,0.0856
65532961,0.0229,0.0044,0.2048,0.768,0.007,0.993,0.5521,0.4479
1141820108207210500,0.0547,0.0493,0.4828,0.4133,0.9315,0.0685,0.2281,0.7719
785247468,0.1274,0.054,0.4358,0.3828,0.9726,0.0274,0.1687,0.8313
183816474,0.3321,0.4464,0.1731,0.0484,0.845,0.155,0.012,0.988
2746339015,0.0043,0.0141,0.3407,0.6409,0.8834,0.1166,0.2201,0.7799
40934794,0.2871,0.016,0.1989,0.498,0.7335,0.2665,0.9684,0.0316
895001138021445600,0.0251,0.0386,0.6625,0.2738,0.7039,0.2961,0.0576,0.9424
861947544,2e-4,5e-4,0.0175,0.9817,0.9928,0.0072,0.4142,0.5858
583261182,0.0848,0.0276,0.4233,0.4644,0.0051,0.9949,0.0452,0.9548
787468224023498800,0.0011,0.005,0.1334,0.8605,0.9939,0.0061,0.099,0.901
2238599521,0.1684,0.6987,0.1211,0.0118,0.9866,0.0134,0.0159,0.9841
1256753802,0.1293,0.308,0.4913,0.0714,0.0638,0.9362,0.0118,0.9882
1319293242979090400,0.5281,0.1669,0.15,0.1551,0.4638,0.5362,0.3216,0.6784
1241348886,0.0917,0.0116,0.154,0.7427,0.9676,0.0324,0.8263,0.1737
974291985312993300,0.003,0.0039,0.0599,0.9333,0.9886,0.0114,0.8463,0.1537
343100394,0.0277,0.0238,0.3442,0.6042,0.1841,0.8159,0.5506,0.4494
712665171697799200,0.0026,0.001,0.2169,0.7794,0.9974,0.0026,0.0489,0.9511
18179219,0.0279,0.0139,0.0855,0.8727,0.0011,0.9989,0.0218,0.9782
899116740759756800,0.0016,0.0012,0.0386,0.9587,0.9998,2e-4,0.0493,0.9507
806776842568929300,0.0014,0.0125,0.2944,0.6918,0.8743,0.1257,0.681,0.319
1491173263,0.4275,0.2983,0.1983,0.0759,0.1433,0.8567,0.102,0.898
154973845,0.0018,0.0049,0.8708,0.1226,0.9999,1e-4,0.0159,0.9841
835813376550907900,0.1337,0.0274,0.2574,0.5815,0.8826,0.1174,0.9067,0.0933
516990663,0.0061,0.0031,0.0389,0.9519,0.9367,0.0633,0.7071,0.2929
872560804910030800,0.0523,0.0518,0.1524,0.7434,0.8916,0.1084,0.3184,0.6816
862884793972777e3,0.0167,0.025,0.4378,0.5204,9e-4,0.9991,0.0082,0.9918
989162753133858800,0.0235,0.5305,0.2426,0.2034,0.0474,0.9526,0.004,0.996
1203462567861084200,0.5936,0.3,0.0811,0.0253,0.1237,0.8763,0.0299,0.9701
750393812980293600,0.0872,0.0429,0.2675,0.6025,0.1241,0.8759,0.8662,0.1338
115583150,2e-4,0.0017,0.0434,0.9546,0.0648,0.9352,0.0125,0.9875
1131404190251704300,0.0397,0.11,0.3894,0.4608,0.0458,0.9542,0.1782,0.8218
1121513479767085e3,0.869,0.0467,0.0448,0.0395,0.6301,0.3699,0.7633,0.2367
1829154972,0.202,0.0347,0.2115,0.5518,0.8019,0.1981,0.6341,0.3659
265138136,5e-4,0.0091,0.2308,0.7596,0.9999,1e-4,0.001,0.999
770641041670234100,0.1228,0.4084,0.2378,0.2309,0.9635,0.0365,0.286,0.714
1186257683608944600,0.0238,0.0593,0.418,0.4988,0.9956,0.0044,0.2947,0.7053
928401415,0.0015,8e-4,0.025,0.9727,0.9893,0.0107,0.3564,0.6436
1599855246,0.0774,0.0215,0.1501,0.751,0.9032,0.0968,0.71,0.29
273699006,0.0119,0.0603,0.4974,0.4304,0.9948,0.0052,0.0542,0.9458
2623961134,0.0432,0.0074,0.2095,0.7399,0.8702,0.1298,0.7551,0.2449
953548554,0.0235,0.0267,0.5765,0.3734,0.9813,0.0187,0.1333,0.8667
2998388398,0.1,0.1259,0.427,0.3471,0.3982,0.6018,0.2522,0.7478
1259616232212316200,0.144,0.231,0.3877,0.2373,0.7451,0.2549,0.0781,0.9219
1626725082,0.323,0.1656,0.2083,0.3031,0.3564,0.6436,0.7035,0.2965
1151813753702420500,0.0402,0.0491,0.4429,0.4678,0.9856,0.0144,0.3282,0.6718
1107341107644559400,0.4967,0.1963,0.1925,0.1145,0.185,0.815,0.1126,0.8874
1251298796014694400,0.1898,0.0789,0.2387,0.4925,0.742,0.258,0.563,0.437
1312352262702891e3,0.0167,0.1232,0.8217,0.0384,0,1,2e-4,0.9998
1470409188,0.3725,0.0959,0.3302,0.2014,0.0313,0.9687,0.5653,0.4347
814145305855881200,0.0321,0.083,0.3503,0.5346,0.9615,0.0385,0.2175,0.7825
63605103,0.0023,0.038,0.3855,0.5742,1e-4,0.9999,0.0013,0.9987
103048939,0.0142,0.1046,0.8322,0.0489,0.0123,0.9877,0.0187,0.9813
1060669912430112800,0.1072,0.0952,0.6496,0.1481,0.0207,0.9793,0.3278,0.6722
25972015,0.1831,0.0393,0.238,0.5397,0.9162,0.0838,0.2983,0.7017
41117405,0.0292,0.0048,0.1405,0.8254,0.0225,0.9775,0.3638,0.6362
74184169,2e-4,6e-4,0.0809,0.9182,0.9991,9e-4,0.262,0.738
766340314424610800,0.0181,0.0099,0.1711,0.8009,0.9296,0.0704,0.4728,0.5272
1256188400840908800,0.3322,0.1123,0.2774,0.2781,0.7394,0.2606,0.2469,0.7531
297014456,0.0118,0.0042,0.0768,0.9073,0.8585,0.1415,0.7898,0.2102
829706524230561800,0.0857,0.0218,0.2883,0.6042,0.1225,0.8775,0.6983,0.3017
1274026944573501400,1e-4,0.0055,0.9658,0.0286,0.9999,1e-4,9e-4,0.9991
1155681159310975e3,0.267,0.6105,0.0537,0.0689,0.6591,0.3409,0.0126,0.98740000000000006
2285541466,0.032,0.0135,0.5318,0.4226,0.0417,0.9583,0.5288,0.4712
598161591,0.2364,0.5579,0.1849,0.0208,0.0905,0.9095,0.0097,0.9903
801879701073629200,0.0035,7e-4,0.0832,0.9126,0.6363,0.3637,0.6107,0.3893
1292868805375426600,0.0219,0.0324,0.2281,0.7176,0.9865,0.0135,0.3574,0.6426
113359137,0.0927,0.0753,0.1508,0.6812,0.9275,0.0725,0.9291,0.0709
49033255,0.2554,0.0302,0.1756,0.5387,0.6679,0.3321,0.8274,0.1726
1202605554562142200,0.003,0.1656,0.3319,0.4995,0.9983,0.0017,0.0454,0.9546
64444020,0.2702,0.0189,0.14,0.5709,0.5576,0.4424,0.985,0.015
84000542,0.3024,0.0402,0.2427,0.4148,0.8524,0.1476,0.6451,0.3549
10862996099939e5,0.0199,0.0208,0.3304,0.6289,0.0071,0.9929,0.3553,0.6447
1190676088483123200,0.0079,0.0035,0.1939,0.7948,0.9409,0.0591,0.7731,0.2269
307316295,0.3979,0.158,0.2729,0.1712,0.9429,0.0571,0.2171,0.7829
753281700499640300,0.0093,0.0246,0.5895,0.3765,0.0014,0.9986,0.0018,0.9982
28748249,0.0044,0.0442,0.3506,0.6008,0.0372,0.9628,0.3855,0.6145
1277766914970919e3,0.0086,0.007,0.2224,0.762,0.0295,0.9705,0.0654,0.9346
22236469,0.3705,0.1386,0.3312,0.1598,0.8233,0.1767,0.3014,0.6986
64471091,0.0031,7e-4,0.0423,0.9539,0.3915,0.6085,0.0869,0.9131
1025399466,0.1063,0.4771,0.3954,0.0212,2e-4,0.9998,2e-4,0.9998
1206560874,0.0072,0.0011,0.0771,0.9146,0.9944,0.0056,0.6933,0.3067
389348969,0.4207,0.1397,0.2669,0.1727,0.0274,0.9726,0.0941,0.9059
54058973,0.1679,0.215,0.3692,0.2479,0.9709,0.0291,0.3173,0.6827
711924470844420100,0.0859,0.0816,0.6167,0.2158,0.92,0.08,0.0726,0.9274
4917121001,0.1454,0.0291,0.0653,0.7602,0.7247,0.2753,0.9763,0.0237
963574083396030500,0.0405,0.088,0.6373,0.2342,0.3828,0.6172,0.4911,0.5089
3044596390,0.0356,0.0244,0.4591,0.4809,0.1744,0.8256,0.3162,0.6838
3259435218,0.0076,0.0427,0.4508,0.4988,0.9875,0.0125,0.4893,0.5107
571261989,0.0237,0.0193,0.3088,0.6482,0.8937,0.1063,0.2326,0.7674
296377527,0.1056,0.2708,0.4132,0.2103,0.6716,0.3284,0.1452,0.8548
967947759113322500,7e-4,9e-4,0.0886,0.9098,0.0017,0.9983,0.2136,0.7864
262800088,0.016,0.0283,0.2852,0.6705,0.9839,0.0161,0.0918,0.9082
1206719263,0.0097,0.0062,0.1264,0.8577,0.9812,0.0188,0.4568,0.5432
210407329,0.0561,0.0597,0.45,0.4342,0.0758,0.9242,0.1352,0.8648
93278931,0.0311,0.0222,0.1952,0.7516,0.8582,0.1418,0.3264,0.6736
708668323538411500,0.0204,0.0094,0.2155,0.7546,0.9877,0.0123,0.861,0.139
1214759271952466e3,0.0031,0.006,0.1163,0.8746,0.3529,0.6471,0.2352,0.7648
17660338,0.0463,0.0471,0.2375,0.6692,0.8977,0.1023,0.6292,0.3708
786751402437509100,0.0503,0.0263,0.2776,0.6458,0.0621,0.9379,0.1116,0.8884
56590380,0.0064,0.0087,0.5658,0.4191,0.994,0.006,0.4988,0.5012
4520234832,0.0207,0.0398,0.7447,0.1949,0.8515,0.1485,0.0922,0.9078
1300625536386035700,0.0701,0.0311,0.1229,0.7759,0.9759,0.0241,0.1004,0.8996
919458265,0.0049,0.0042,0.2043,0.7866,0.9934,0.0066,0.3927,0.6073
35064552,0.0078,0.0269,0.3763,0.589,0.0242,0.9758,0.1508,0.8492
702545696763879400,0.0255,0.0247,0.2102,0.7396,0.1691,0.8309,0.5349,0.4651
50642937,0.0403,0.0392,0.2593,0.6612,0.8128,0.1872,0.2273,0.7727
1248309869154893800,0.3443,0.0889,0.2826,0.2842,0.7392,0.2608,0.4678,0.5322
363214094,0.0304,0.1574,0.6223,0.1899,0.9791,0.0209,0.022,0.978
2578087805,0.1715,0.0614,0.3178,0.4492,0.2391,0.7609,0.43120000000000003,0.5688
976987464920281100,0.0266,0.1436,0.695,0.1348,1e-4,0.9999,4e-4,0.9996
1630326060,0.0664,0.0623,0.6407,0.2306,0.0036,0.9964,0.0106,0.9894
78456241,0.0054,0.004,0.1605,0.8302,0.9959,0.0041,0.8548,0.1452
1158818197,0.1477,0.011,0.0111,0.8302,0.6893,0.3107,0.7831,0.2169
780903255891075100,0.0208,0.041,0.5411,0.3971,0.9976,0.0024,0.3657,0.6343
30868721,0.0865,0.177,0.61240000000000006,0.1241,0.761,0.239,0.0472,0.9528
706244804464635900,0.0202,0.0246,0.2171,0.7381,0.9543,0.0457,0.3507,0.6493
2943331604,0.6004,0.0505,0.0678,0.2813,0.9198,0.0802,0.5078,0.4922
291238222,0.0912,0.0312,0.4084,0.4693,0.9474,0.0526,0.3503,0.6497
14554595,0.0072,0.0026,0.0938,0.8964,0.6314,0.3686,0.6678,0.3322
3131353798,5e-4,0.0014,0.5997,0.3984,0.999,0.001,0.1037,0.8963
1305606356586594300,0.2374,0.3413,0.3598,0.0616,0.0635,0.9365,0.0302,0.9698
1013734644,0.1503,0.0292,0.2559,0.5646,0.0399,0.9601,0.5679,0.4321
2407450727,0.2643,0.5707,0.1351,0.0299,0.1743,0.8257,0.0216,0.9784
66545653,0.1054,0.3135,0.4923,0.0889,0.4547,0.5453,0.0162,0.9838
953688539689988100,0.0788,0.2288,0.3341,0.3584,0.7312,0.2688,0.1022,0.8978
1311073273325564e3,0.0372,0.036,0.2547,0.6722,0.9973,0.0027,0.4532,0.5468
1074128326770483200,0.0537,0.0113,0.2144,0.7206,0.8813,0.1187,0.8648,0.1352
3892771700,0.0228,0.1007,0.8105,0.0659,0.0039,0.9961,0.0032,0.9968
2349574291,0.0259,0.1412,0.3276,0.5052,0.9673,0.0327,0.0591,0.9409
111860953,0.0773,0.0291,0.0951,0.7985,0.0112,0.9888,0.4994,0.5006
701784218,0.1422,0.2151,0.2846,0.3581,0.9373,0.0627,0.6126,0.3874
1362007644,0.0816,0.0478,0.3376,0.5329,0.51,0.49,0.1182,0.8818
756659591832866800,0.0155,0.0155,0.5556,0.4134,0.0212,0.9788,0.2949,0.7051
1245649837116125200,0.0027,0.001,0.0906,0.9056,0.998,0.002,0.4358,0.5642
2780033225,0.2812,0.0848,0.303,0.3311,0.8469,0.15310000000000001,0.1901,0.8099
22862240,0.0108,0.004,0.1355,0.8496,0.9943,0.0057,0.3368,0.6632
23254225,0.2355,0.0574,0.2177,0.4894,0.572,0.428,0.7869,0.2131
982259270333825e3,0.1684,0.1472,0.2923,0.3921,0.5504,0.4496,0.4258,0.5742
4902092081,0.2627,0.1579,0.3683,0.2111,0.0239,0.9761,0.0812,0.9188
1243184641340772400,0.0705,0.2182,0.3059,0.4055,0.0375,0.9625,0.0156,0.9844
282625514,0.0318,0.0035,0.1362,0.8286,0.8469,0.15310000000000001,0.8516,0.1484
23194229,0.0364,0.0079,0.1981,0.7576,0.9936,0.0064,0.734,0.266
1253011800,0.0095,0.209,0.6857,0.0958,0.0752,0.9248,0.0199,0.9801
16732616,0.0042,0.0022,0.2326,0.7611,0.9979,0.0021,0.4084,0.5916
849988676968992800,0.0813,0.2747,0.4508,0.1932,0.9575,0.0425,0.0674,0.9326
938230837476233200,0.0012,0.0014,0.0847,0.9127,0.9973,0.0027,0.4693,0.5307
3408057279,0.0545,0.0092,0.129,0.8072,0.7608,0.2392,0.6771,0.3229
131280074,0.1094,0.1016,0.3893,0.3998,0.9484,0.0516,0.1619,0.8381
1596829382,0.0054,0.1111,0.6083,0.2752,0.0235,0.9765,0.0564,0.9436
127378614105822e4,1e-4,1e-4,0.0034,0.9965,0.0044,0.9956,0.2215,0.7785
1105867448786567200,0.4925,0.0654,0.0831,0.3591,0.7099,0.2901,0.962,0.038
459445951,0.0024,0.0115,0.3268,0.6592,0.9999,1e-4,9e-4,0.9991
28878656,0.057,0.1998,0.7063,0.0369,0.1027,0.8973,0.0439,0.9561
1239688873,0.0292,0.0527,0.1556,0.7624,0.6082,0.3918,0.1649,0.8351
491817984,0.2256,0.3393,0.3436,0.0915,0.0747,0.9253,0.0389,0.9611
110578049,0.0214,0.0065,0.1641,0.808,0.9672,0.0328,0.3566,0.6434
1286100351024865300,0.0033,0.0095,0.2549,0.7322,0.9939,0.0061,0.1241,0.8759
1.0324177659431281e+18,0.0081,0.0174,0.3987,0.5759,0.9956,0.0044,0.2182,0.7818
2297769702,0.0149,0.033,0.6693,0.2828,0.07,0.93,0.5431,0.4569
364647952,0.0059,0.0037,0.0814,0.909,0.9228,0.0772,0.0529,0.9471
206003710,0.0033,0.01,0.1581,0.8285,0.0244,0.9756,0.2821,0.7179
3325408622,0.005,0.01,0.2827,0.7023,0.0027,0.9973,0.0977,0.9023
14204952,0.068,0.0097,0.0551,0.8673,0.9211,0.0789,0.964,0.036
780792121431199700,0.0049,0.0014,0.064,0.9297,0.8834,0.1166,0.6256,0.3744
62441142,0.0126,0.0124,0.3884,0.5865,0.9539,0.0461,0.2724,0.7276
75366886,0.0691,0.0057,0.0771,0.8481,0.7753,0.2247,0.9912,0.0088
706445147391668200,0.0027,0.1007,0.3455,0.5511,0.0225,0.9775,0.019,0.981
371137369,0.2104,0.0917,0.4644,0.2335,0.1206,0.8794,0.1653,0.8347
1223661793131880400,0.0479,0.0785,0.5552,0.3183,0.981,0.019,0.3403,0.6597
77439459,0.0616,0.0538,0.3209,0.5637,0.9879,0.0121,0.179,0.821
826243427872280600,0.0839,0.0273,0.3547,0.534,0.9331,0.0668,0.5096,0.4904
989440672296992800,0.006,0.0021,0.0207,0.9712,0.3516,0.6484,0.5615,0.4385
45058489,0.082,0.284,0.5559,0.0781,0.0466,0.9534,0.038,0.962
3782383457,1e-4,0.01,0.9434,0.0465,1,0,0.0016,0.9984
2188157621,0.0423,0.0036,0.0367,0.9175,0.7849,0.2151,0.9824,0.0176
22880931,0.0561,0.0087,0.1494,0.7858,0.5625,0.4375,0.9289,0.0711
1520262811,0.0096,0.0939,0.5884,0.3081,0.9908,0.0092,0.0937,0.9063
49187326,0.0023,0.0039,0.8399,0.1539,0.9467,0.0533,0.4326,0.5674
2898918799,0.0658,0.0273,0.1893,0.7176,0.9723,0.0277,0.3526,0.6474
24200759,0.1097,0.1154,0.4903,0.2846,0.31,0.69,0.4283,0.5717
787935427961446400,0.0056,0.0341,0.1542,0.806,0.8778,0.1222,0.4035,0.5965
42917456,0.004,0.0068,0.4212,0.568,0.9995,5e-4,0.4365,0.5635
176568900,0.2203,0.07,0.2726,0.4371,0.7143,0.2857,0.4348,0.5652
164859835,0.01,0.0293,0.707,0.2538,0.9964,0.0036,0.0918,0.9082
1270410676549419e3,0.0045,0.1323,0.8602,0.003,1,0,4e-4,0.9996
936047459054358500,0.213,0.0661,0.2849,0.436,0.5385,0.4615,0.3854,0.6146
1072682484,0.066,0.246,0.5395,0.1485,0.9835,0.0165,0.0608,0.9392
1142294541573197800,0.057,0.0276,0.2275,0.6879,0.659,0.341,0.9727,0.0273
438193740,0.0428,0.0186,0.1908,0.7477,0.9117,0.0883,0.5402,0.4598
705428955264712700,0.0084,0.0054,0.1668,0.8194,0.9966,0.0034,0.1186,0.8814
18294618,0.1526,0.0783,0.3955,0.3735,0.3502,0.6498,0.2454,0.7546
20793457,0.0011,0.0087,0.6894,0.3008,0.0089,0.9911,0.1,0.9
2987802488,2e-4,0.0053,0.1251,0.8693,0.011,0.989,0.1794,0.8206
231890869,0.002,0.0113,0.2417,0.745,0.9971,0.0029,0.0349,0.9651
327611556,0.1117,0.0708,0.3465,0.471,0.7192,0.2808,0.3831,0.6169
981338257010102300,0.0024,0.001,0.7942,0.2024,1,0,3e-4,0.9997
1149055773332451300,0.0716,0.1598,0.5276,0.2411,0.1498,0.8502,0.0744,0.9256
1285858889410449400,0.0808,0.0446,0.3758,0.4987,0.9396,0.0604,0.3426,0.6574
866824419078848500,0.076,0.322,0.5028,0.0992,0.0531,0.9469,0.0079,0.9921
19512428,0.9521,0.0229,0.0138,0.0112,0.892,0.108,0.9228,0.0772
85560209227008e4,0.0029,0.0101,0.2697,0.7174,0.9955,0.0045,0.1607,0.8393
837387027708530700,0.0186,0.0091,0.269,0.7033,0.9817,0.0183,0.4549,0.5451
820303855229562900,0.034,0.0239,0.2056,0.7365,0.0043,0.9957,0.0318,0.9682
1311223778,0.047,0.0151,0.2971,0.6408,0.2676,0.7324,0.6204,0.3796
399502683,0.0294,0.1146,0.5401,0.3159,0.9805,0.0195,0.0554,0.9446
821185208024236e3,7e-4,0.002,0.1766,0.8208,0.0018,0.9982,0.1781,0.8219
1061247109901545500,0.1132,0.012,0.2353,0.6394,0.278,0.722,0.6635,0.3365
368446955,0.0237,0.0056,0.2227,0.748,0.6145,0.3855,0.5011,0.4989
1268909987725627400,0.0022,0.0031,0.146,0.8487,0.9997,3e-4,0.3531,0.6469
726792847,2e-4,0.0167,0.2207,0.7624,0.1046,0.8954,0.0468,0.9532
1039354924205629400,0.0267,0.0129,0.2649,0.6954,0.8244,0.1756,0.3751,0.6249
4069884447,0.1101,0.2246,0.601,0.0643,0.09,0.91,0.0202,0.9798
203946698,0.1117,0.377,0.3426,0.1687,0.8143,0.1857,0.0433,0.9567
1165748757230686200,0.0796,0.1998,0.4558,0.2648,0.827,0.173,0.0385,0.9615
1529340344,0.0136,0.0054,0.1184,0.8625,0.4459,0.5541,0.907,0.093
634901429,0.1642,0.3537,0.357,0.1251,0.781,0.219,0.0341,0.9659
1238128950339125200,0.0246,0.0846,0.5546,0.3361,0.6964,0.3036,0.3609,0.6391
1160620565918552e3,0.4912,0.2645,0.1898,0.0544,0.3013,0.6987,0.0534,0.9466
140543668,0.2119,0.2433,0.4289,0.1158,0.0354,0.9646,0.0321,0.9679
20488054,0.4696,0.2654,0.2057,0.0594,0.1205,0.8795,0.0617,0.9383
61885356,0.005,0.0082,0.1642,0.8226,0.9977,0.0023,0.07,0.93
84662482,0.0119,0.0197,0.4546,0.5138,0.9873,0.0127,0.1105,0.8895
3345139277,0.0095,0.0056,0.079,0.9059,0.0707,0.9293,0.2773,0.7227
1877001882,0.0033,2e-4,0.0226,0.9739,0.9989,0.0011,0.5151,0.4849
291494231,0.423,0.0573,0.1664,0.3533,0.9145,0.0855,0.8761,0.1239
261939248,0.0333,0.0989,0.6215,0.2463,4e-4,0.9996,0.0028,0.9972
1299949913309089800,0.2294,0.4343,0.2794,0.0568,0.1007,0.8993,0.0122,0.9878
2835370158,0.0075,0.0047,0.0907,0.8971,0.9873,0.0127,0.3891,0.6109
1078616374413484e3,0.1681,0.1037,0.2383,0.4899,0.9139,0.0861,0.1416,0.8584
839916084601958400,0.5417,0.3629,0.0658,0.0296,0.164,0.836,0.0686,0.9314
93318440,0.0027,0.0064,0.1677,0.8232,0.9924,0.0076,0.2305,0.7695
68477889,0.1303,0.118,0.5036,0.2481,0.9835,0.0165,0.1012,0.8988
1324390918879850500,0.0193,0.0071,0.138,0.8356,0.9795,0.0205,0.4702,0.5298
1172488512547020800,0.0064,0.0043,0.2952,0.6941,0.9957,0.0043,0.8463,0.1537
58293417,0.0017,3e-4,0.0283,0.9698,0.9937,0.0063,0.462,0.538
863087287382540300,0.1281,0.0389,0.2064,0.6265,0.7865,0.2135,0.9284,0.0716
15987245,0.0183,0.0511,0.7308,0.1998,0.9885,0.0115,0.0713,0.9287
140390268,0.0345,0.0019,0.0693,0.8943,0.9844,0.0156,0.5265,0.4735
1117387074041253900,3e-4,1e-4,0.0091,0.9905,0.9094,0.0906,0.4404,0.5596
41827287,0.3985,0.2579,0.2075,0.136,0.9484,0.0516,0.0579,0.9421
61775276,0.2232,0.0998,0.2,0.477,0.8812,0.1188,0.1013,0.8987
972495451390988300,3e-4,7e-4,0.0369,0.9621,0.9999,1e-4,0.2789,0.7211
94727941,0.0044,0.0041,0.1524,0.8391,0.9154,0.0846,0.836,0.164
32370979,0.1895,0.0126,0.1545,0.6434,0.734,0.266,0.9265,0.0735
1323988009600110600,0.0109,0.0021,0.1145,0.8726,0.9194,0.0806,0.7516,0.2484
1093355466208436200,0.1856,0.0459,0.5263,0.2422,0.6296,0.3704,0.8158,0.1842
2218020651,0.0134,0.0148,0.1014,0.8704,0.0232,0.9768,0.1698,0.8302
21630565,0.2056,0.0521,0.2335,0.5087,0.6298,0.3702,0.6114,0.3886
102377005,0.1579,0.0758,0.2658,0.5005,0.0326,0.9674,0.0216,0.9784
1254045215968628700,0.025,0.0712,0.443,0.4608,0.9959,0.0041,0.1849,0.8151
766260505195544600,0.035,0.0182,0.3149,0.6319,0.9766,0.0234,0.7076,0.2924
1051334764081213400,0.0197,0.0663,0.3808,0.5332,0.7849,0.2151,0.323,0.677
31570570,0.2165,0.0136,0.1577,0.6122,0.8842,0.1158,0.9089,0.0911
9.0725808356642406e+17,0.1458,0.405,0.3642,0.085,0.9702,0.0298,0.0529,0.9471
984319548907286500,0.0037,0.0125,0.0616,0.9222,0.8144,0.1856,0.5968,0.4032
923940203923935200,0.1795,0.2454,0.4428,0.1323,0.0153,0.9847,0.0398,0.9602
1218447526614843400,0.2217,0.1448,0.2896,0.3439,0.597,0.403,0.2296,0.7704
36965126,0.4011,0.0974,0.2468,0.2547,0.1385,0.8615,0.957,0.043
927926919596830700,0.0198,0.0086,0.2715,0.7002,0.9218,0.0782,0.8055,0.1945
212249026,3e-4,0.0018,0.0856,0.9123,1,0,3e-4,0.9997
3221404776,0.0623,0.1178,0.2495,0.5703,0.2173,0.7827,0.4858,0.5142
1249750810445197300,0.0105,0.0387,0.9221,0.0287,0.9677,0.0323,0.0457,0.9543
4632793273,0.1547,0.3964,0.3482,0.1007,0.1335,0.8665,0.0098,0.9902
201206928,0.22,0.071,0.6076,0.1014,0.0857,0.9143,0.1273,0.8727
38982431,0.0767,0.0483,0.1926,0.6824,0.907,0.093,0.8224,0.1776
2324823740,0.0226,0.003,0.0458,0.9287,0.0573,0.9427,0.7503,0.2497
119150202,0.0012,8e-4,0.0172,0.9808,0.0256,0.9744,0.4281,0.5719
1319363662872793e3,0.0419,0.0306,0.4976,0.43,0.0363,0.9637,0.0986,0.9014
263273177,3e-4,3e-4,0.1034,0.896,0.997,0.003,0.2529,0.7471
3060600533,0.0667,0.0561,0.2657,0.6115,0.9589,0.0411,0.2523,0.7477
24922764,0.096,0.1046,0.5662,0.2332,0.9912,0.0088,0.0972,0.9028
1099057090184720400,0.003,0.001,0.0417,0.9543,0.9792,0.0208,0.2028,0.7972
340033776,0.0811,0.1007,0.503,0.3152,0.1281,0.8719,0.2194,0.7806
1051541083,0.058,0.0815,0.4278,0.4327,0.9279,0.0721,0.308,0.692
1142970203783008300,0.0054,0.0018,0.0509,0.9419,0.3232,0.6768,0.6732,0.3268
910731482,0.0173,0.0132,0.513,0.4565,0.9996,4e-4,0.4547,0.5453
876867968,0.1418,0.1102,0.4524,0.2956,0.9969,0.0031,0.5181,0.4819
926394883,1e-4,0.005,0.0354,0.9596,0.0069,0.9931,0.3553,0.6447
1269726776210731e3,0.0028,0.0679,0.1388,0.7906,0.0083,0.9917,0.038,0.962
233674823,0.0375,0.0068,0.0776,0.8781,0.879,0.121,0.6695,0.3305
238260316,0.691,0.2479,0.0493,0.0118,0.1322,0.8678,0.0225,0.9775
1316918578415894500,0.0145,0.0075,0.0433,0.9347,0.031,0.969,0.7,0.3
937961195599953900,0.1145,0.051,0.3541,0.4804,0.04,0.96,0.7905,0.2095
1214231944113737700,0.002,0.0189,0.1859,0.7933,0.9961,0.0039,0.1632,0.8368
1011974351363584e3,0.0963,0.1444,0.4462,0.3131,0.7844,0.21560000000000001,0.2712,0.7288
785867439275905e3,0.0042,0.0123,0.2514,0.7321,0.9998,2e-4,0.6686,0.3314
791179412033118200,0.266,0.045,0.2494,0.4395,0.3557,0.6443,0.3517,0.6483
1260036861948559400,0.0017,0.001,0.1219,0.8754,0.0031,0.9969,0.338,0.662
4622625921,0.0292,0.0146,0.2715,0.6848,0.011,0.989,0.2614,0.7386
291734764,0.4451,0.1928,0.1328,0.2293,0.8549,0.1451,0.3795,0.6205
2250716347,0.1738,0.4012,0.3982,0.0269,0.7683,0.2317,0.0153,0.9847
1265091421796741e3,0.383,0.3029,0.2304,0.0837,0.6035,0.3965,0.4439,0.5561
819441350642909200,0.0188,0.0502,0.1883,0.7428,0.9971,0.0029,0.1615,0.8385
505308740,0.0379,0.4461,0.5071,0.0089,0.966,0.034,0.0075,0.9925
220627281,0.09,0.5616,0.2824,0.0659,0.241,0.759,0.0215,0.9785
1303159761651761200,0.0065,0.0144,0.6573,0.3219,0.987,0.013,0.4113,0.5887
1111538295207616500,0.0161,0.0345,0.8097,0.1397,0.0032,0.9968,0.1886,0.8114
55601282,0.3283,0.2719,0.3318,0.068,0.8911,0.1089,0.2129,0.7871
46512949,0.2855,0.0965,0.1978,0.4201,0.8848,0.1152,0.3911,0.6089
4639399334,9e-4,0.0031,0.2435,0.7525,2e-4,0.9998,0.0037,0.9963
849629377558188e3,0.0433,0.0702,0.5503,0.3362,0.9867,0.0133,0.2532,0.7468
793160160,0.0034,0.0578,0.7968,0.142,0.0024,0.9976,0.0388,0.9612
232792079,0.0166,0.0446,0.7389,0.1999,0.9976,0.0024,0.2962,0.7038
587087880,0.0345,0.0209,0.2343,0.7103,0.8642,0.1358,0.4581,0.5419
1.3222848355667681e+18,0.316,0.1497,0.2742,0.2602,0.697,0.303,0.134,0.866
1031737742495965200,2e-4,2e-4,0.0247,0.9749,0.9958,0.0042,0.1931,0.8069
822678533944332300,0.5271,0.095,0.1991,0.1789,0.9862,0.0138,0.1971,0.8029
485259150,0.01,0.0098,0.3129,0.6673,0.9923,0.0077,0.227,0.773
91145973,0.0155,0.2808,0.3897,0.3141,0.0701,0.9299,0.0088,0.9912
31947076,0.0015,0.001,0.0331,0.9645,0.9877,0.0123,0.8512,0.1488
148549851,6e-4,6e-4,0.0764,0.9224,0.8859,0.1141,0.5054,0.4946
1271585935826849800,0.0056,0.0511,0.7498,0.1935,0.2245,0.7755,0.1822,0.8178
4807248389,0.4408,0.2129,0.1905,0.1559,0.5909,0.4091,0.226,0.774
774375415460790300,0.4453,0.0381,0.1635,0.3531,0.5616,0.4384,0.9395,0.0605
1242149834737553400,0.0325,0.0123,0.2035,0.7518,0.5079,0.4921,0.7052,0.2948
41994583,0.2147,0.2346,0.3873,0.1634,0.9968,0.0032,0.2081,0.7919
259450253,0.4214,0.276,0.2162,0.0865,0.984,0.016,0.0977,0.9023
159120321,0.3427,0.0974,0.1669,0.3929,0.4397,0.5603,0.5256,0.4744
1277705221280587800,0.0123,0.0128,0.4828,0.4921,0.0146,0.9854,0.0716,0.9284
3364519641,0.3506,0.144,0.3295,0.1759,0.1621,0.8379,0.4545,0.5455
1045386383785898e3,0.3154,0.0937,0.3684,0.2224,0.4584,0.5416,0.3651,0.6349
1201682575783280600,0.0782,0.051,0.503,0.3678,0.7499,0.2501,0.3171,0.6829
21897511,0.0127,0.3065,0.3656,0.3152,0.6625,0.3375,0.025,0.975
1311394802185855e3,0.194,0.6044,0.1849,0.0166,0.0653,0.9347,0.0059,0.9941
872726529842786300,0.7039,0.2056,0.0487,0.0418,0.7797,0.2203,0.0637,0.9363
326255086,0.0155,0.0032,0.1706,0.8107,0.012,0.988,0.0967,0.9033
21199833,0.0023,0.0019,0.0297,0.9661,0.0395,0.9605,0.4234,0.5766
799639385150918700,0.0136,0.0198,0.2579,0.7086,0.007,0.993,0.1331,0.8669
1476092084,0.0129,0.0994,0.8342,0.0535,0.0371,0.9629,0.033,0.967
1615925803,0.1175,0.019,0.0837,0.7798,0.8519,0.1481,0.8131,0.1869
1107004729039691800,0.0101,0.7627,0.2125,0.0147,0.1041,0.8959,0.01,0.99
44677010,0.3181,0.1399,0.2014,0.3405,0.2514,0.7486,0.3374,0.6626
372141672,0.0112,0.008,0.2356,0.7452,0.0056,0.9944,0.1169,0.8831
1113722907119640600,0.0013,2e-4,0.0244,0.9741,0.7186,0.2814,0.4847,0.5153
506288058,0.0789,0.2052,0.566,0.15,0.962,0.038,0.0865,0.9135
472184651,0.0241,0.1339,0.4876,0.3545,0.9278,0.0722,0.3742,0.6258
1408763665,0.011,0.0092,0.3827,0.5972,0.9898,0.0102,0.1755,0.8245
1107748855951642600,0.0305,0.0159,0.2032,0.7504,0.001,0.999,0.0058,0.9942
19288813,0.1073,0.1076,0.2435,0.5416,0.9002,0.0998,0.2368,0.7632
776129596487897100,0.0195,0.2268,0.5987,0.155,0.0162,0.9838,0.0342,0.9658
1583605560,0.1976,0.0948,0.5764,0.1313,0.7188,0.2812,0.1781,0.8219
529486782,0.0035,4e-4,0.1685,0.8276,0.9956,0.0044,0.6166,0.3834
737192117022298100,0.104,0.4666,0.3865,0.0429,0.0129,0.9871,0.0545,0.9455
17545473,0.1083,0.1545,0.1232,0.6139,0.685,0.315,0.5815,0.4185
1290356847430574e3,0.0177,0.1098,0.5125,0.36,0.01,0.99,0.2562,0.7438
316617810,0.003,0.0028,0.0576,0.9366,0.5514,0.4486,0.5855,0.4145
2995265243,0.0456,0.224,0.6587,0.0717,0.7436,0.2564,0.0248,0.9752
335095696,0.3071,0.0778,0.1603,0.4549,0.9127,0.0873,0.8928,0.1072
41385012,0.6149,0.2046,0.017,0.1635,0.0011,0.9989,0,1
727363025649471500,0.0038,0.009,0.33,0.6572,0.994,0.006,0.1018,0.8982
2227757952,0.0155,0.0028,0.1593,0.8224,0.9821,0.0179,0.2298,0.7702
710967142049394700,0.005,0.1089,0.8269,0.0592,0.0095,0.9905,0.0204,0.9796
864395005728874500,0.1601,0.4721,0.3364,0.0314,0.065,0.935,0.0128,0.9872
983906012435566600,0.2012,0.1212,0.1831,0.4944,0.794,0.206,0.6569,0.3431
1176905589861081e3,0.0232,0.0369,0.8371,0.1028,0.8478,0.1522,0.1607,0.8393
352481852,0.0046,0.0088,0.186,0.8006,0.7942,0.2058,0.1774,0.8226
1305358851647115300,0.0283,0.022,0.1352,0.8145,0.5655,0.4345,0.5739,0.4261
370931272,0.1886,0.5721,0.2121,0.0273,0.0962,0.9038,0.004,0.996
43450381,0.1817,0.2335,0.454,0.1308,0.5871,0.4129,0.6527,0.3473
2234326038,0.0233,0.0089,0.2281,0.7396,0.9901,0.0099,0.4463,0.5537
75484458,0.0851,0.0391,0.2705,0.6053,0.9085,0.0915,0.5486,0.4514
1231393337602662400,0.1039,0.1823,0.1269,0.5869,0.3632,0.6368,0.1369,0.8631
3173348733,0.0158,0.0072,0.2054,0.7716,0.6475,0.3525,0.6683,0.3317
1072668983969628200,0.0063,0.0057,0.2609,0.7271,0.9974,0.0026,0.3492,0.6508
60569475,0.297,0.6471,0.0322,0.0237,0.2321,0.7679,1e-4,0.9999
794044372568244200,0.2852,0.0709,0.3075,0.3364,0.9471,0.0529,0.6839,0.3161
28913145,0.0023,0.0032,0.3586,0.6359,0.9904,0.0096,0.525,0.475
241607140,0.0935,0.2433,0.4624,0.2008,0,1,1e-4,0.9999
471468512,0.1547,0.1808,0.2895,0.3749,0.833,0.167,0.2021,0.7979
897243533886857200,0.0881,0.0871,0.4277,0.3972,0.8514,0.1486,0.3701,0.6299
28151887,0.154,0.6314,0.2082,0.0064,0.9746,0.0254,0.0029,0.9971
78057335,2e-4,1e-4,0.0055,0.9941,0.9985,0.0015,0.3623,0.6377
1321231788912472e3,0.0247,0.0056,0.1664,0.8034,0.9736,0.0264,0.6049,0.3951
1006474869570093e3,0.0151,0.0414,0.4618,0.4817,0.9994,6e-4,0.0037,0.9963
1254090649948885e3,0.3742,0.2473,0.2067,0.1718,0.6572,0.3428,0.3225,0.6775
15275232,0.4828,0.2857,0.175,0.0565,0.1705,0.8295,0.1219,0.8781
250691621,0.2362,0.105,0.2683,0.3904,0.857,0.143,0.6735,0.3265
264036426,0.248,0.1127,0.1757,0.4636,0.8564,0.1436,0.1296,0.8704
1149345434449731600,0.2652,0.0559,0.2413,0.4376,0.9587,0.0413,0.8099,0.1901
870343086752153600,0.0473,0.008,0.0925,0.8522,0.9523,0.0477,0.2487,0.7513
19863261,0.233,0.1237,0.1709,0.4724,0.754,0.246,0.2778,0.7222
20597843,0.0538,0.032,0.1917,0.7225,0.6646,0.3354,0.7435,0.2565
1281425501790392300,0.2159,0.2165,0.3554,0.2123,0.7834,0.2166,0.4096,0.5904
323421255,0.083,0.0739,0.6114,0.2318,0.2528,0.7472,0.0645,0.9355
371825029,0.3888,0.2324,0.2433,0.1355,0.2328,0.7672,0.3198,0.6802
1162111357,0.0288,0.0079,0.3057,0.6576,0.0538,0.9462,0.7233,0.2767
1050535029049311200,0.0392,0.2342,0.426,0.3007,0.1228,0.8772,0.5787,0.4213
47549234,0.0165,0.0287,0.3014,0.6534,0.9855,0.0145,0.5567,0.4433
930051162,0.1207,0.2976,0.539,0.0427,0.0348,0.9652,0.0159,0.9841
14953151,0.0219,0.0063,0.2484,0.7234,0.9019,0.0981,0.6354,0.3646
2910461954,0.0159,0.0116,0.3007,0.6718,0.9722,0.0278,0.6759,0.3241
525834343,0.0069,9e-4,0.0434,0.9488,0.9899,0.0101,0.5112,0.4888
1206098936,0.0102,0.3866,0.532,0.0711,1e-4,0.9999,4e-4,0.9996
410544656,0.0061,0.0053,0.2785,0.7101,0.006,0.994,0.3095,0.6905
1019525172431409200,0.0419,0.021,0.0305,0.9066,0.9636,0.0364,0.0872,0.9128
1172844223764291600,0.1117,0.0134,0.3703,0.5046,0.94,0.06,0.9876,0.0124
1238314142093553700,0.1428,0.1336,0.2659,0.4578,0.9123,0.0877,0.3442,0.6558
1096124697371205600,0.0425,0.0096,0.1452,0.8028,0.3785,0.6215,0.6718,0.3282
29221051,0.0963,0.0362,0.268,0.5996,0.7438,0.2562,0.6418,0.3582
1048595549564407800,0.2914,0.4479,0.2024,0.0583,0.1375,0.8625,0.0268,0.9732
2994310996,0.0305,0.0014,0.0918,0.8764,0.5763,0.4237,0.8081,0.1919
2849039508,0.0031,0.0859,0.88,0.031,0.0064,0.9936,0.0228,0.9772
2168269507,0.0124,0.0108,0.3804,0.5964,0.2401,0.7599,0.1472,0.8528
2931973490,0.4388,0.1492,0.2238,0.1881,0.5048,0.4952,0.3496,0.6504
3752079317,0.0105,0.0697,0.8431,0.0766,0.0058,0.9942,0.0056,0.9944
2890164458,0.0098,0.0022,0.0497,0.9383,0.9852,0.0148,0.8078,0.1922
895103978547150800,0.2143,0.3302,0.2226,0.2328,0.1363,0.8637,0.2775,0.7225
96050388,0.0145,0.0129,0.1955,0.7771,0.9932,0.0068,0.1471,0.8529
1281257190112854e3,0.2502,0.2274,0.2912,0.2312,0.7996,0.2004,0.8553,0.1447
1004096709260169200,0.3305,0.1666,0.2317,0.2711,0.7398,0.2602,0.2614,0.7386
869891015813058600,0.0513,0.0505,0.2005,0.6976,0.9783,0.0217,0.5034,0.4966
1240711302470926300,0.2139,0.4239,0.0964,0.2658,0.9825,0.0175,0.0196,0.9804
1228058163498422300,0.0447,0.0121,0.2234,0.7198,0.9962,0.0038,0.2097,0.7903
777332713154089e3,0.0553,0.0778,0.2984,0.5685,0.9697,0.0303,0.1137,0.8863
841704342474375200,0.0014,0.0113,0.8527,0.1347,0.9795,0.0205,0.0784,0.9216
1606554030,0.1221,0.1973,0.355,0.3256,0.8662,0.1338,0.0554,0.9446
4675599595,0.0173,0.0071,0.062,0.9135,0.1076,0.8924,0.2296,0.7704
923572474952011800,0.0753,0.0144,0.0381,0.8722,0.861,0.139,0.7051,0.2949
23723528,0.0024,0.0022,0.0066,0.9888,0.9999,1e-4,0.0017,0.9983
946944476454436900,0.0179,0.0043,0.0359,0.9419,0.9927,0.0073,0.8189,0.1811
506748748,0.068,0.0364,0.2141,0.6815,0.8351,0.1649,0.3487,0.6513
4404515537,0.0047,0.0026,0.0455,0.9472,0.0072,0.9928,0.4156,0.5844
255073628,0.0204,0.0528,0.5242,0.4026,0.9999,1e-4,0.0023,0.9977
3058616746,0.0389,0.0643,0.3245,0.5723,0.8887,0.1113,0.188,0.812
130027881,0.0454,0.0246,0.2627,0.6673,0.9928,0.0072,0.388,0.612
70214587,0.0059,0.0167,0.3172,0.6602,0.0642,0.9358,0.5227,0.4773
550294968,0.0215,0.0443,0.3058,0.6284,1,0,6e-4,0.9994
1230619862667530200,0.0745,0.1836,0.4702,0.2716,0.9959,0.0041,0.0935,0.9065
1231993265739747300,0.0246,0.0745,0.4458,0.4552,0.9801,0.0199,0.5335,0.4665
872108690370961400,0.0701,0.0211,0.2613,0.6475,0.0131,0.9869,0.2317,0.7683
40574310,0.1616,0.0674,0.4096,0.3614,4e-4,0.9996,0.0013,0.9987
69297102,0.1566,0.1151,0.3128,0.4155,0.9766,0.0234,0.2845,0.7155
35804170,0.053,0.1131,0.5785,0.2554,0.9803,0.0197,0.0857,0.9143
238720466,0.0077,0.0177,0.4683,0.5063,0.0034,0.9966,0.2021,0.7979
609135467,0.0013,0.0011,0.0587,0.9389,0.9877,0.0123,0.1558,0.8442
814945374209065e3,0.0689,0.2121,0.5184,0.2007,0.7824,0.2176,0.0267,0.9733
2464470806,0.0215,0.0029,0.1002,0.8754,0.9202,0.0798,0.9232,0.0768
175404992,0.0797,0.1787,0.581,0.1606,0.974,0.026,0.0414,0.9586
2960927999,0.0579,0.0372,0.2058,0.6991,0.8453,0.1547,0.2509,0.7491
561679197,0.0134,0.0117,0.3886,0.5863,0.1422,0.8578,0.4719,0.5281
613766609,0.0147,0.0681,0.6874,0.2298,0.9936,0.0064,0.1557,0.8443
73252408,0.008,0.0521,0.9056,0.0343,0.4329,0.5671,0.0462,0.9538
2985570776,0.0148,0.006,0.6661,0.3131,0.0059,0.9941,0.0826,0.9174
2190527462,0.0086,0.003,0.1162,0.8721,0.9721,0.0279,0.2651,0.7349
1162733055905337300,0.1031,0.1711,0.426,0.2997,0.9929,0.0071,0.0098,0.9902
4004558778,0.0478,0.1442,0.4758,0.3323,0.045,0.955,0.0567,0.9433
4505795352,0.0873,0.0307,0.4177,0.4643,0.0235,0.9765,0.1441,0.8559
3073788027,0.0027,0.0022,0.2038,0.7913,0.9996,4e-4,0.8001,0.1999
1155903129554161700,0.1243,0.044,0.3452,0.4865,0.8697,0.1303,0.6682,0.3318
1017230707054309400,0.0377,0.0508,0.4884,0.4231,0.004,0.996,0.2427,0.7573
1321862510438396e3,0.0247,0.0036,0.1239,0.8478,0.9888,0.0112,0.4145,0.5855
1272636957827481600,0.1241,0.0085,0.0917,0.7758,0.3497,0.6503,0.9364,0.0636
750614572583690200,0.0441,0.0154,0.304,0.6365,0.9962,0.0038,0.6296,0.3704
4311982647,0.0129,0.0037,0.1317,0.8517,0.1055,0.8945,0.3894,0.6106
1244210293590438e3,0.0175,0.0352,0.1541,0.7932,0.4716,0.5284,0.3821,0.6179
1393134764,0.3147,0.3309,0.3233,0.0312,0.936,0.064,0.0639,0.9361
18236934,0.0037,0.0102,0.3528,0.6333,1,0,0.0127,0.9873
1023960086945968100,0.004,0.0088,0.1911,0.796,0.9939,0.0061,0.124,0.876
21450325,0.0024,7e-4,0.0442,0.9527,0.9506,0.0494,0.4268,0.5732
73381015,0.0046,0.0398,0.4313,0.5242,0.0137,0.9863,0.0347,0.9653
84204483,0.019,0.0124,0.3163,0.6523,0.149,0.851,0.6583,0.3417
1263124803428417500,0.0091,0.0021,0.0708,0.918,0.9895,0.0105,0.6877,0.3123
23721469,0.0099,0.0105,0.4056,0.574,0.0045,0.9955,0.4884,0.5116
1050903715560022e3,0.0678,0.1142,0.2116,0.6064,0.9786,0.0214,0.145,0.855
1004607693624143900,0.0429,0.0108,0.1331,0.8132,0.2407,0.7593,0.7907,0.2093
22210717,0.0294,0.0353,0.3451,0.5901,0.9958,0.0042,0.3595,0.6405
906734126165831700,0.0136,0.0405,0.7986,0.1472,0.9989,0.0011,0.0295,0.9705
3228447231,0.1094,0.1054,0.5438,0.2414,0.0421,0.9579,0.1357,0.8643
2148709524,0.0024,0.0374,0.1773,0.783,1,0,0.0015,0.9985
25713136,0.6038,0.2794,0.0958,0.021,0.1422,0.8578,0.076,0.924
41561175,0.0052,0.0027,0.1019,0.8902,0.9722,0.0278,0.5116,0.4884
107039908,0.1778,0.0448,0.4343,0.3431,0.9602,0.0398,0.4864,0.5136
1217942462553055200,0.0167,0.0477,0.3744,0.5612,0.9868,0.0132,0.2499,0.7501
1075469183385772e3,0.004,0.0304,0.2618,0.7038,0.0065,0.9935,0.0665,0.9335
843598617772507100,0.0172,0.0163,0.3208,0.6457,0.7807,0.2193,0.433,0.567
1321637902229622800,0.0011,0.0066,0.1343,0.8579,0.9944,0.0056,0.2727,0.7273
277724676,0.4572,0.2226,0.2254,0.0948,0.8437,0.1563,0.065,0.935
727727356274716700,0.0295,0.1063,0.7244,0.1398,0.0012,0.9988,0.0047,0.9953
18289357,0.1758,0.1106,0.429,0.2845,0.9443,0.0557,0.2603,0.7397
168363561,3e-4,3e-4,0.0282,0.9712,0.0051,0.9949,0.5916,0.4084
2815441674,0.0493,0.0263,0.074,0.8504,0.8852,0.1148,0.1318,0.8682
1046139314982117400,0.113,0.036,0.4116,0.4394,0.9578,0.0422,0.3627,0.6373
998248435806421e3,0.0062,0.0631,0.7736,0.1572,0.8962,0.1038,0.0264,0.9736
15602334,0.0094,0.0267,0.2171,0.7467,0.7769,0.2231,0.3605,0.6395
1468403970,0.0277,0.0246,0.7263,0.2214,0.9999,1e-4,0.0092,0.9908
479055033,0.0065,0.0063,0.1733,0.814,0.9939,0.0061,0.1621,0.8379
1445595529,0,0,0.0013,0.9987,0.9955,0.0045,0.4,0.6
707982762330996700,0.0544,0.0201,0.2512,0.6744,0.9909,0.0091,0.7701,0.2299
498244892,0.0023,0.0051,0.1085,0.8842,0.9819,0.0181,0.8005,0.1995
1324240552913637400,0.0035,0.0077,0.2372,0.7517,1e-4,0.9999,6e-4,0.9994
3061460472,0.1781,0.0893,0.2094,0.5233,0.8749,0.1251,0.2089,0.7911
1259577562457608200,0.1042,0.0141,0.2505,0.6311,0.0471,0.9529,0.7804,0.2196
1938311034,0.2749,0.1331,0.2415,0.3505,0.855,0.145,0.4627,0.5373
1304247798183813e3,0.0055,0.0013,0.1116,0.8817,0.9795,0.0205,0.812,0.188
1272122084563484700,0.2497,0.0472,0.1288,0.5743,0.7483,0.2517,0.7736,0.2264
372682768,3e-4,4e-4,0.0086,0.9907,0,1,0.0028,0.9972
60464113,0.0063,0.0755,0.5044,0.4137,0.4984,0.5016,0.1054,0.8946
1274670016827285500,0.0284,0.0266,0.4018,0.5433,0.0481,0.9519,0.4867,0.5133
4719570082,0.0218,0.0532,0.6425,0.2824,0.1774,0.8226,0.1433,0.8567
2608741705,0.019,0.0832,0.2534,0.6444,0.9922,0.0078,0.2123,0.7877
773549675580366800,0.0034,0.0095,0.2223,0.7648,0.0059,0.9941,0.0914,0.9086
21628966,0.0176,0.0322,0.525,0.4252,0.5503,0.4497,0.2741,0.7259
489945924,0.0035,0.0217,0.4267,0.5481,0.031,0.969,0.1764,0.8236
277401221,5e-4,5e-4,0.0098,0.9892,0.8116,0.1884,0.5058,0.4942
139807030,0.4474,0.1691,0.1835,0.2001,0.401,0.599,0.2488,0.7512
1241551028715163600,0.0036,0.0126,0.2459,0.7379,0.0229,0.9771,0.3243,0.6757
20993944,0.0018,0.0084,0.1455,0.8443,0.9897,0.0103,0.2403,0.7597
19922075,0.3996,0.0143,0.0435,0.5426,0.516,0.484,0.6541,0.3459
1451821616,3e-4,0.0029,0.0402,0.9566,0.0124,0.9876,0.2321,0.7679
834248645096644600,0.045,0.023,0.2466,0.6854,0.0889,0.9111,0.1706,0.8294
842157987565338600,0.0248,0.0745,0.3634,0.5373,0.0248,0.9752,0.2318,0.7682
1.0152766063556239e+18,0.1948,0.4383,0.1982,0.1687,0.9024,0.0976,0.1367,0.8633
418320988,0.0729,0.0701,0.3323,0.5247,0.7697,0.2303,0.2065,0.7935
8.9047883479722394e+17,0.6185,0.1801,0.1204,0.081,0.6871,0.3129,0.2528,0.7472
49610918,0.0311,0.0084,0.1201,0.8404,0.1135,0.8865,0.251,0.749
445719650,0.0056,6e-4,0.0094,0.9844,0.5254,0.4746,0.8386,0.1614
777262617907691500,0.0024,0.0127,0.9769,0.0081,0.0202,0.9798,0.0186,0.9814
310663369,0.0379,0.0215,0.168,0.7726,0.9321,0.0679,0.5611,0.4389
36920753,0.0363,0.0214,0.1951,0.7472,0.5448,0.4552,0.1577,0.8423
350072840,0.0486,0.0986,0.5742,0.2785,0.0406,0.9594,0.0717,0.9283
1202785103887437800,0.0024,0.0031,0.106,0.8885,0.9998,2e-4,0.002,0.998
29791844,0.0116,0.0255,0.5986,0.3643,0.9883,0.0117,0.3889,0.6111
469664661,0.0216,0.0873,0.2223,0.6688,0.9927,0.0073,0.3774,0.6226
3228367245,0.0839,0.0597,0.3203,0.5361,0.1342,0.8658,0.0302,0.9698
955855613959032800,0,1e-4,0.0111,0.9888,0.9984,0.0016,0.4048,0.5952
16272976,0.0873,0.0365,0.368,0.5081,0.9366,0.0634,0.9562,0.0438
1252229186166698e3,0.0146,9e-4,0.0121,0.9724,0.8955,0.1045,0.7059,0.2941
1725407809,0.0714,0.0701,0.3714,0.487,0.151,0.849,0.2753,0.7247
2296282329,0.0785,0.0697,0.2182,0.6336,0.9198,0.0802,0.7224,0.2776
894939000909312e3,0.2275,0.0065,0.0605,0.7055,0.8174,0.1826,0.9836,0.0164
4388343941,0.1557,0.0706,0.1779,0.5959,0.6997,0.3003,0.9063,0.0937
1261557556025196500,0.7875,0.1791,0.0298,0.0035,0.094,0.906,0.0119,0.9881
2423871054,0.0015,4e-4,0.0147,0.9834,0.9595,0.0405,0.1274,0.8726
716112072057053200,0.0201,0.0065,0.2087,0.7647,0.0181,0.9819,0.3171,0.6829
1004459538,0.147,0.1006,0.2835,0.4689,0.8588,0.1412,0.4051,0.5949
810834227403124700,0.0638,0.2394,0.4849,0.2119,0.0489,0.9511,0.022,0.978
904451422221164500,0.1845,0.0445,0.1553,0.6157,0.9799,0.0201,0.852,0.148
2834650713,0.1526,0.0828,0.2066,0.5579,0.727,0.273,0.6862,0.3138
39832382,0.0397,0.0268,0.3325,0.601,0.8295,0.1705,0.1647,0.8353
772434123289825300,0.0053,0.0036,0.0514,0.9397,0.0812,0.9188,0.373,0.627
41759177,0.2366,0.3926,0.296,0.0748,0.8308,0.1692,0.0243,0.9757
35051304,0.3022,0.3551,0.2995,0.0432,0.9048,0.0952,0.1487,0.8513
189141459,0,3e-4,8e-4,0.9989,0.9927,0.0073,0.0323,0.9677
894012093434810400,0.1618,0.2579,0.5337,0.0466,0.0035,0.9965,0.0878,0.9122
910663719310458900,0.4521,0.0971,0.2446,0.2061,0.4866,0.5134,0.1444,0.8556
2838985557,4e-4,0.0011,0.0677,0.9308,0.0128,0.9872,0.0781,0.9219
1241900574402056200,0.0199,0.0496,0.2184,0.7121,0.116,0.884,0.2742,0.7258
438589393,0.0072,0.0139,0.4465,0.5324,0.9658,0.0342,0.3312,0.6688
1316839198662557700,0.2052,0.1657,0.5056,0.1235,0.1098,0.8902,0.2031,0.7969
1270871195664167e3,0.1988,0.3125,0.4007,0.088,0.9639,0.0361,0.216,0.784
1242534298537939e3,0.0012,0.0013,0.0168,0.9807,2e-4,0.9998,2e-4,0.9998
2337107899,0.073,0.0627,0.3734,0.491,0.9698,0.0302,0.7944,0.2056
36200641,0.2805,0.055,0.232,0.4325,0.8535,0.1465,0.7123,0.2877
20423163,8e-4,0.021,0.9331,0.0451,0.0017,0.9983,0.004,0.996
36028398,0.0027,0.0648,0.78,0.1525,0.0177,0.9823,0.0157,0.9843
271624117,0.0374,0.0239,0.2318,0.7069,0.4801,0.5199,0.5011,0.4989
33211976,0.0115,0.0067,0.0901,0.8917,0.9959,0.0041,0.3156,0.6844
3346311185,0.0134,0.0057,0.3833,0.5976,0.9984,0.0016,0.4592,0.5408
1249560550507286500,1e-4,0.0535,0.9194,0.027,0,1,1e-4,0.9999
147036805,0.0013,0.0014,0.2491,0.7481,0,1,0.0251,0.9749
16112185,0.0237,0.0027,0.0386,0.935,0.9216,0.0784,0.745,0.255
3506722762,0.4311,0.1166,0.2331,0.2192,0.8044,0.1956,0.2645,0.7355
22019645,0.0122,0.0104,0.0048,0.9727,0,1,1e-4,0.9999
977451022900777e3,5e-4,3e-4,0.0236,0.9756,0.8905,0.1095,0.3369,0.6631
960684164063383600,0.0774,0.0376,0.2303,0.6547,0.2552,0.7448,0.5328,0.4672
27509215,0.0221,0.0379,0.3776,0.5623,0.0687,0.9313,0.3056,0.6944
3834650237,0.0746,0.0388,0.3818,0.5048,0.8613,0.1387,0.5526,0.4474
19955430,0.0019,0.0018,0.0426,0.9537,4e-4,0.9996,0.0038,0.9962
46009249,0.3072,0.2076,0.2332,0.2519,0.8617,0.1383,0.038,0.962
927722958193348600,0.001,4e-4,0.0117,0.9869,8e-4,0.9992,0.4834,0.5166
826242643109634e3,0.0015,0.0038,0.2332,0.7614,0.0028,0.9972,0.0366,0.9634
73103223,0.1278,0.0935,0.3409,0.4378,0.7306,0.2694,0.8172,0.1828
877320831252271100,0.0317,0.0195,0.1958,0.753,0.7186,0.2814,0.6244,0.3756
163132914,0.0205,0.0035,0.1087,0.8673,0.9207,0.0793,0.9013,0.0987
884290041014571e3,0.0069,0.0013,0.0532,0.9386,0.4771,0.5229,0.9222,0.0778
1539941143,0.0347,0.0312,0.143,0.7911,0.9713,0.0287,0.8303,0.1697
424485775,0.0782,0.1025,0.115,0.7043,0.9589,0.0411,0.1446,0.8554
819396930,0.2392,0.106,0.3946,0.2603,0.987,0.013,0.2412,0.7588
1033809825195544600,0.0064,0.0199,0.49370000000000003,0.48,0.9899,0.0101,0.0547,0.9453
1546173914,7e-4,6e-4,0.0615,0.9372,0.007,0.993,0.3051,0.6949
807446354,0,0.0135,0.9848,0.0017,0.9995,5e-4,0.0027,0.9973
801365910267236400,0.003,0.2948,0.5612,0.141,0.0171,0.9829,0.0472,0.9528
1279872512097243100,0.0157,0.0627,0.8641,0.0575,0.9998,2e-4,0.0047,0.9953
1086121436782252e3,0.0235,0.1369,0.6012,0.2384,0.0276,0.9724,0.0243,0.9757
37584540,0.5689,0.3193,0.087,0.0247,0.4143,0.5857,0.2518,0.7482
24589898,0.1747,0.0415,0.1,0.6838,0.1579,0.8421,0.324,0.676
4917112757,0,1e-4,0.0089,0.991,0.9983,0.0017,0.4164,0.5836
717151314828898300,0.2202,0.2659,0.3761,0.1378,0.1243,0.8757,0.0359,0.9641
344400823,0.0135,0.0512,0.4307,0.5046,0.9776,0.0224,0.1548,0.8452
1314654236836343800,0.0116,0.0052,0.0257,0.9575,0.8009,0.1991,0.9059,0.0941
35028052,0.0312,0.0257,0.3584,0.5847,0.9821,0.0179,0.511,0.489
3227363439,0.1958,0.4885,0.2906,0.0251,0.9849,0.0151,0.0144,0.9856
2471116038,0.01,0.0285,0.3269,0.6346,0.9988,0.0012,0.1219,0.8781
1147378800914661400,0,0,1e-4,0.9999,0.9808,0.0192,0.1183,0.8817
224066621,0.0366,0.9281,0.0322,0.0032,0.1544,0.8456,0.0025,0.9975
479764945,0.1871,0.0456,0.2786,0.4887,0.2189,0.7811,0.5746,0.4254
1251612903565717500,0.0238,0.0999,0.3807,0.4955,0.8782,0.1218,0.2663,0.7337
1049787267487813600,0.0078,0.0094,0.3776,0.6052,0.9984,0.0016,0.4434,0.5566
1314000489340694500,0.0192,0.036,0.3514,0.5934,0.9895,0.0105,0.2729,0.7271
1309448751019221e3,0.2607,0.0318,0.2005,0.507,0.827,0.173,0.9531,0.0469
1264636450424778800,0.1039,0.0326,0.3622,0.5014,0.9003,0.0997,0.6428,0.3572
4761449180,0.012,0.3591,0.6041,0.0248,0.0135,0.9865,0.0155,0.9845
59659926,0.3899,0.0712,0.1957,0.3432,0.7652,0.2348,0.7859,0.2141
930837707970043900,0.1379,0.0504,0.4002,0.4115,0.5265,0.4735,0.1333,0.8667
2990278788,0.0023,0.0014,0.0562,0.9401,0.9981,0.0019,0.2568,0.7432
30250938,3e-4,0.0014,0.8042,0.194,0.9942,0.0058,0.1712,0.8288
1150585999,0.0848,0.0402,0.2213,0.6538,0.0843,0.9157,0.5748,0.4252
27552178,0.0032,0.0099,0.8237,0.1631,0.9597,0.0403,0.155,0.845
722275037055729700,0.0073,0.0123,0.182,0.7983,1,0,0.0055,0.9945
50272660,0.0302,0.0084,0.0734,0.888,0.5817,0.4183,0.7271,0.2729
778072586,0.0095,0.0034,0.6333,0.3538,0.9363,0.0637,0.6812,0.3188
1252005369255129e3,0.1098,0.3752,0.3836,0.1314,0.1247,0.8753,0.1005,0.8995
1207509771043188700,0.0828,0.0277,0.1347,0.7548,0.8837,0.1163,0.6701,0.3299
886202178733568e3,0.0029,0.039,0.6182,0.3399,0.0068,0.9932,0.0699,0.9301
626847832,8e-4,0.0019,0.0199,0.9774,0.052,0.948,0.2014,0.7986
1276700220215177200,0.0106,0.0226,0.2882,0.6786,0.9948,0.0052,0.4238,0.5762
1279216249969369e3,0.0668,0.0256,0.2305,0.6771,0.9651,0.0349,0.2932,0.7068
4728810611,7e-4,0.0047,0.0526,0.942,0.9714,0.0286,0.2052,0.7948
1314418602385129500,0.0063,0.0108,0.2773,0.7055,0.0065,0.9935,0.2125,0.7875
421907274,0.1073,0.0265,0.3577,0.5085,0.0225,0.9775,0.0655,0.9345
199462863,0.6876,0.2168,0.0619,0.0337,0.1333,0.8667,0.0189,0.9811
1371650910,0.0731,0.3006,0.1658,0.4606,0.8127,0.1873,0.2483,0.7517
1193360043720220700,0.0076,0.0126,0.4041,0.5757,0.9925,0.0075,0.3198,0.6802
1245069176345178e3,0.087,0.2317,0.3545,0.3269,0.9769,0.0231,0.0802,0.9198
3863822381,0.0241,0.0104,0.1886,0.7768,0.0485,0.9515,0.9229,0.0771
15281435,0.0673,0.2554,0.56,0.1173,0.9652,0.0348,0.0267,0.9733
1252291824221290500,0.141,0.0938,0.3462,0.419,0.0582,0.9418,0.2414,0.7586
1186732221966606300,0.8769,0.0996,0.0221,0.0014,0.2399,0.7601,0.0646,0.9354
83443717,0.006,0.0367,0.6498,0.3075,0.9968,0.0032,0.1746,0.8254
909507638,0.0328,0.2422,0.6262,0.0989,0.0302,0.9698,0.0086,0.9914
788100118704717800,0.0482,0.056,0.0344,0.8614,0.7532,0.2468,0.8488,0.1512
1247394092713218e3,0.0157,0.0743,0.5387,0.3713,0.0021,0.9979,0.2092,0.7908
197249196,0.0135,0.0065,0.2028,0.7773,0.9859,0.0141,0.7499,0.2501
1135981507502321700,0.0024,0.0022,0.2338,0.7616,0.9999,1e-4,0.0091,0.9909
741743875,0.522,0.1885,0.213,0.0765,0.4245,0.5755,0.1935,0.8065
924068007978111e3,0.0037,0.0029,0.0833,0.9102,0.0065,0.9935,0.1996,0.8004
820991131727097900,0.0344,0.088,0.5095,0.3681,0.9378,0.0622,0.1106,0.8894
250778554,0.0165,0.0093,0.2184,0.7558,0.038,0.962,0.2548,0.7452
1.2635502674604319e+18,0.0186,0.0537,0.0362,0.8915,0.9936,0.0064,0.0356,0.9644
3951380962,0.1543,0.07,0.3701,0.4056,0.0744,0.9256,0.126,0.874
366255777,8e-4,0.001,0.049,0.9492,0.9893,0.0107,0.2185,0.7815
58795639,0.0116,0.0028,0.2516,0.734,0.0444,0.9556,0.406,0.594
3902671577,0.009,0.0062,0.4107,0.5741,0.0035,0.9965,0.2107,0.7893
501060187,0.0132,0.0073,0.1312,0.8484,0.9913,0.0087,0.212,0.788
526552266,0.0175,0.0194,0.2239,0.7393,0.8784,0.1216,0.517,0.483
1135030326101782500,0.0996,0.383,0.3846,0.1328,0.0675,0.9325,0.0375,0.9625
1167573151712186400,0.1369,0.1858,0.4843,0.193,0.0879,0.9121,0.0635,0.9365
43435153,0.0025,6e-4,0.0452,0.9517,0.8696,0.1304,0.2251,0.7749
88377399,0.0342,0.0211,0.2467,0.698,0.9072,0.0928,0.5766,0.4234
1309501008851107800,0.273,0.1487,0.3574,0.2209,0.8301,0.1699,0.5753,0.4247
1322373650113286100,0.0017,0.0039,0.093,0.9013,0.9282,0.0718,0.1661,0.8339
2420712286,0.0205,0.0077,0.2381,0.7336,0.9325,0.0675,0.2684,0.7316
252615715,0.2351,0.2622,0.3067,0.196,0.7906,0.2094,0.1297,0.8703
321719882,0.0024,3e-4,0.0333,0.964,0.9423,0.0577,0.5665,0.4335
9945192,0.0028,0.004,0.2311,0.7622,0.9981,0.0019,0.6985,0.3015
889910735073050600,0.0096,0.001,0.0486,0.9407,0.0242,0.9758,0.4208,0.5792
105256706,0.0742,0.4144,0.4179,0.0936,0.9895,0.0105,0.0176,0.9824
957682971086962700,0.0072,0.0019,0.1845,0.8064,0.9962,0.0038,0.9652,0.0348
369777525,0.0042,0.0097,0.4006,0.5855,0.9968,0.0032,0.1999,0.8001
17503139,0.1784,0.478,0.2124,0.1312,0.9808,0.0192,0.0328,0.9672
820688137,0.0323,0.1682,0.2228,0.5767,0.0166,0.9834,0.0289,0.9711
12475032,0.0194,0.1233,0.3497,0.5075,0.9532,0.0468,0.0103,0.9897
14544622,0.0063,0.0046,0.034,0.9551,0.5837,0.4163,0.2705,0.7295
547969112,0.2283,0.0627,0.3649,0.3441,0.1126,0.8874,0.2875,0.7125
947704556464439300,1e-4,3e-4,0.0013,0.9983,0.9999,1e-4,0.0021,0.9979
1181247812954181600,0.1185,0.2,0.376,0.3055,0.5501,0.4499,0.0547,0.9453
53524865,0.0234,0.0205,0.1245,0.8316,0.7777,0.2223,0.8819,0.1181
49202085,0.0418,0.1321,0.4911,0.335,0.6183,0.3817,0.4892,0.5108
805502502028398600,0.1432,0.4712,0.2437,0.1419,0.9716,0.0284,0.0328,0.9672
243039783,0.0196,0.029,0.3552,0.5963,0.139,0.861,0.2604,0.7396
432232423,0.1426,0.0601,0.3323,0.465,0.4809,0.5191,0.2969,0.7031
2727981220,0.043,0.0479,0.2493,0.6598,0.9545,0.0455,0.2014,0.7986
600490768,0.0011,5e-4,0.0088,0.9896,3e-4,0.9997,0.0028,0.9972
786350748917338100,0.0021,0.0017,0.1716,0.8246,0.9994,6e-4,0.223,0.777
184027478,0.0212,0.0214,0.7622,0.1952,0.999,0.001,0.1508,0.8492
34216220,0.004,0.0045,0.1763,0.8152,0.0193,0.9807,0.3751,0.6249
259621836,0,0,4e-4,0.9995,0.9987,0.0013,0.8268,0.1732
124168079,0.1117,0.0193,0.1141,0.7549,0.5013,0.4987,0.9663,0.0337
310377192,0.1535,0.0942,0.4256,0.3267,0.3999,0.6001,0.1367,0.8633
211193399,0.0014,0.0016,0.0367,0.9603,0.0075,0.9925,0.2465,0.7535
1190023052,0.0049,0.006,0.2733,0.7158,0.9946,0.0054,0.0983,0.9017
362146412,0.3131,0.1486,0.1739,0.3643,0.1968,0.8032,0.1235,0.8765
275398150,0.1946,0.1611,0.4128,0.2315,0.1628,0.8372,0.4286,0.5714
1223664024442683400,0.866,0.0931,0.0158,0.0251,0.8248,0.1752,0.2168,0.7832
25913172,0.6339,0.1597,0.1059,0.1005,0.7465,0.2535,0.2227,0.7773
2557469701,0.0032,0.0277,0.1472,0.8218,0.9891,0.0109,0.0687,0.9313
1026502687678967800,0.1274,0.3787,0.2524,0.2416,0.3161,0.6839,0.1313,0.8687
1300872366034124800,0.0013,5e-4,0.0195,0.9788,0.8593,0.1407,0.9498,0.0502
1315994861707948e3,0.531,0.2438,0.1674,0.0578,0.9495,0.0505,0.0712,0.9288
19274477,0.1907,0.0265,0.1247,0.6582,0.8631,0.1369,0.9275,0.0725
1031790358756122600,0.1658,0.1627,0.4294,0.242,0.7792,0.2208,0.182,0.818
17569853,0.0304,0.006,0.0565,0.9071,0.8598,0.1402,0.7121,0.2879
815841283,0.0631,0.1638,0.4124,0.3607,0.9905,0.0095,0.1612,0.8388
1258471767330492400,0.0655,0.0062,0.0828,0.8454,0.9647,0.0353,0.9036,0.0964
742012007025512400,2e-4,0,0.0278,0.972,0.9954,0.0046,0.7414,0.2586
865933171577286700,0.5907,0.2477,0.0995,0.0622,0.7384,0.2616,0.1025,0.8975
136406792,0.109,0.1125,0.2986,0.4799,0.7662,0.2338,0.3579,0.6421
809287962,0.0195,0.0186,0.2497,0.7123,0.9833,0.0167,0.3287,0.6713
1304554538360332300,0.3757,0.4365,0.1675,0.0202,0.0306,0.9694,0.0059,0.9941
785193696,6e-4,0.0024,0.3484,0.6486,1,0,1e-4,0.9999
2608465644,0.0081,0.2258,0.3188,0.4473,0.0276,0.9724,0.0586,0.9414
249173744,0.0368,0.0085,0.137,0.8177,0.6441,0.3559,0.8484,0.1516
38064987,0.0106,0.0329,0.1475,0.809,0.0369,0.9631,0.0182,0.9818
279844843,0.0049,0.0606,0.1005,0.834,0.0119,0.9881,0.116,0.884
253312240,0.0464,0.032,0.1755,0.746,1,0,3e-4,0.9997
1129914669106442200,0.0143,0.0317,0.6342,0.3198,0.9563,0.0437,0.3992,0.6008
935336821743026200,0.0375,0.0372,0.7447,0.1806,0.986,0.014,0.1778,0.8222
347627434,8e-4,0.0018,0.1981,0.7994,0.686,0.314,0.7928,0.2072
7.8552963693551206e+17,0.1506,0.2572,0.459,0.1333,0.9534,0.0466,0.0297,0.9703
3951355469,0.0104,0.0041,0.166,0.8195,0.001,0.999,0.0124,0.9876
1243292374329065500,1e-4,1e-4,0.0197,0.9801,0.0043,0.9957,0.3534,0.6466
4288205839,0.0078,0.0047,0.2229,0.7647,0.3304,0.6696,0.2995,0.7005
782989180070539300,0.015,0.0023,0.0825,0.9002,0.0111,0.9889,0.1132,0.8868
2251242284,0.1864,0.066,0.2603,0.4873,0.9322,0.0678,0.2118,0.7882
28386110,0.0134,0.0299,0.2839,0.6729,0.8946,0.1054,0.2883,0.7117
29763145,0.2276,0.1502,0.376,0.2462,0.5696,0.4304,0.5871,0.4129
1297077630144057300,0.2901,0.3161,0.243,0.1508,0.8815,0.1185,0.0779,0.9221
1258315453,0.0438,0.0577,0.4503,0.4482,0.0327,0.9673,0.0595,0.9405
1140936734932426800,7e-4,1e-4,0.0079,0.9913,0.9961,0.0039,0.2749,0.7251
4380089482,0.0306,0.0295,0.3721,0.5679,0.949,0.051,0.3554,0.6446
249248140,7e-4,0.001,0.9799,0.0184,0.8777,0.1223,0.0959,0.9041
1932402193,0.0754,0.0236,0.5599,0.3411,4e-4,0.9996,0.0513,0.9487
432842876,0.0925,0.0331,0.3023,0.5721,0.9201,0.0799,0.2493,0.7507
3015828635,0.0055,0.0077,0.1119,0.8748,0.0111,0.9889,0.1741,0.8259
2329404733,0.018,0.0046,0.0795,0.8979,0.907,0.093,0.335,0.665
1153369658503901200,0.0109,0.072,0.752,0.1651,0.9994,6e-4,0.0279,0.9721
28262337,0.001,3e-4,0.013,0.9858,0.9976,0.0024,0.542,0.458
1023952774051115e3,7e-4,6e-4,0.0632,0.9355,0.0041,0.9959,0.9029,0.0971
309163526,0.0016,8e-4,0.0127,0.9849,0.0644,0.9356,0.7068,0.2932
876951534,0.2936,0.191,0.2054,0.3101,0.9229,0.0771,0.2642,0.7358
44510049,0.1282,0.0549,0.3205,0.4964,0.7823,0.2177,0.5227,0.4773
1144286276134297600,0.2065,0.3044,0.2788,0.2102,0.0496,0.9504,0.1002,0.8998
43288319,0.0703,0.0738,0.3473,0.5087,0.0319,0.9681,0.0954,0.9046
16526000,0.0393,0.4916,0.4515,0.0176,0.0228,0.9772,0.0044,0.9956
561964699,0.0068,0.0521,0.6587,0.2824,0.9858,0.0142,0.1414,0.8586
405445297,0.0028,0.0189,0.0323,0.946,3e-4,0.9997,0.0049,0.9951
72153970,0.0314,0.0075,0.3588,0.6023,0.0097,0.9903,0.0806,0.9194
567330796,0.0076,0.0023,0.0389,0.9512,0.9914,0.0086,0.7931,0.2069
622244859,0.001,0.0036,0.0422,0.9532,0.0063,0.9937,0.3169,0.6831
797127718261366800,0.0062,0.0081,0.4023,0.5834,0.9699,0.0301,0.301,0.699
1160737352005881900,0.042,0.0441,0.4285,0.4854,0.8278,0.1722,0.6769,0.3231
845007286493962200,0.0704,0.0591,0.2572,0.6134,0.6537,0.3463,0.0629,0.9371
1043174069808623600,0.0553,0.0433,0.5623,0.3391,0.4798,0.5202,0.8933,0.1067
42224411,0.0226,0.0058,0.1362,0.8354,0.3256,0.6744,0.6185,0.3815
81858045995742e4,0.1465,0.0247,0.1744,0.6544,0.6286,0.3714,0.6697,0.3303
82144172,0.1745,0.0521,0.3174,0.456,0.9416,0.0584,0.4206,0.5794
1073647835755749400,0.5652,0.3024,0.0673,0.0651,0.6266,0.3734,0.243,0.757
1301192577547460600,0.0868,0.4846,0.3848,0.0439,0.0838,0.9162,0.0108,0.9892
541069898,0.134,0.1114,0.2662,0.4885,0.9101,0.0899,0.6494,0.3506
1224887539,9e-4,4e-4,0.0462,0.9525,0.9541,0.0459,0.4864,0.5136
2244225864,0.0357,0.0181,0.442,0.5042,0.9933,0.0067,0.522,0.478
825876389626773500,0.0043,7e-4,0.0542,0.9408,0.9823,0.0177,0.6952,0.3048
1280294108,0.005,0.0116,0.0697,0.9138,0.9968,0.0032,0.2076,0.7924
2285547696,0.0163,0.0036,0.0911,0.8891,0.9976,0.0024,0.7674,0.2326
1321867399189033e3,0.006,0.0015,0.076,0.9165,0.0625,0.9375,0.1572,0.8428
287766113,0.276,0.2711,0.3428,0.1101,0.9461,0.053900000000000003,0.0335,0.9665
1194398838246822e3,0.0038,0.0059,0.4175,0.5728,0.9993,7e-4,0.4705,0.5295
56494870,0.0241,0.0237,0.0988,0.8534,0.9567,0.0433,0.7151,0.2849
793325095129317400,0.0374,0.0043,0.0971,0.8612,0.6945,0.3055,0.8608,0.1392
1256088578712465400,0.0242,0.0405,0.6881,0.2473,0.0371,0.9629,0.1456,0.8544
34756030,0.0947,0.0287,0.2462,0.6304,0.2574,0.7426,0.9526,0.0474
3079963360,0.105,0.0293,0.1259,0.7398,0.7274,0.2726,0.7239,0.2761
2759882149,0.0045,0.0042,0.2158,0.7756,0.9933,0.0067,0.3073,0.6927
14707403,0.1672,0.1664,0.496,0.1704,0.1519,0.8481,0.051,0.949
104724465959091e4,0.01,0.0044,0.6345,0.3511,0.6521,0.3479,0.6302,0.3698
936461680590147600,0.0236,0.8797,0.0762,0.0205,0.998,0.002,0.0044,0.9956
46816130,0.0086,0.0336,0.8022,0.1556,0.0276,0.9724,0.0237,0.9763
19462874,0.01,0.0165,0.3966,0.5769,0.9968,0.0032,0.2023,0.7977
23921732,0.0149,0.0059,0.1734,0.8059,0.0365,0.9635,0.5903,0.4097
1195012639744761900,0.0067,0.0096,0.2216,0.7621,0.9446,0.0554,0.4118,0.5882
1039625175938080800,0.0613,0.4499,0.231,0.2577,0.9179,0.0821,0.3417,0.6583
374395618,0.4602,0.2536,0.1967,0.0896,0.1422,0.8578,0.086,0.914
74936528,0.0026,0.0012,0.2612,0.7349,0.0035,0.9965,0.3923,0.6077
842805467592114200,0.2313,0.541,0.1122,0.1155,0.6417,0.3583,0.0298,0.9702
39859832,0.0103,0.0486,0.6775,0.2635,0.9714,0.0286,0.8201,0.1799
1265676685954908200,0.0318,0.0415,0.4819,0.4448,0.9913,0.0087,0.1324,0.8676
1297172244,0.0016,0.0202,0.4248,0.5534,0.9978,0.0022,0.2251,0.7749
1313168239568973800,0.0723,0.0088,0.207,0.7119,0.5302,0.4698,0.89,0.11
850382666,0.0139,0.005,0.382,0.5991,0.9912,0.0088,0.7305,0.2695
60611163,0.1934,0.0664,0.4654,0.2748,0.9784,0.0216,0.1117,0.8883
31560813,0.3822,0.1229,0.1344,0.3606,0.9296,0.0704,0.6411,0.3589
134635830,3e-4,0.0101,0.9688,0.0208,0.8539,0.1461,0.0291,0.9709
2344725350,0.0537,0.0308,0.1438,0.7718,0.0739,0.9261,0.155,0.845
1125263444993806300,0.0128,0.0041,0.1235,0.8596,0.0037,0.9963,0.1114,0.8886
196292541,0.0448,0.1551,0.3461,0.454,0.4606,0.5394,0.16,0.84
15694426,0.4238,0.2581,0.2365,0.0816,0.8073,0.1927,0.118,0.882
530812694,0.4044,0.1093,0.202,0.2842,0.8936,0.1064,0.2108,0.7892
950718088621838300,0.0051,0.0173,0.0956,0.882,0.9928,0.0072,0.1598,0.8402
393512716,9e-4,0.0013,0.0753,0.9225,0.9977,0.0023,0.1713,0.8287
1571483227,0.0579,0.0765,0.6086,0.2569,0.1249,0.8751,0.0985,0.9015
1266742214601965600,0.0111,0.0103,0.0699,0.9088,0.7172,0.2828,0.4371,0.5629
1217383922151018500,0.0137,0.0701,0.8697,0.0465,0.0152,0.9848,0.0139,0.9861
1145750201979637800,0.0335,0.0899,0.5419,0.3348,0.9558,0.0442,0.0583,0.9417
524758567,0.021,0.0341,0.2748,0.6702,0.9771,0.0229,0.0772,0.9228
1265431649329664e3,0.07,0.0074,0.0832,0.8394,0.9228,0.0772,0.717,0.283
75844645,0.0381,0.0126,0.0764,0.8729,0.7977,0.2023,0.8378,0.1622
829922695693283300,0.4082,0.203,0.2163,0.1725,0.3239,0.6761,0.0425,0.9575
1.3135527254147359e+18,0.0906,0.1529,0.6689,0.0876,0.0096,0.9904,0.068,0.932
142325725,0.0342,0.012,0.2399,0.7139,0.8629,0.1371,0.1627,0.8373
48770208,0.0518,0.0432,0.397,0.5079,0.0032,0.9968,0.3285,0.6715
779398190759944200,0.0129,0.0472,0.3437,0.5963,0.9429,0.0571,0.1719,0.8281
40352081,0.0167,0.0053,0.3892,0.5888,0.9984,0.0016,0.5958,0.4042
18466375,0.1897,0.1194,0.2264,0.4644,0.9605,0.0395,0.1272,0.8728
1234687264497770500,0.0121,0.0588,0.4009,0.5282,0.033,0.967,0.2771,0.7229
1260153174,0.0727,0.3097,0.1989,0.4187,0.9782,0.0218,0.0564,0.9436
402912676,0.0101,0.0711,0.3755,0.5434,0.0189,0.9811,0.0485,0.9515
1302913114183065600,5e-4,0.0015,0.0776,0.9204,0.0206,0.9794,0.2281,0.7719
30387315,0.1564,0.0425,0.3594,0.4417,0.9752,0.0248,0.7628,0.2372
85503348,0.1192,0.1835,0.2286,0.4688,0.6726,0.3274,0.8493,0.1507
15685838,0.0032,0.0204,0.1236,0.8528,0.9945,0.0055,0.1065,0.8935
841860054475276300,0.0694,0.0186,0.4259,0.4861,0.8602,0.1398,0.6798,0.3202
2424063804,0.0026,0.0064,0.2225,0.7686,0.9922,0.0078,0.4673,0.5327
101677173,0.0017,0.0028,0.159,0.8365,0.012,0.988,0.012,0.988
1273308378874482700,0.0015,0.0012,0.1696,0.8277,0.9896,0.0104,0.4409,0.5591
443858973,0.008,0.0024,0.0543,0.9353,0.9818,0.0182,0.1735,0.8265
1149906901196562400,0.0067,0.0021,0.0482,0.943,0.0522,0.9478,0.5045,0.4955
1069282160069111800,0.3302,0.4962,0.1398,0.0339,0.9234,0.0766,0.0237,0.9763
54694066,0.0019,0.0072,0.8314,0.1595,0.9991,9e-4,0.4988,0.5012
59596145,0.0799,0.6115,0.2423,0.0662,0.2494,0.7506,0.1603,0.8397
405147958,0.0077,0.0144,0.1745,0.8034,0.0752,0.9248,0.3258,0.6742
126291316903646e4,0.0058,0.005,0.1415,0.8477,0.0146,0.9854,0.1145,0.8855
820059028864704500,0.0056,0.0247,0.6213,0.3484,2e-4,0.9998,0.0024,0.9976
1234142158946357200,0.0812,0.0031,0.0371,0.8786,0.5216,0.4784,0.9954,0.0046
1019267587476152300,0.0073,0.0467,0.3865,0.5594,0.041,0.959,0.0374,0.9626
47594097,0.1727,0.0743,0.4754,0.2776,0.6236,0.3764,0.1907,0.8093
2559582960,0.1086,0.0892,0.3242,0.478,0.9437,0.0563,0.1794,0.8206
264013435,0.1692,0.1707,0.5167,0.1433,0.0339,0.9661,0.4271,0.5729
704126462840864800,0.5355,0.1961,0.2109,0.0575,0.6832,0.3168,0.0958,0.9042
1257847609466765300,0.0299,0.1566,0.1971,0.6163,0.9711,0.0289,0.1181,0.8819
27366237,0.033,0.196,0.3212,0.4498,0.8658,0.1342,0.3749,0.6251
4207333342,0.0071,0.0246,0.2821,0.6862,0.011,0.989,0.372,0.628
1229863857599938600,0.0021,6e-4,0.0501,0.9472,0.9765,0.0235,0.2734,0.7266
635277747,0.003,3e-4,0.0543,0.9423,0.9999,1e-4,0.0356,0.9644
722925619042865200,0.0065,0.0116,0.4138,0.5681,0.025,0.975,0.1807,0.8193
1108020727775670300,0.4679,0.1652,0.1894,0.1775,0.2663,0.7337,0.0664,0.9336
520411638,0.0052,0.0401,0.4617,0.493,0.0453,0.9547,0.0577,0.9423
118331965,0.0149,0.0829,0.7607,0.1416,0.0084,0.9916,0.1562,0.8438
177314037,0.0022,0.0268,0.8439,0.1271,0.0056,0.9944,0.0299,0.9701
770067585073381400,0.0617,0.0081,0.0314,0.8988,0.8345,0.1655,0.9494,0.0506
2896709404,0.0265,0.0288,0.416,0.5287,0.9831,0.0169,0.1618,0.8382
574669226,0.0183,0.1389,0.8055,0.0373,0.5732,0.4268,0.3537,0.6463
980579420514680800,0.0647,0.1017,0.4727,0.3609,0.054,0.946,0.1057,0.8943
1251056104898916400,0.0057,0.0188,0.5581,0.4173,1,0,0.0027,0.9973
286680192,0.1533,0.0415,0.2326,0.5726,0.9675,0.0325,0.6496,0.3504
362574233,0.0584,0.3118,0.4478,0.182,0.7297,0.2703,0.045,0.955
1258039040592486400,0.0466,0.0383,0.3617,0.5534,0.0435,0.9565,0.1802,0.8198
1091441245359169500,0.0271,0.0103,0.2583,0.7043,0.8821,0.1179,0.3852,0.6148
3109775901,0.0472,0.353,0.1825,0.4173,0.0654,0.9346,0.0632,0.9368
30305144,0.0035,0.003,0.2489,0.7446,0.9918,0.0082,0.7796,0.2204
725340105444089900,0.0442,0.0668,0.8107,0.0783,0.5297,0.4703,0.1567,0.8433
42481297,0.3863,0.4182,0.1759,0.0197,0.8677,0.1323,0.1112,0.8888
610121498,0.1138,0.019,0.5375,0.3297,0.015,0.985,0.168,0.832
1123743159274614800,0.0358,0.1234,0.7222,0.1186,0.6152,0.3848,0.0637,0.9363
830903197015216100,0.0137,0.0808,0.4648,0.4407,0.981,0.019,0.0352,0.9648
1095504658662084600,0.0013,2e-4,0.0164,0.9821,0.881,0.119,0.9533,0.0467
1299056309908770800,0.0387,0.0346,0.3906,0.5361,0.0296,0.9704,0.1697,0.8303
721263993,0.1061,0.009,0.0867,0.7982,0.791,0.209,0.9655,0.0345
941682281546174500,0.3447,0.1831,0.2362,0.2359,0.8342,0.1658,0.2509,0.7491
1228722915132178400,0.0191,0.0077,0.253,0.7202,0.6257,0.3743,0.1821,0.8179
1151666552678309900,0.0263,0.1443,0.5319,0.2975,0.9698,0.0302,0.0654,0.9346
1045772193244868600,0.0299,0.0073,0.191,0.7718,1e-4,0.9999,0.0161,0.9839
573935794,0.0632,0.221,0.5747,0.1411,0.9035,0.0965,0.0897,0.9103
769845944892416e3,0.0374,0.2346,0.5158,0.2122,0.976,0.024,0.0403,0.9597
14664607,0.3911,0.0614,0.4448,0.1026,0.9468,0.0532,0.0651,0.9349
41986554,0.0069,0.0051,0.1114,0.8766,0.9351,0.0649,0.9445,0.0555
20847517,6e-4,3e-4,0.019,0.9801,0.9842,0.0158,0.5645,0.4355
125180516,0.0858,0.4548,0.4404,0.019,0.9835,0.0165,0.0217,0.9783
90892144,0.0488,0.081,0.3689,0.5013,0.9885,0.0115,0.1842,0.8158
3376781080,0.2322,0.1636,0.3086,0.2956,0.5059,0.4941,0.2688,0.7312
2992528480,0.0019,0.0105,0.3169,0.6708,1e-4,0.9999,7e-4,0.9993
1189209460834586600,0.0233,0.1278,0.5285,0.3204,0.9516,0.0484,0.1009,0.8991
311241090,0.0014,0.0095,0.6591,0.33,1,0,2e-4,0.9998
1188341655679713300,0.0063,8e-4,0.033,0.96,0.8254,0.1746,0.8881,0.1119
254489119,0.0119,0.011,0.5025,0.4746,0.9944,0.0056,0.3259,0.6741
227001361,0.0018,0.0221,0.4236,0.5526,0.0374,0.9626,0.7096,0.2904
875043675360907300,0.0055,0.0018,0.0999,0.8927,0.5472,0.4528,0.2307,0.7693
119902357,0.0679,0.141,0.2602,0.5309,0.9866,0.0134,0.2473,0.7527
137792012,0.1533,0.1725,0.3551,0.3191,0.9074,0.0926,0.2364,0.7636
3950712737,0.0255,0.029,0.1502,0.7953,0.5885,0.4115,0.8852,0.1148
135151712,0.0224,0.0141,0.0346,0.9288,0.76,0.24,0.9313,0.0687
22067531,3e-4,0.0059,0.1959,0.7979,0.0281,0.9719,0.4085,0.5915
1177579059221532700,0.0091,0.0756,0.8501,0.0652,0.9886,0.0114,0.0515,0.9485
2646680340,0.0616,0.1337,0.6229,0.1818,0.0853,0.9147,0.4054,0.5946
1232529883068326e3,0.2401,0.1439,0.1164,0.4997,0.6647,0.3353,0.6436,0.3564
704454997480644600,0.0792,0.0852,0.3448,0.4908,0.0223,0.9777,0.1052,0.8948
36741547,0.2995,0.2913,0.2002,0.209,0.1716,0.8284,0.0938,0.9062
259894427,0.1418,0.2007,0.4081,0.2494,0.0033,0.9967,0.0021,0.9979
1955152422,0.0105,0.0038,0.1987,0.787,0.302,0.698,0.2362,0.7638
91644300,0.076,0.0163,0.1539,0.7539,0.7215,0.2785,0.7399,0.2601
22938200,0.5376,0.0251,0.1617,0.2756,0.5965,0.4035,0.9825,0.0175
1138156486834643e3,0.5292,0.1694,0.2084,0.093,0.0637,0.9363,0.1159,0.8841
886276370787168300,0.0426,0.0467,0.4931,0.4177,0.911,0.089,0.1786,0.8214
332038794,0.1296,0.1499,0.417,0.3035,0.3091,0.6909,0.2854,0.7146
106990296982562e4,0.0631,0.123,0.435,0.379,0.1052,0.8948,0.1667,0.8333
126701416,0.0426,0.1939,0.5399,0.2236,0.6711,0.3289,0.0415,0.9585
1005227924545507300,0.0716,0.0323,0.2751,0.6211,0.9374,0.0626,0.3566,0.6434
1633853574,0.1165,0.0721,0.4396,0.3718,0.5309,0.4691,0.7448,0.2552
2324616306,0.0153,0.1193,0.6999,0.1655,0.9367,0.0633,0.083,0.917
2384961805,0.007,0.015,0.189,0.7891,0.9898,0.0102,0.2322,0.7678
25723564,0.0659,0.1839,0.6717,0.0785,0.9667,0.0333,0.0506,0.9494
764964662781829100,0.0061,0.0106,0.3125,0.6708,0.9917,0.0083,0.1002,0.8998
1512492942,0.0102,0.0146,0.4618,0.5134,0.001,0.999,0.044,0.956
2858760822,0.0418,0.1843,0.6753,0.0986,0.2804,0.7196,0.2928,0.7072
1236415806419935200,0.0031,0.0013,0.0996,0.8959,0.0058,0.9942,0.154,0.846
1238995126359212e3,0.0937,0.0485,0.6211,0.2367,0.0794,0.9206,0.1005,0.8995
46806111,0.0509,0.069,0.5989,0.2813,0.2048,0.7952,0.1261,0.8739
824005297391943700,0.8271,0.1451,0.023,0.0048,0.7764,0.2236,0.0306,0.9694
726440840399302700,0.0034,0.0027,0.0526,0.9414,0.9849,0.0151,0.6107,0.3893
817166379539382300,0.0911,0.2087,0.3198,0.3804,0.9091,0.0909,0.1481,0.8519
2734241886,0.0534,0.0426,0.6273,0.2768,1e-4,0.9999,0.0064,0.9936
1041455040467267600,0.0017,5e-4,0.0414,0.9564,0.0058,0.9942,0.2194,0.7806
821153958597193700,0.0186,0.0618,0.4573,0.4623,0.9822,0.0178,0.1339,0.8661
535662532,0.0195,0.0039,0.0943,0.8822,0.9724,0.0276,0.5828,0.4172
821083134770946e3,0.0626,0.0515,0.0999,0.786,0.9759,0.0241,0.107,0.893
542550562,0.0101,0.0711,0.5425,0.3764,0.9777,0.0223,0.0748,0.9252
3369981640,0.0061,0.0071,0.8297,0.1571,0.1112,0.8888,0.1161,0.8839
1362278732,1e-4,0,0.0164,0.9835,0,1,0.1224,0.8776
1218505469347672e3,0.1706,0.0875,0.222,0.52,0.9331,0.0669,0.7083,0.2917
435449437,0.1417,0.2704,0.2503,0.3375,0.7865,0.2135,0.1493,0.8507
344912217,0.2366,0.0998,0.2083,0.4554,0.3021,0.6979,0.268,0.732
15595321,0.0432,0.0126,0.3285,0.6156,0.0093,0.9907,0.3477,0.6523
273622883,0.2909,0.5898,0.1046,0.0147,0.0995,0.9005,0.0032,0.9968
1218143013165203500,0.0332,0.0046,0.1381,0.8242,0.0235,0.9765,0.352,0.648
1431964465,0.0238,0.0046,0.1123,0.8593,0.0473,0.9527,0.4162,0.5838
1249611702,0.003,0.0111,0.3125,0.6735,0.9669,0.0331,0.0856,0.9144
32564172,0.0766,0.0295,0.2143,0.6796,0.8479,0.1521,0.5365,0.4635
1898021390,0.5519,0.0917,0.2194,0.137,0.3653,0.6347,0.1317,0.8683
1320821969743466500,0.1091,0.1051,0.1108,0.6751,0.72,0.28,0.7657,0.2343
1311137493358608400,0.0016,0.0188,0.4363,0.5432,0.4459,0.5541,0.0893,0.9107
1130619338933854200,0.0073,0.0842,0.3391,0.5694,0.1335,0.8665,0.0379,0.9621
868462290,0.2809,0.0678,0.4182,0.2331,0.8368,0.1632,0.8052,0.1948
2872759981,0.1695,0.223,0.1033,0.5042,0.6719,0.3281,0.2318,0.7682
2432805198,0.1928,0.5792,0.1367,0.0912,0.9776,0.0224,0.048,0.952
3005621091,0.0411,0.0306,0.2087,0.7196,0.987,0.013,0.1693,0.8307
1289739053156511700,0.0343,0.0124,0.2107,0.7426,0.8816,0.1184,0.7068,0.2932
1267594265988870100,0.0227,0.0517,0.5629,0.3626,0.0611,0.9389,0.0712,0.9288
1493434988,0.0117,0.0204,0.4794,0.4886,0.0054,0.9946,0.0352,0.9648
91724524,0.1075,0.1241,0.6773,0.0911,1,0,4e-4,0.9996
2252280320,0.7614,0.0398,0.1419,0.0568,0.9799,0.0201,0.2139,0.7861
733964028,0.0696,0.0189,0.2495,0.662,0.6558,0.3442,0.6217,0.3783
1153372617996415e3,0.0163,0.0806,0.7648,0.1383,0.0143,0.9857,0.0627,0.9373
3364848593,0.0021,0.0027,0.2911,0.7041,0.9932,0.0068,0.4377,0.5623
2500867475,0.006,0.0222,0.3272,0.6446,0.9955,0.0045,0.2737,0.7263
808107606208348200,0.0707,0.061,0.4084,0.46,0.2688,0.7312,0.2594,0.7406
2369940542,0.2251,0.258,0.2686,0.2483,0.923,0.077,0.0769,0.9231
1316910648459251700,0.2881,0.1182,0.2732,0.3206,0.2596,0.7404,0.4972,0.5028
331824540,0.1246,0.0437,0.1135,0.7182,0.6306,0.3694,0.9023,0.0977
796880528565735400,0.4935,0.3242,0.1283,0.054,0.939,0.061,0.1108,0.8892
916114570833551400,0.3502,0.3987,0.1723,0.0789,0.5349,0.4651,0.0391,0.9609
1055998140317343700,0.1295,0.0991,0.3399,0.4316,0.8855,0.1145,0.2504,0.7496
2173158877,4e-4,3e-4,0.0929,0.9064,0.0024,0.9976,0.4209,0.5791
478650113,0.5318,0.2109,0.1546,0.1027,0.1255,0.8745,0.2133,0.7867
1315410496057757700,0.0015,0.007,0.1294,0.862,0.9951,0.0049,0.3782,0.6218
340512594,0.0172,0.2569,0.5088,0.2171,1e-4,0.9999,7e-4,0.9993
2733550325,0.345,0.1976,0.2465,0.2109,0.2787,0.7213,0.1182,0.8818
239856368,0.0604,0.0217,0.1635,0.7545,0.9083,0.0917,0.6387,0.3613
929117666,0.4949,0.175,0.2398,0.0903,0.1778,0.8222,0.078,0.922
490912770,0.0386,0.006,0.0953,0.8601,0.5841,0.4159,0.693,0.307
299259224,0.0051,8e-4,0.0355,0.9586,0.9003,0.0997,0.3786,0.6214
83917884,0.0212,0.0065,0.3207,0.6516,0.9801,0.0199,0.7621,0.2379
1242796249838956500,0.0277,0.0095,0.0912,0.8716,0.9742,0.0258,0.3022,0.6978
1247552048632967200,0.0319,0.027,0.3586,0.5825,0.4942,0.5058,0.1729,0.8271
838539031885594600,0.0102,0.6415,0.3359,0.0123,0.0502,0.9498,0.0025,0.9975
874575252,0.1711,0.1744,0.5145,0.1401,0.9496,0.0504,0.1803,0.8197
2469688345,0.0066,0.0036,0.1787,0.8111,0.9901,0.0099,0.442,0.558
1301010103,0.5131,0.2885,0.1006,0.0978,0.5958,0.4042,0.3931,0.6069
33782028,0.2226,0.1207,0.4131,0.2437,0.0711,0.9289,0.0841,0.9159
1060337962850926600,0.0125,0.0083,0.3652,0.614,0.0633,0.9367,0.191,0.809
1129498784205959200,0.0502,0.2931,0.4633,0.1934,0.8662,0.1338,0.0537,0.9463
880850336206004200,0.0306,0.0395,0.5472,0.3826,0.9911,0.0089,0.3486,0.6514
1027336938498543600,0.0621,0.2053,0.6275,0.1051,0.9883,0.0117,0.0779,0.9221
127651299,0.0019,0.004,0.8677,0.1265,0.6347,0.3653,0.758,0.242
19602393,0.3761,0.2073,0.2065,0.2101,0.7721,0.2279,0.1682,0.8318
753931398,0.3553,0.1878,0.2896,0.1673,0.9386,0.0614,0.1605,0.8395
1062406428046979100,0.1049,0.1126,0.7284,0.0541,0.8263,0.1737,0.144,0.856
912760646,0.1955,0.0452,0.1744,0.585,0.855,0.145,0.8658,0.1342
67948934,7e-4,8e-4,0.0509,0.9476,0.9922,0.0078,0.2534,0.7466
633000730,0.0012,6e-4,0.0731,0.9251,0.9703,0.0297,0.3627,0.6373
1239351907816276e3,0.1342,0.1702,0.3436,0.352,0.9691,0.0309,0.2676,0.7324
264437847,0.0711,0.0387,0.0691,0.8211,0.7489,0.2511,0.9676,0.0324
36714993,0.0242,0.0316,0.5297,0.4145,0.9665,0.0335,0.4354,0.5646
2247460418,3e-4,3e-4,0.0299,0.9695,0.9847,0.0153,0.0598,0.9402
2844632926,0.3325,0.0214,0.0819,0.5642,0.9001,0.0999,0.8356,0.1644
4865548306,0.0179,0.0136,0.2965,0.672,0.0413,0.9587,0.2144,0.7856
811189286,0.1549,0.0145,0.1397,0.6909,0.856,0.144,0.9428,0.0572
309308716,0.0051,0.0065,0.1837,0.8046,0.093,0.907,0.2371,0.7629
1048789086704750600,0.0148,0.0236,0.8874,0.0741,0.0053,0.9947,0.0261,0.9739
1323678122705911800,0.0372,0.0034,0.2106,0.7488,0.7534,0.2466,0.8529,0.1471
28878387,0.0038,0.0067,0.9284,0.0611,0.2895,0.7105,0.0547,0.9453
298523602,0.3111,0.0929,0.2824,0.3136,0.7263,0.2737,0.2172,0.7828
1194031427358212e3,0.0352,0.0063,0.1686,0.79,0.9512,0.0488,0.8725,0.1275
1552236626,0.1848,0.0733,0.3231,0.4188,0.7515,0.2485,0.452,0.548
892398650,0.0016,0.0041,0.2552,0.7391,0.0065,0.9935,0.2477,0.7523
723992646,0.1217,0.1323,0.1541,0.5919,0.0347,0.9653,0.0352,0.9648
14533791,0.3787,0.0983,0.2269,0.2961,0.9486,0.0514,0.5398,0.4602
1271144845533462500,0.1288,0.2077,0.5542,0.1092,0.555,0.445,0.056,0.944
31686840,0.0172,0.0356,0.6314,0.3158,0.9681,0.0319,0.175,0.825
775049515615162400,0.6264,0.1364,0.1174,0.1199,0.9614,0.0386,0.1238,0.8762
3773938152,0.0481,0.0218,0.117,0.8132,0.8039,0.1961,0.8089,0.1911
1275793563310268400,0.0591,0.0086,0.1123,0.82,0.8424,0.1576,0.3975,0.6025
2183233649,0.0724,0.1754,0.264,0.4883,0.4678,0.5322,0.7238,0.2762
8.7218232703573606e+17,0.0122,0.0065,0.0791,0.9022,0.9878,0.0122,0.5093,0.4907
749394974303748100,0.0286,0.0182,0.2098,0.7434,0.9489,0.0511,0.5384,0.4616
27878160,0.0233,0.003,0.1396,0.8341,0.9909,0.0091,0.8998,0.1002
34943501,0.013,0.0486,0.4598,0.4786,0.0216,0.9784,0.0558,0.9442
3200384979,0.0138,0.007,0.196,0.7832,0.9808,0.0192,0.1369,0.8631
78673069,5e-4,0.013,0.0327,0.9538,1,0,7e-4,0.9993
462590875,0.3331,0.0991,0.2663,0.3016,0.6625,0.3375,0.1662,0.8338
898619192,1e-4,6e-4,0.0689,0.9304,5e-4,0.9995,0.1065,0.8935
258100396,0.0332,0.0351,0.392,0.5397,0.3608,0.6392,0.2231,0.7769
1241856039298855e3,0.0033,0.0016,0.0675,0.9276,0.9339,0.0661,0.3657,0.6343
251349160,0.0762,0.1039,0.3007,0.5191,0.7072,0.2928,0.2503,0.7497
22532371,0.0015,0.0183,0.218,0.7621,0.9889,0.0111,0.0955,0.9045
81750480,0.0808,0.1052,0.7583,0.0557,0.9446,0.0554,0.0877,0.9123
3402264928,0.0049,0.0015,0.0231,0.9705,0.8706,0.1294,0.7488,0.2512
1359179610,0.01,0.0184,0.1016,0.8699,0.9568,0.0432,0.8628,0.1372
1190530476,0.007,0.0184,0.3624,0.6122,0.9952,0.0048,0.1613,0.8387
4183808296,0.1931,0.2864,0.4578,0.0627,0.028,0.972,0.1209,0.8791
550410660,0.1637,0.023,0.3249,0.4883,0.8925,0.1075,0.9358,0.0642
14236800,0.0082,0.0012,0.02,0.9705,0.7624,0.2376,0.5639,0.4361
23114105,0.0149,0.0045,0.1257,0.8548,0.8819,0.1181,0.7373,0.2627
865422260,0.0302,0.0232,0.4787,0.468,0.0171,0.9829,0.0637,0.9363
1323315539461042200,0.0917,0.0319,0.3324,0.5439,0.4001,0.5999,0.3676,0.6324
53536478,0.0222,0.0025,0.0351,0.9402,0.6615,0.3385,0.4011,0.5989
1296510075197165600,0.0041,0.0261,0.28,0.6898,0.9973,0.0027,0.1283,0.8717
3201789399,0.1604,0.0586,0.18,0.601,0.8469,0.15310000000000001,0.4026,0.5974
852447842,0.17,0.0326,0.235,0.5624,0.6095,0.3905,0.9131,0.0869
1277510699007332400,0.0276,0.1029,0.3875,0.482,0.4369,0.5631,0.371,0.629
775136569510375400,0.0033,0.0056,0.1203,0.8708,0.03,0.97,0.0932,0.9068
2920692923,0.0052,0.0012,0.0331,0.9605,0.5457,0.4543,0.5509,0.4491
1225647569453207600,0.0376,0.0485,0.1988,0.7151,0.9313,0.0687,0.5237,0.4763
1073806346070446100,0.0074,0.1047,0.2077,0.6802,0.9671,0.0329,0.4301,0.5699
899087631111393300,0.2537,0.1055,0.2969,0.344,0.8795,0.1205,0.8423,0.1577
180350788,0.0099,0.01,0.3088,0.6713,0.3619,0.6381,0.4639,0.5361
29484029,0.0074,0.0097,0.1544,0.8285,0.9192,0.0808,0.447,0.553
775015572237086700,0.2819,0.0795,0.3491,0.2894,0.2796,0.7204,0.2765,0.7235
38040851,0.0043,0.0031,0.2399,0.7527,0.0583,0.9417,0.5314,0.4686
823775821,0.0455,0.1108,0.618,0.2257,0.9719,0.0281,0.3959,0.6041
1253424894,0.0079,0.0572,0.2311,0.7037,0.0221,0.9779,0.0297,0.9703
299477394,0.0189,0.28,0.5217,0.1794,0.0206,0.9794,0.0109,0.9891
626134928,0.0027,0.0054,0.1325,0.8594,0.1109,0.8891,0.1404,0.8596
1080839030382694400,0.5697,0.2934,0.0522,0.0846,0.9363,0.0637,0.0214,0.9786
1261094954744582100,0.5022,0.2265,0.1248,0.1466,0.9222,0.0778,0.0406,0.9594
602827004,0.2706,0.3236,0.2866,0.1192,0.9908,0.0092,0.0975,0.9025
36309506,6e-4,8e-4,0.0135,0.9851,0.0069,0.9931,0.5094,0.4906
1902138902,0.6516,0.2946,0.0465,0.0073,0.9411,0.0589,0.018,0.982
352645385,0.0022,0.0019,0.0806,0.9153,0.9975,0.0025,0.1833,0.8167
308701148,0.0722,0.0322,0.3131,0.5825,0.9616,0.0384,0.2625,0.7375
575632351,0.1835,0.0301,0.2318,0.5546,0.9683,0.0317,0.244,0.756
2769121469,0.0039,0.0013,0.0516,0.9432,0.9901,0.0099,0.6581,0.3419
1145782633420533800,0.1055,0.5434,0.2249,0.1262,0.1393,0.8607,0.0176,0.9824
833085246245515300,0.0151,0.2624,0.5074,0.2151,0.1452,0.8548,0.0821,0.9179
930887792,0.0116,0.0034,0.1583,0.8268,0.9987,0.0013,0.3187,0.6813
483148473,0.0355,0.0295,0.2908,0.6441,0.9808,0.0192,0.2968,0.7032
469913850,0.1656,0.2136,0.4924,0.1284,0.6349,0.3651,0.0622,0.9378
22185682,0.0182,0.0663,0.5206,0.3949,2e-4,0.9998,0.0027,0.9973
17552416,0.0062,0.0153,0.8552,0.1234,0.9999,1e-4,9e-4,0.9991
779544700558581800,0.0127,0.0245,0.2114,0.7513,0.969,0.031,0.1987,0.8013
2783015575,0.0021,5e-4,0.0485,0.9488,0.0102,0.9898,0.2432,0.7568
14590769,0.0968,0.0668,0.3724,0.464,0.3607,0.6393,0.4459,0.5541
1241155073788395500,0.0069,6e-4,0.0341,0.9584,0.8698,0.1302,0.653,0.347
82040401,0.008,0.0465,0.3559,0.5896,0.9949,0.0051,0.2763,0.7237
1266185288,0.4285,0.1634,0.2582,0.1499,0.6241,0.3759,0.2494,0.7506
2514442243,0.4376,0.2985,0.1865,0.0774,0.1789,0.8211,0.0282,0.9718
3297285689,0.0536,0.2041,0.096,0.6463,0.2477,0.7523,0.0594,0.9406
724580424291373e3,6e-4,3e-4,0.0812,0.9179,0.023,0.977,0.7896,0.2104
588097588,0.0694,0.0486,0.4391,0.443,0.9938,0.0062,0.2932,0.7068
37787434,0.0033,0.0191,0.2379,0.7397,0.0092,0.9908,0.2019,0.7981
62850757,0.0864,0.0285,0.258,0.6271,0.9169,0.0831,0.4613,0.5387
50020778,0.014,0.0161,0.0745,0.8954,0.0031,0.9969,0.0018,0.9982
1047565109508300800,0,0,0.0016,0.9984,0.9999,1e-4,0.6438,0.3562
1183504734071734300,0.005,0.0099,0.448,0.5372,0.0274,0.9726,0.034,0.966
765905929216921600,6e-4,3e-4,0.0133,0.9858,0.9964,0.0036,0.5691,0.4309
310952181,0.0137,0.0135,0.4918,0.481,0.0209,0.9791,0.369,0.631
161295010,0.0164,0.0036,0.0626,0.9174,0.9824,0.0176,0.5528,0.4472
4869713890,0.9013,0.0724,0.0178,0.0084,0.6284,0.3716,0.154,0.846
1295023427238137900,0.0435,0.0064,0.3972,0.5529,0.0929,0.9071,0.5903,0.4097
1321877715994267600,0.0015,0.0164,0.2223,0.7598,0.897,0.103,0.4149,0.5851
1018272162,0.1184,0.1339,0.388,0.3597,0.2568,0.7432,0.189,0.811
26929188,0.01,0.0018,0.2191,0.7691,0.097,0.903,0.6807,0.3193
16185273,0.5069,0.1543,0.2106,0.1282,0.7203,0.2797,0.1059,0.8941
954185356840263700,0.3262,0.2095,0.2071,0.2571,0.7914,0.2086,0.2506,0.7494
63277398,0.0049,0.0688,0.4488,0.4774,0.9676,0.0324,0.0686,0.9314
1283240324798664700,0.1042,0.1994,0.2369,0.4595,0.753,0.247,0.39,0.61
1248427832927064e3,0.0052,0.0047,0.1876,0.8025,0.9918,0.0082,0.1248,0.8752
70784114,0.036,0.0459,0.3682,0.54990000000000006,0.0842,0.9158,0.1626,0.8374
1469753282,0.3552,0.2737,0.2955,0.0756,0.8575,0.1425,0.063,0.937
101114553,0.1245,0.0176,0.1046,0.7533,0.3904,0.6096,0.9833,0.0167
66186502,0.0916,0.0344,0.2396,0.6344,0.9264,0.0736,0.3975,0.6025
1116340681130356700,0.0027,4e-4,0.0803,0.9166,0.0087,0.9913,0.7592,0.2408
1194282082631065600,0.0164,0.0122,0.2287,0.7426,0.3284,0.6716,0.3143,0.6857
24646702,0.1463,0.0616,0.399,0.3932,0.0615,0.9385,0.3512,0.6488
4432331,0.0191,0.0083,0.1819,0.7907,0.9332,0.0668,0.705,0.295
3063945633,0.2091,0.0853,0.2816,0.424,0.0857,0.9143,0.3096,0.6904
3471981,0.2372,0.0558,0.4388,0.2682,0.9443,0.0557,0.8491,0.1509
18683728,6e-4,0.0031,0.1171,0.8792,0.0055,0.9945,0.1264,0.8736
1028073448873111600,0.0498,0.0142,0.1389,0.7971,0.7227,0.2773,0.5728,0.4272
18358474,0.0087,0.0059,0.0717,0.9137,0.0188,0.9812,0.1418,0.8582
1192094954480373800,0.0389,0.2915,0.5868,0.0828,0.1415,0.8585,0.0128,0.9872
272150198,0.2053,0.1206,0.3779,0.2962,0.3765,0.6235,0.2334,0.7666
1317984445333373e3,0.158,0.1198,0.4573,0.2649,0.0558,0.9442,0.2676,0.7324
546165407,0.0377,0.1011,0.5479,0.3133,0.0803,0.9197,0.1129,0.8871
1020716396504862700,0.0246,0.0014,0.0169,0.9571,0.9318,0.0682,0.9717,0.0283
958916234459754500,0.1188,0.0656,0.4351,0.3806,0.2514,0.7486,0.6462,0.3538
2315838763,0.004,0.0037,0.0347,0.9576,0.9813,0.0187,0.4121,0.5879
261285025,0.0096,0.0024,0.2902,0.6977,0.8645,0.1355,0.6254,0.3746
1518591601,0.0229,0.061,0.4402,0.4759,0.332,0.668,0.2773,0.7227
3955986646,0.047,0.0396,0.2399,0.6735,0.9116,0.0884,0.587,0.413
3063211215,0.0674,0.0051,0.0563,0.8712,0.7351,0.2649,0.8661,0.1339
368481845,0.5634,0.146,0.197,0.0937,0.8384,0.1616,0.5666,0.4334
36576058,0.0022,0.001,0.0571,0.9396,0.9817,0.0183,0.2311,0.7689
790689646384517100,0.2759,0.0508,0.2188,0.4545,0.8125,0.1875,0.5236,0.4764
733164307,0.0395,0.0076,0.0451,0.9077,0.7878,0.2122,0.8938,0.1062
248048605,0.0168,0.0562,0.6171,0.3099,0.0037,0.9963,0.1307,0.8693
1255449384856309800,0.0343,0.0811,0.6583,0.2263,0.0226,0.9774,0.1206,0.8794
33905880,0.0136,0.0386,0.5937,0.3541,0.0076,0.9924,0.0511,0.9489
546623315,0.003,0.0037,0.0588,0.9345,0.9921,0.0079,0.1075,0.8925
1180029398,0.1245,0.2101,0.2243,0.4411,3e-4,0.9997,6e-4,0.9994
998378383154311200,0.2563,0.15,0.2575,0.3362,0.9353,0.0647,0.1518,0.8482
483401606,0.1906,0.1832,0.3312,0.295,0.1122,0.8878,0.1914,0.8086
822467208064417800,0.0047,0.0064,0.2017,0.7873,0.3407,0.6593,0.1729,0.8271
195126267,0.0377,0.0131,0.3054,0.6438,0.9549,0.0451,0.6821,0.3179
957380474720067600,0.0296,0.0324,0.323,0.615,0.9836,0.0164,0.2824,0.7176
823002923697393700,0.0104,0.0032,0.2322,0.7542,0.009,0.991,0.088,0.912
272644687,0.1104,0.205,0.1802,0.5043,0.0109,0.9891,0.294,0.706
338044570,0.3407,0.2713,0.3718,0.0163,0.9803,0.0197,0.0501,0.9499
3107961830,0.065,0.0226,0.5167,0.3957,0.0132,0.9868,0.1033,0.8967
176438132,0.0995,0.0122,0.0747,0.8136,0.406,0.594,0.8564,0.1436
303331273,0.0033,0.0021,0.1676,0.827,0.9954,0.0046,0.3324,0.6676
3420848757,0.0428,0.1233,0.2553,0.5786,0.026,0.974,0.0278,0.9722
58946385,0.0125,7e-4,0.0576,0.9292,0.9519,0.0481,0.9437,0.0563
938418972902518800,0.1482,0.0098,0.0986,0.7433,0.7882,0.2118,0.9687,0.0313
35482012,0.1178,0.0643,0.5361,0.2818,0.3434,0.6566,0.2474,0.7526
724603880,0.0214,0.0031,0.0426,0.9329,0.7109,0.2891,0.7376,0.2624
1266536200841674800,0.0641,0.0728,0.3773,0.4858,0.9864,0.0136,0.0662,0.9338
1116571229488463900,0.1671,0.121,0.1431,0.5688,0.935,0.065,0.1672,0.8328
1009089225516609500,0.0056,0.0323,0.4304,0.5318,0.9999,1e-4,0.0016,0.9984
3333554652,0.0234,0.0091,0.0984,0.8691,0.6142,0.3858,0.7358,0.2642
1322561156586889200,0.2761,0.1185,0.3109,0.2945,0.5415,0.4585,0.2408,0.7592
572597108,0.0905,0.0615,0.3532,0.4949,0.9647,0.0353,0.3093,0.6907
884108075409563600,0.0719,0.0247,0.5746,0.3289,0.0113,0.9887,0.602,0.398
33542493,0.1956,0.0763,0.3481,0.3799,0.8509,0.1491,0.0956,0.9044
419168108,0.0026,0.0046,0.0366,0.9562,0.9858,0.0142,0.285,0.715
1283439598820036600,0.1721,0.1174,0.4337,0.2767,0.9666,0.0334,0.4394,0.5606
3281238727,0.1749,0.1566,0.3101,0.3585,0.8892,0.1108,0.123,0.877
2491884900,0.0304,0.0135,0.2717,0.6844,0.0048,0.9952,0.1337,0.8663
75377908,0.0022,0.0118,0.4978,0.4881,0.9953,0.0047,0.1575,0.8425
1310655186772295700,0.0079,0.0096,0.6079,0.3746,0.988,0.012,0.7317,0.2683
141310604,0.0763,0.1456,0.4999,0.2782,0.9832,0.0168,0.1591,0.8409
22715186,0.1501,0.1127,0.3388,0.3984,0.9376,0.0624,0.325,0.675
863736510968770600,0.0043,0.0104,0.2709,0.7143,0.0345,0.9655,0.0781,0.9219
58936052,0.2359,0.2513,0.4159,0.0969,0.0825,0.9175,0.0517,0.9483
785463931099721700,5e-4,0.0095,0.0509,0.9392,0.0127,0.9873,0.0725,0.9275
957057441908142100,0.0056,0.0568,0.6975,0.2401,0.0115,0.9885,0.0598,0.9402
3819810854,0.0232,0.0308,0.3976,0.5484,0.0195,0.9805,0.1971,0.8029
1250505283060801500,0.2057,0.2026,0.3106,0.2811,0.6838,0.3162,0.1859,0.8141
132993805,0.264,0.0388,0.1771,0.5201,0.7179,0.2821,0.5049,0.4951
1241807518923284500,0.0125,0.0143,0.4028,0.5705,0.0256,0.9744,0.0558,0.9442
3956220873,0.1201,0.0175,0.2749,0.5875,0.8181,0.1819,0.6361,0.3639
385509437,0.0804,0.0893,0.3127,0.5175,0.1135,0.8865,0.0543,0.9457
4386338182,0.0087,0.0017,0.1202,0.8695,0.6099,0.3901,0.9125,0.0875
817754190,0.153,0.1305,0.3368,0.3797,0.1203,0.8797,0.1521,0.8479
281537076,0.4842,0.0198,0.1063,0.3897,0.9412,0.0588,0.9438,0.0562
158417619,0.0376,0.1534,0.5735,0.2355,0.9875,0.0125,0.0627,0.9373
1604656346,0.0153,0.0147,0.0991,0.8709,0.9767,0.0233,0.7377,0.2623
881549290476232700,0.2529,0.2472,0.3133,0.1866,0.1578,0.8422,0.0362,0.9638
804830263285055500,4e-4,2e-4,4e-4,0.999,0.6186,0.3814,0.8874,0.1126
1279458829198073900,0.0482,0.0062,0.0951,0.8504,0.4448,0.5552,0.949,0.051
1300098511241916400,0.0487,0.1095,0.2629,0.5789,0.9091,0.0909,0.0525,0.9475
714955981969498100,0.0215,0.0136,0.1788,0.7862,0.3124,0.6876,0.3736,0.6264
920408435212083200,0.281,0.2028,0.2889,0.2273,0.8897,0.1103,0.2195,0.7805
253095012,0.1431,0.1892,0.4474,0.2203,0.8825,0.1175,0.6103,0.3897
2371420848,0.2881,0.3765,0.191,0.1444,0.1859,0.8141,0.186,0.814
427921310,9e-4,2e-4,0.0067,0.9923,0.7065,0.2935,0.32,0.68
1308151755201364e3,0.0079,0.0067,0.0855,0.8999,0.9237,0.0763,0.7162,0.2838
2510616822,0.003,0.0185,0.6955,0.2831,0.0257,0.9743,0.0297,0.9703
16841186,0.0189,0.0107,0.2221,0.7483,0.9928,0.0072,0.3658,0.6342
926775216541438e3,0.0017,0.0054,0.0289,0.9639,0,1,4e-4,0.9996
28435461,0.193,0.0821,0.4607,0.2643,0.7103,0.2897,0.3953,0.6047
94834399083486e4,0.0014,0.0032,0.1076,0.8879,0.0035,0.9965,0.0508,0.9492
197083506,0.0129,0.0292,0.3188,0.639,0.366,0.634,0.1973,0.8027
21722318,0.0307,0.0298,0.5491,0.3905,0.9134,0.0866,0.2421,0.7579
16016642,0.008,0.0182,0.6346,0.3391,0.0144,0.9856,0.4774,0.5226
537572195,0.0629,0.015,0.1431,0.779,0.2007,0.7993,0.6883,0.3117
817508590739161100,0.0825,0.1298,0.1118,0.6759,0.5429,0.4571,0.5818,0.4182
875807737665531900,0.0082,0.0435,0.6202,0.3281,0.9947,0.0053,0.0864,0.9136
60733777,0.0048,0.0106,0.5231,0.4614,0.014,0.986,0.1311,0.8689
49886799,0.0021,0.0026,0.0819,0.9134,0.0316,0.9684,0.298,0.702
708947848688234500,0.5158,0.1527,0.1405,0.191,0.2029,0.7971,0.1393,0.8607
1243664553021509600,0.0055,0.0265,0.0866,0.8814,0.0092,0.9908,0.0013,0.9987
954365553296248800,0.0174,0.2075,0.4952,0.2799,0.9999,1e-4,1e-4,0.9999
1225196063944036400,0.068,0.0597,0.3591,0.5133,0.233,0.767,0.4686,0.5314
79198828,0.0017,0.0024,0.9936,0.0023,0,1,2e-4,0.9998
434449429,0.0595,0.011,0.6228,0.3067,0.54,0.46,0.798,0.202
1000060610518896600,0.1178,0.0488,0.2368,0.5967,0.5938,0.4062,0.9289,0.0711
138870199,0.0125,0.0069,0.2108,0.7698,0.0509,0.9491,0.1731,0.8269
944657519833731100,0.5885,0.3102,0.0276,0.0737,0.8465,0.1535,0.2553,0.7447
56121320,0.0096,0.1409,0.4063,0.4432,0.9511,0.0489,0.0406,0.9594
21564446,0.0103,0.0272,0.6268,0.3357,0.2667,0.7333,0.207,0.793
4780031715,0.0843,0.0489,0.2168,0.65,0.9283,0.0717,0.6744,0.3256
2984470174,0.0427,0.0133,0.0873,0.8567,0.8368,0.1632,0.9673,0.0327
1258240468309008400,0.1035,0.2192,0.2406,0.4367,0.0922,0.9078,0.0865,0.9135
2972882027,0.0253,0.0066,0.1086,0.8595,0.3326,0.6674,0.3788,0.6212
918106016994250800,0.1274,0.1172,0.2296,0.5257,0.0258,0.9742,0.1765,0.8235
1060718898503450600,0.1801,0.0773,0.227,0.5156,0.6675,0.3325,0.7565,0.2435
1272775128548380700,0.0438,0.0345,0.2484,0.6733,0.7924,0.2076,0.5644,0.4356
305271381,0.0012,0.0152,0.1069,0.8768,0.0226,0.9774,0.069,0.931
419623275,0.0593,0.7629,0.1521,0.0257,0.0731,0.9269,0.004,0.996
22036532,0.0317,0.011,0.2524,0.7048,0.2032,0.7968,0.7038,0.2962
945318105164734500,0.0454,0.0217,0.2542,0.6787,0.8374,0.1626,0.4824,0.5176
3002158545,0.0096,0.0284,0.7725,0.1895,0.9999,1e-4,9e-4,0.9991
711339876764012500,0.0323,0.0091,0.1317,0.8269,0.632,0.368,0.2177,0.7823
428356194,0.0109,0.0103,0.4646,0.5142,0.9966,0.0034,0.1646,0.8354
334555988,0.1234,0.2319,0.4801,0.1646,0.8849,0.1151,0.1602,0.8398
391222759,0.1985,0.1561,0.4189,0.2266,0.9379,0.0621,0.0674,0.9326
5121051,0.1173,0.1247,0.4025,0.3554,0.9782,0.0218,0.1815,0.8185
1097345349184835600,0.0156,0.0434,0.1378,0.8031,0.1934,0.8066,0.0281,0.9719
4675180453,0.0079,0.0052,0.1714,0.8155,0.7473,0.2527,0.4492,0.5508
1228645458,0.0026,0.0014,0.0324,0.9636,0.9862,0.0138,0.5363,0.4637
535284484,0.0117,0.0156,0.4064,0.5663,0.9872,0.0128,0.0467,0.9533
836924419,0.3418,0.0294,0.1389,0.4898,0.8684,0.1316,0.9482,0.0518
2751374997,0.189,0.2465,0.4472,0.1173,0.985,0.015,0.0679,0.9321
22740804,5e-4,4e-4,0.018,0.9811,0.0622,0.9378,0.2754,0.7246
304826531,0.008,0.0093,0.1955,0.7871,0.0056,0.9944,0.0906,0.9094
19509405,0.0487,0.0655,0.4453,0.4405,0.1668,0.8332,0.312,0.688
2841124905,0.0014,0.0089,0.6628,0.3269,0.9998,2e-4,0.0397,0.9603
35725414,0.014,0.0147,0.3721,0.5992,0.9773,0.0227,0.1846,0.8154
834283494,0.0126,0.0172,0.6912,0.2789,0.013,0.987,0.1777,0.8223
45601304,4e-4,0.0063,0.4303,0.5629,0.9981,0.0019,0.6335,0.3665
299455889,0.0044,6e-4,0.0276,0.9673,0.6475,0.3525,0.6084,0.3916
1265746952966361e3,0.003,0.0071,0.8259,0.1641,0.9976,0.0024,0.1828,0.8172
15516536,0.0044,4e-4,0.0079,0.9873,0.7932,0.2068,0.9282,0.0718
23068977,0.0014,3e-4,0.0166,0.9816,0.027,0.973,0.1243,0.8757
1039712409412399100,0.1117,0.0397,0.667,0.1816,0.9976,0.0024,0.4441,0.5559
53288353,0.2666,0.0473,0.149,0.5372,0.8672,0.1328,0.8082,0.1918
1307330992143622100,0.0478,0.0174,0.283,0.6519,0.1689,0.8311,0.2267,0.7733
766843352159510500,0.0286,0.3695,0.5312,0.0706,0.1921,0.8079,0.0124,0.9876
804845730758328300,0.057,0.0545,0.2166,0.6719,0.9526,0.0474,0.5267,0.4733
1061706138163413e3,0.0758,0.0475,0.2141,0.6627,0.7559,0.2441,0.358,0.642
457140529,0.5664,0.0411,0.3031,0.0894,5e-4,0.9995,0.0182,0.9818
32391570,0.0358,0.026,0.5552,0.3829,0.9955,0.0045,0.1343,0.8657
1148354696983265300,0.0701,0.1667,0.4739,0.2893,0.9914,0.0086,0.0832,0.9168
793425345915551700,0.2998,0.271,0.2458,0.1835,0.5555,0.4445,0.0593,0.9407
2307021294,0.2701,0.0781,0.449,0.2027,0.0261,0.9739,0.2777,0.7223
23212402,0.0048,0.0458,0.8501,0.0993,0.006,0.994,0.0892,0.9108
1865429834,4e-4,1e-4,0.0036,0.9959,0.1289,0.8711,0.4755,0.5245
471038551,0.0026,0.0017,0.5936,0.4021,0.9229,0.0771,0.7141,0.2859
789683104273358800,0.0053,0.0083,0.1772,0.8092,0.0155,0.9845,0.1611,0.8389
531598198,8e-4,0.0157,0.681,0.3025,0.9999,1e-4,7e-4,0.9993
2570139062,0.0019,0.134,0.7606,0.1034,0.0016,0.9984,0.0018,0.9982
510289540,0.4495,0.1771,0.1587,0.2148,0.6209,0.3791,0.6998,0.3002
2361358164,0.0603,0.0684,0.6823,0.1889,0.969,0.031,0.2871,0.7129
34884547,0.0167,0.0201,0.2496,0.7137,0.9913,0.0087,0.1456,0.8544
751130405764345900,0.444,0.137,0.265,0.154,0.3352,0.6648,0.1717,0.8283
1084883891104743400,0.1522,0.5211,0.2556,0.0711,0.9605,0.0395,0.0846,0.9154
1306452113963319300,0.0373,0.6132,0.132,0.2175,0.8358,0.1642,0.0137,0.9863
740207118062628900,0.0053,0.0041,0.0627,0.9279,0.9577,0.0423,0.735,0.265
1244821154927390700,0.1466,0.2775,0.5177,0.0582,0.9565,0.0435,0.0201,0.9799
1256747285343543300,0.1941,0.0468,0.2325,0.5267,0.0711,0.9289,0.1334,0.8666
358514262,0.0588,0.0146,0.1693,0.7573,0.8176,0.1824,0.7943,0.2057
490437706,0.148,0.6809,0.1478,0.0233,0.2128,0.7872,0.0039,0.9961
2366183406,0.0288,0.0709,0.2016,0.6986,0.922,0.078,0.5878,0.4122
1729894669,0.0302,0.0144,0.0783,0.8771,0.247,0.753,0.8312,0.1688
3776062282,0.0098,0.0064,0.1836,0.8002,0.9909,0.0091,0.4453,0.5547
1215102444591550500,0.0035,0.0104,0.4505,0.5357,0.006,0.994,0.2836,0.7164
1217871440965447700,0.0309,0.044,0.4787,0.4464,0.9973,0.0027,0.0868,0.9132
36577601,0.0577,0.0555,0.3724,0.5144,0.1495,0.8505,0.2581,0.7419
1294332304769396700,0.0046,0.0031,0.1124,0.8799,0.0278,0.9722,0.2918,0.7082
1026185766215602200,0.0847,0.112,0.3021,0.5012,0.8345,0.1655,0.621,0.379
564012190,0.0196,0.0266,0.6689,0.2849,0.0263,0.9737,0.4787,0.5213
772222902280327200,0.0054,0.0325,0.2042,0.7579,0.9873,0.0127,0.1337,0.8663
3190440486,0.0785,0.1609,0.4953,0.2652,0.992,0.008,0.1091,0.8909
703260581739044900,5e-4,1e-4,0.011,0.9884,0.9983,0.0017,0.5589,0.4411
770994486130438100,0.0183,0.012,0.2349,0.7348,0.9933,0.0067,0.3708,0.6292
250945282,0.7018,0.1334,0.0865,0.0783,0.8142,0.1858,0.1585,0.8415
18284964,0.4748,0.1685,0.2458,0.1109,0.365,0.635,0.1249,0.8751
874116060194254800,0.0014,3e-4,0.0179,0.9804,0.0603,0.9397,0.8409,0.1591
75329060,0.0128,0.0162,0.2526,0.7184,0.9602,0.0398,0.5758,0.4242
1324165828749725700,5e-4,0.0264,0.2747,0.6984,1,0,0,1
21900039,0.0331,0.0266,0.535,0.4053,0.9736,0.0264,0.3208,0.6792
1257343456365731800,0.0841,0.0659,0.3145,0.5355,0.8501,0.1499,0.2038,0.7962
374363144,0.0315,0.04,0.6313,0.2972,0.8488,0.1512,0.3098,0.6902
3073381675,0.1053,0.0664,0.5777,0.2506,0.8437,0.1563,0.6813,0.3187
826118236060004400,0.0187,0.0253,0.392,0.564,0.1732,0.8268,0.4515,0.5485
1244755786817056800,0.116,0.007,0.0619,0.8151,0.7127,0.2873,0.9838,0.0162
231268367,0.005,0.017,0.2764,0.7016,0.9887,0.0113,0.2578,0.7422
1278500407887741e3,0.0051,0.0039,0.0922,0.8988,0.04,0.96,0.2701,0.7299
2236632566,0.048,0.0065,0.1349,0.8106,0.6276,0.3724,0.8086,0.1914
57240614,0.0051,0.0596,0.0552,0.8802,0.6916,0.3084,0.1518,0.8482
171737535,0.0086,0.0134,0.325,0.6529,0.0222,0.9778,0.0823,0.9177
936011241281212400,0.0069,0.0027,0.1617,0.8287,0.0095,0.9905,0.1137,0.8863
205838596,0.2547,0.1619,0.4792,0.1041,0.1475,0.8525,0.1204,0.8796
16696943,0.0377,0.1612,0.6517,0.1493,0.919,0.081,0.0724,0.9276
765910718596190200,0.0025,6e-4,0.0094,0.9875,0.9809,0.0191,0.5184,0.4816
1607939664,0.4466,0.3561,0.1105,0.0867,0.034,0.966,0.0347,0.9653
1063725088632070100,0.0016,0.0081,0.185,0.8053,0.0487,0.9513,0.2749,0.7251
27024136,0.023,0.1177,0.3276,0.5317,0.0876,0.9124,0.3093,0.6907
64530824,0.0132,0.0142,0.5071,0.4655,0.0418,0.9582,0.1985,0.8015
761924360,0.4822,0.2092,0.1644,0.1442,0.3136,0.6864,0.3801,0.6199
490887500,0.4845,0.2254,0.0875,0.2026,0.3221,0.6779,0.2292,0.7708
20195435,0.0022,0.0044,0.1674,0.8259,0.8841,0.1159,0.1711,0.8289
48981836,0.0065,0.0053,0.3305,0.6577,0.9955,0.0045,0.3035,0.6965
1219783514125631500,0.0372,0.0187,0.2259,0.7181,0.3355,0.6645,0.5253,0.4747
1077194684,0.2828,0.6962,0.0169,0.0041,0.9794,0.0206,0.0014,0.9986
16673128,0.1135,0.1756,0.6322,0.0787,0.2614,0.7386,0.0697,0.9303
14503017,1e-4,1e-4,0.0213,0.9785,0.0112,0.9888,0.532,0.468
406483952,0.0944,0.1399,0.7293,0.0365,0.0311,0.9689,0.0233,0.9767
698258660951195600,0.0287,0.0189,0.1753,0.7771,0.0851,0.9149,0.569,0.431
48495293,0.0196,0.0073,0.4798,0.4933,0.7866,0.2134,0.8281,0.1719
380073047,0.1357,0.0217,0.1821,0.6605,0.8368,0.1632,0.8689,0.1311
19734744,0.003,0.0019,0.0428,0.9523,0.2488,0.7512,0.586,0.414
705903542049976300,0.0069,0.0374,0.1691,0.7866,0.4617,0.5383,0.7094,0.2906
52517317,3e-4,0.0012,0.891,0.1076,0.9983,0.0017,0.1184,0.8816
524744736,0.0118,0.0156,0.7896,0.1829,0.4601,0.5399,0.2863,0.7137
1244018540438413300,0.0071,0.0111,0.1601,0.8217,0.007,0.993,0.2968,0.7032
26913866,0.0563,0.0321,0.3927,0.5188,0.0075,0.9925,0.0244,0.9756
3087104091,0.0127,0.0517,0.5077,0.4278,0.0879,0.9121,0.0812,0.9188
114245688,0.0665,0.0552,0.2928,0.5855,0.2116,0.7884,0.3112,0.6888
1101621901,0.4926,0.0444,0.1207,0.3422,0.765,0.235,0.8279,0.1721
35926848,0.1104,0.0854,0.2686,0.5357,0.8083,0.1917,0.5379,0.4621
16503637,0.1801,0.1482,0.3393,0.3324,0.9978,0.0022,0.3868,0.6132
1198338387343622100,0.0036,0.0071,0.3841,0.6053,0.9999,1e-4,0.0016,0.9984
953991390,0.1747,0.0121,0.1187,0.6945,0.4331,0.5669,0.986,0.014
868297606816026600,0.0257,0.0044,0.0632,0.9068,0.7286,0.2714,0.7908,0.2092
827403793281146900,0.0011,0.0287,0.8402,0.13,1,0,2e-4,0.9998
1033522893249032200,0.0739,0.0714,0.6268,0.2279,0.0569,0.9431,0.2125,0.7875
1921354406,0.0049,5e-4,0.0378,0.9568,0.7959,0.2041,0.7164,0.2836
962707370655862800,0.0252,0.0098,0.2681,0.6969,0.0315,0.9685,0.3648,0.6352
1022894576158302200,0.0349,0.2418,0.4205,0.3027,0.9878,0.0122,0.0279,0.9721
1033485743035965400,0.0609,0.0881,0.4437,0.4072,0.8674,0.1326,0.3807,0.6193
1045779307350642700,0.2006,0.2065,0.5384,0.0545,0.0727,0.9273,0.0117,0.9883
812549094635929600,0.0052,0.0018,0.1088,0.8843,0.0879,0.9121,0.4462,0.5538
1313878176913715200,0.0063,0.0058,0.3065,0.6813,0.9629,0.0371,0.3369,0.6631
1320194879784390700,0.0493,0.0375,0.6329,0.2802,0.0103,0.9897,0.1663,0.8337
129434729,0.1534,0.0879,0.2662,0.4926,0.1675,0.8325,0.1928,0.8072
1122291464795455500,0.0263,0.0055,0.1097,0.8585,0.915,0.085,0.6985,0.3015
1149305958469910500,0.521,0.2957,0.10780000000000001,0.0756,0.6817,0.3183,0.0938,0.9062
1239640405005742e3,0.425,0.1916,0.1198,0.2636,0.1866,0.8134,0.6035,0.3965
1568643739,0.0398,0.0244,0.1919,0.744,0.6933,0.3067,0.5979,0.4021
341330995,0.0936,0.0721,0.6761,0.1582,0.9838,0.0162,0.1747,0.8253
4818875619,0.0399,0.0582,0.5652,0.3367,0.0078,0.9922,0.0623,0.9377
808007134738673700,0.0527,0.0751,0.6935,0.1787,0.8391,0.1609,0.021,0.979
127296243,0.0138,0.0244,0.2088,0.7529,0.9547,0.0453,0.1554,0.8446
831850088460861400,0.2719,0.4069,0.2609,0.0603,0.9143,0.0857,0.2798,0.7202
579075141,0.1514,0.088,0.3002,0.4604,0.8575,0.1425,0.4565,0.5435
874243002008555500,0.0171,0.0305,0.4068,0.5455,0.0244,0.9756,0.0587,0.9413
4097455153,0.0208,0.008,0.1016,0.8696,0.1389,0.8611,0.9549,0.0451
756309382367805400,0.0111,0.0905,0.5201,0.3783,0.9854,0.0146,0.3004,0.6996
1619074208,0.1822,0.3982,0.3568,0.0628,0.6237,0.3763,0.6862,0.3138
33590667,0.0199,0.3517,0.5091,0.1193,0.84,0.16,0.2124,0.7876
42551777,0.001,0.0017,0.1865,0.8109,0.0033,0.9967,0.2888,0.7112
1298488947925033e3,0.2371,0.046,0.0552,0.6618,0.9422,0.0578,0.2403,0.7597
2282838560,0.5974,0.1443,0.1198,0.1385,0.7842,0.2158,0.4913,0.5087
706385867577790500,0.0385,0.0553,0.3623,0.5439,0.7387,0.2613,0.2475,0.7525
2533108954,0.0025,0.0503,0.1435,0.8037,0.0104,0.9896,0.3502,0.6498
159458248,0.0192,0.0064,0.1215,0.853,0.8658,0.1342,0.6778,0.3222
3896154314,0.0049,0.0109,0.2254,0.7587,0.9065,0.0935,0.6764,0.3236
89796116,0.0589,0.208,0.3058,0.4273,0.9987,0.0013,0.2719,0.7281
15669795,5e-4,0.0016,0.0762,0.9217,0.9954,0.0046,0.6183,0.3817
268013990,0.1042,0.1086,0.1678,0.6194,0.87,0.13,0.4679,0.5321
795349381578969100,0.3452,0.1908,0.362,0.102,0.0428,0.9572,0.0277,0.9723
940095038855397400,0.8835,0.0938,0.0075,0.0153,0.1165,0.8835,0.0244,0.9756
35430762,0.0181,0.0297,0.1368,0.8154,0.0384,0.9616,0.1864,0.8136
1258029949077934e3,0.2102,0.0729,0.176,0.5409,0.1651,0.8349,0.0598,0.9402
104674831,0.1014,0.0178,0.0629,0.8179,0.7589,0.2411,0.942,0.058
715194662982520800,0.0066,0.0565,0.2857,0.6512,0.9961,0.0039,0.2585,0.7415
745672364,0.0095,0.0725,0.7259,0.1921,0.9831,0.0169,0.1054,0.8946
163269552,0.0426,0.0112,0.1935,0.7527,0.0191,0.9809,0.1426,0.8574
24724232,0.2742,0.1366,0.4238,0.1653,0.0611,0.9389,0.0631,0.9369
1275955235882709e3,0.0038,0.0053,0.315,0.676,0.2883,0.7117,0.6803,0.3197
636933399,7e-4,6e-4,0.0164,0.9824,0.9918,0.0082,0.6435,0.3565
1312122560704843800,0.1629,0.0922,0.2991,0.4458,0.3679,0.6321,0.1211,0.8789
224777182,0.039,0.017,0.2158,0.7282,0.7847,0.2153,0.5746,0.4254
2221489760,0.1897,0.1009,0.3964,0.313,0.9211,0.0789,0.0585,0.9415
113247562,0.3185,0.2646,0.2341,0.1828,0.1008,0.8992,0.1023,0.8977
2868254400,0.4307,0.2281,0.2285,0.1127,0.3018,0.6982,0.0907,0.9093
277284090,0.0255,0.434,0.3799,0.1606,0.0802,0.9198,0.0196,0.9804
920171611,0.1276,0.0942,0.4111,0.3671,0.0775,0.9225,0.0629,0.9371
189153243,0.0266,0.0571,0.4633,0.453,0.3242,0.6758,0.182,0.818
14223107,0.0561,0.0077,0.0278,0.9084,0.1117,0.8883,0.7965,0.2035
759159420970422300,0.0381,0.1107,0.2123,0.6389,0.9919,0.0081,0.0905,0.9095
1160962899575287800,0.0058,0.0215,0.2274,0.7453,0.9893,0.0107,0.0907,0.9093
237317397,0.0477,0.0181,0.0628,0.8714,0.7487,0.2513,0.6651,0.3349
111697515,0.0072,0.0102,0.6539,0.3287,0.9999,1e-4,0.0519,0.9481
55093445,0.0116,0.0072,0.015,0.9662,0.267,0.733,0.8792,0.1208
38926453,0.0412,0.0045,0.1119,0.8423,0.8395,0.1605,0.8647,0.1353
1273684075690127400,0.0012,9e-4,0.0788,0.919,0.9983,0.0017,0.5403,0.4597
53280918,0.0392,0.0265,0.3084,0.6259,0.9929,0.0071,0.1732,0.8268
928486741,0.0189,0.002,0.0503,0.9287,0.8616,0.1384,0.7536,0.2464
954196064965480400,0.0134,0.0021,0.0631,0.9214,0.8001,0.1999,0.4045,0.5955
527186918,0.0078,0.0138,0.1021,0.8764,0.9993,7e-4,0.0499,0.9501
29959269,0.0972,0.0022,0.047,0.8536,0.0404,0.9596,0.4528,0.5472
753267270017814500,0.156,0.279,0.5277,0.0373,0.0646,0.9354,0.0934,0.9066
563507587,4e-4,3e-4,0.037,0.9623,0.9994,6e-4,0.4752,0.5248
113682461,0.0159,0.3044,0.4965,0.1831,0.0131,0.9869,0.0151,0.9849
24927052,0.1803,0.1851,0.3975,0.2371,0.507,0.493,0.2231,0.7769
2654788899,0.047,0.0421,0.4732,0.4377,0.964,0.036,0.2362,0.7638
784510505276756e3,0.3169,0.0826,0.3182,0.2823,0.8801,0.1199,0.5778,0.4222
2528714604,0.3579,0.1809,0.2498,0.2114,0.9489,0.0511,0.3465,0.6535
3507153435,0.0169,0.0295,0.4277,0.5259,0.4366,0.5634,0.3819,0.6181
1110658564505436200,0.0627,0.0366,0.3607,0.5401,0.6647,0.3353,0.489,0.511
22709843,7e-4,2e-4,0.0186,0.9805,0.0036,0.9964,0.3994,0.6006
765978736290304e3,0.0246,0.0025,0.0267,0.9462,0.86,0.14,0.7653,0.2347
53260824,0.08,0.3745,0.3063,0.2391,0.6015,0.3985,0.1057,0.8943
1860953034,0.0087,0.0602,0.8804,0.0507,0.0013,0.9987,0.0287,0.9713
875055752322445300,0.2784,0.1131,0.4176,0.1909,0.9999,1e-4,7e-4,0.9993
1696548686,1e-4,0.0121,0.0186,0.9692,0.9996,4e-4,0.0101,0.9899
967634034728808400,0.0031,0.0013,0.4987,0.4969,0.9982,0.0018,0.8012,0.1988
113205346,0.0019,8e-4,0.0252,0.9721,0.0082,0.9918,0.2946,0.7054
882298458,0.0364,0.0048,0.0502,0.9087,0.1806,0.8194,0.8021,0.1979
260348398,0.0024,0.0022,0.1163,0.8791,0.995,0.005,0.3452,0.6548
819399788877770800,0.1115,0.0441,0.2869,0.5575,0.9472,0.0528,0.3196,0.6804
239839643,0.2278,0.337,0.3157,0.1196,0.9476,0.0524,0.0255,0.9745
3369504316,0.0605,0.0213,0.2463,0.6719,0.7278,0.2722,0.4319,0.5681
1293677336773173200,0.0371,0.0419,0.5317,0.3892,0.0744,0.9256,0.3161,0.6839
706270548569894900,0.0468,0.0233,0.339,0.5909,0.8718,0.1282,0.6406,0.3594
45741687,0.0202,0.0039,0.0528,0.9231,0.6056,0.3944,0.6196,0.3804
393969873,0.0051,0.0027,0.0311,0.9611,0.9914,0.0086,0.2988,0.7012
177475690,0.2932,0.0596,0.1955,0.4518,0.8338,0.1662,0.9585,0.0415
245225572,0.3443,0.0571,0.0897,0.509,0.7222,0.2778,0.932,0.068
795767768251592700,0.0034,0.0018,0.0678,0.927,0.0262,0.9738,0.0634,0.9366
785897675103297500,0.0104,0.0018,0.1496,0.8382,0.4039,0.5961,0.7267,0.2733
451844814,3e-4,9e-4,0.0472,0.9515,0.9991,9e-4,0.1185,0.8815
14312506,0.0342,0.0218,0.547,0.397,0.9808,0.0192,0.233,0.767
55565378,0.0107,0.0481,0.5015,0.4397,0.9897,0.0103,0.1315,0.8685
985241788469297200,0.1537,0.0164,0.1799,0.6499,0.0418,0.9582,0.6321,0.3679
39221364,0.0939,0.6282,0.1716,0.1064,0.815,0.185,0.0679,0.9321
947921064927088600,0.0037,0.0108,0.5686,0.417,0.998,0.002,0.1505,0.8495
2460793404,0.0055,0.1694,0.6661,0.1591,4e-4,0.9996,0.0014,0.9986
2555725525,0.0675,0.0643,0.5843,0.2839,0.0095,0.9905,0.1904,0.8096
500276896,0.0153,0.0457,0.2126,0.7264,0.7608,0.2392,0.1717,0.8283
908763750068637700,0.5772,0.1856,0.1258,0.1114,0.9749,0.0251,0.0018,0.9982
1441859083,0.0091,0.0074,0.0253,0.9582,4e-4,0.9996,0.0016,0.9984
1185236399026561e3,0.0097,0.0071,0.1415,0.8417,0.9937,0.0063,0.2896,0.7104
353369903,2e-4,1e-4,0.0077,0.992,0.9953,0.0047,0.3637,0.6363
899764768398954500,0.0077,0.0015,0.0468,0.944,0.9486,0.0514,0.7588,0.2412
27364778,0.006,0.0953,0.0844,0.8143,0.9818,0.0182,0.129,0.871
1145812822963753e3,0.7851,0.02,0.0801,0.1149,0.6971,0.3029,0.2245,0.7755
1185925739020984300,0.014,0.0443,0.7862,0.1555,0.9998,2e-4,0.0912,0.9088
1238000307746947e3,0.0659,0.0499,0.3307,0.5535,0.1758,0.8242,0.3161,0.6839
1307359946036699100,0.0071,0.0145,0.1596,0.8187,0.8496,0.1504,0.3988,0.6012
132436503471829e4,0.0022,8e-4,0.0163,0.9807,0.7754,0.2246,0.9238,0.0762
877953224031993900,0.0075,0.0086,0.1229,0.861,0.899,0.101,0.7065,0.2935
1391563946,0.0128,0.0087,0.3932,0.5852,0.9821,0.0179,0.2629,0.7371
791324150874812400,0.1244,0.1168,0.3466,0.4122,0.0387,0.9613,0.394,0.606
480632328,0.2613,0.1385,0.3418,0.2584,0.0549,0.9451,0.1059,0.8941
794670818852741100,0.1588,0.1188,0.5199,0.2025,0.2499,0.7501,0.054,0.946
758342511840538600,0.0243,0.0032,0.0882,0.8844,0.988,0.012,0.9637,0.0363
81896444,0.0069,0.0033,0.1101,0.8797,0.1833,0.8167,0.8893,0.1107
280657763,0.4977,0.029,0.1866,0.2867,0.9744,0.0256,0.3179,0.6821
558124219,0.0031,0.0023,0.0555,0.939,0.9911,0.0089,0.2786,0.7214
329300035,0.0037,0.021,0.0689,0.9065,0.8081,0.1919,0.8014,0.1986
1254798527357694e3,0.0024,0.0011,0.1225,0.874,0.0105,0.9895,0.0996,0.9004
1271255700681957400,0.378,0.0187,0.128,0.4753,0.9016,0.0984,0.9714,0.0286
964152735200350200,0.0106,0.001,0.1326,0.8558,0.9493,0.0507,0.8012,0.1988
35491164,0.0039,0.1269,0.8082,0.061,0.9999,1e-4,1e-4,0.9999
1177129729,0.0613,0.0105,0.168,0.7602,0.0171,0.9829,0.1848,0.8152
17368164,0.2003,0.36870000000000003,0.1538,0.2772,0.4182,0.5818,0.0741,0.9259
713101027,0.448,0.2251,0.161,0.166,0.36870000000000003,0.6313,0.3636,0.6364
26267040,0.287,0.0763,0.3175,0.3192,0.053900000000000003,0.9461,0.1986,0.8014
1499775464,0.0315,0.0438,0.1444,0.7803,0.9495,0.0505,0.5326,0.4674
997779581435199500,0.0133,0.0033,0.1291,0.8542,0.0615,0.9385,0.2919,0.7081
2942062579,8e-4,0.0033,0.9797,0.0162,0.7682,0.2318,0.0895,0.9105
1673895140,0.0012,0.0348,0.2094,0.7547,0.0243,0.9757,0.0079,0.9921
383531976,0.0639,0.0271,0.5597,0.3493,0.0575,0.9425,0.3918,0.6082
1268378632436756500,0.3826,0.0353,0.0519,0.5302,0.9551,0.0449,0.814,0.186
516065531,0.1744,0.1097,0.3894,0.3265,0.8193,0.1807,0.1117,0.8883
111501413,0.0148,0.2038,0.4945,0.2868,0.9993,7e-4,5e-4,0.9995
744165237213913100,0.0049,0.0101,0.0149,0.9701,0.9683,0.0317,0.5048,0.4952
1259932296850714600,0.0244,0.02,0.3535,0.6022,0.8705,0.1295,0.6203,0.3797
885278784303312900,0.0066,0.0017,0.0543,0.9374,0.5066,0.4934,0.6547,0.3453
370266923,0.0167,0.0225,0.2296,0.7312,0.0395,0.9605,0.166,0.834
155681507,0.0133,0.0147,0.5306,0.4414,0.0464,0.9536,0.1275,0.8725
17993620,0.0014,0.0077,0.9891,0.0018,1,0,3e-4,0.9997
1296046663669371e3,0,0,0.0061,0.9939,4e-4,0.9996,0.0042,0.9958
29566593,0.0127,0.0578,0.6903,0.2392,7e-4,0.9993,0.0086,0.9914
1656206702,0.004,0.1125,0.2752,0.6083,0.0336,0.9664,0.0376,0.9624
1963785919,2e-4,1e-4,0.0183,0.9813,0.9982,0.0018,0.1911,0.8089
513654367,0.1024,0.0196,0.2345,0.6436,0.8695,0.1305,0.9615,0.0385
3193407772,0.0014,0.0016,0.2434,0.7535,0.9994,6e-4,0.5677,0.4323
4083271833,0.1186,0.2469,0.4083,0.2262,0.9849,0.0151,0.0234,0.9766
1107211395731517400,0.5569,0.234,0.1553,0.0537,0.697,0.303,0.095,0.905
1001254470800425e3,0.1116,0.0664,0.4642,0.3578,0.1022,0.8978,0.0925,0.9075
222880966,0.1589,0.02,0.2341,0.5871,0.7332,0.2668,0.5208,0.4792
1064559051793682400,0.0062,0.0027,0.2943,0.6969,0.9944,0.0056,0.5836,0.4164
1302081750315589600,0.0301,0.0232,0.4932,0.4535,0.4845,0.5155,0.4901,0.5099
15908144,0.2598,0.0498,0.4128,0.2776,0.0193,0.9807,0.3081,0.6919
1108828706389323800,0.0072,0.0825,0.8008,0.1096,0.9484,0.0516,0.0937,0.9063
1069422303816138800,6e-4,6e-4,0.0282,0.9706,0.0043,0.9957,0.2169,0.7831
751395163671392300,0.219,0.3524,0.2662,0.1624,0.8448,0.1552,0.0373,0.9627
14077958,0.1055,0.4738,0.2746,0.1461,0.4826,0.5174,0.0602,0.9398
716277987428044800,0.1691,0.3022,0.4026,0.1261,0.8578,0.1422,0.0781,0.9219
855820842,0.6907,0.2208,0.079,0.0095,0.0971,0.9029,0.0218,0.9782
536822108,0.0161,0.0199,0.5225,0.4415,0.0572,0.9428,0.2116,0.7884
1045819572350320600,0.0025,0.0019,0.0382,0.9574,0.9751,0.0249,0.313,0.687
637096765,0.0448,0.0385,0.5305,0.3861,0.2701,0.7299,0.1551,0.8449
2596288055,0.0394,0.0021,0.0468,0.9117,0.8328,0.1672,0.9635,0.0365
1251940187128684500,0.0109,0.0388,0.6048,0.3456,0.0169,0.9831,0.1455,0.8545
1188669599899885600,0.0298,0.0094,0.2155,0.7454,0.04,0.96,0.4974,0.5026
855453588549750800,0.0279,0.0258,0.1032,0.8431,0.7083,0.2917,0.7715,0.2285
2805864596,0.0695,0.0979,0.5729,0.2598,0.7827,0.2173,0.2233,0.7767
23253804,0.005,0.0037,0.1007,0.8906,0.996,0.004,0.607,0.393
47968676,0.5287,0.3315,0.0578,0.0819,0.5922,0.4078,0.0747,0.9253
565673259,0.0473,0.3746,0.4814,0.0966,0.6115,0.3885,0.0476,0.9524
1010147876578656300,0.1481,0.268,0.2467,0.3371,0.5235,0.4765,0.7399,0.2601
44825149,0.0197,0.0156,0.1603,0.8044,0.0122,0.9878,0.1821,0.8179
40330364,0.0966,0.0302,0.0818,0.7914,0.746,0.254,0.8808,0.1192
25541576,0.0144,0.0151,0.1362,0.8343,0.9944,0.0056,0.1898,0.8102
825858389955600400,0.0453,0.0147,0.4924,0.4476,0.8445,0.1555,0.5226,0.4774
882568196116688900,0.3967,0.1166,0.1987,0.2879,0.7413,0.2587,0.7097,0.2903
190767072,0.064,0.0098,0.2141,0.7121,0.0627,0.9373,0.2245,0.7755
47193621,0.0065,0.0058,0.2667,0.721,0.339,0.661,0.2857,0.7143
2232314554,0.0267,0.0186,0.2501,0.7046,0.0702,0.9298,0.3039,0.6961
13342,0.0033,0.0325,0.2827,0.6815,0.9934,0.0066,0.2598,0.7402
1166436288,0.094,0.1706,0.5552,0.1802,0.9638,0.0362,0.0855,0.9145
99943864,0.2165,0.1706,0.4707,0.1422,0.9966,0.0034,0.0549,0.9451
23334401,0.0573,0.3173,0.3554,0.27,0.999,0.001,0.0279,0.9721
366107635,0.0666,0.0523,0.4758,0.4053,0.8094,0.1906,0.2363,0.7637
18785984,0.1054,0.1164,0.2289,0.5493,0.9706,0.0294,0.1313,0.8687
1306632407064420400,0.0613,0.0524,0.5877,0.2986,0.9969,0.0031,0.2372,0.7628
716761316476788700,0.0094,0.0149,0.3354,0.6402,0.9924,0.0076,0.2622,0.7378
965693540150988800,0.076,0.0558,0.3248,0.5434,0.6275,0.3725,0.4423,0.5577
774097036614393900,0.0377,0.0222,0.1809,0.7592,0.8279,0.1721,0.4415,0.5585
1308928600113062e3,0.0087,0.0069,0.0959,0.8885,0.691,0.309,0.3351,0.6649
1219304087096897500,0.0135,0.0116,0.2915,0.6834,0.9998,2e-4,0.0726,0.9274
793904987579482100,0.1002,0.0996,0.2501,0.5501,0.927,0.073,0.5915,0.4085
776256071237242900,0.4949,0.1573,0.145,0.2028,0.7359,0.2641,0.5547,0.4453
3178536802,0.033,0.1512,0.1961,0.6198,0.9299,0.0701,0.1261,0.8739
1121838574821937200,0.1202,0.3123,0.4503,0.1173,0.9946,0.0054,0.0222,0.9778
4389650355,0.0155,0.0402,0.4879,0.4564,0.9337,0.0663,0.1121,0.8879
210591672,0.0199,0.2565,0.593,0.1307,0.9353,0.0647,0.0538,0.9462
1082308746095644700,0.0224,0.1215,0.7117,0.1445,0.0519,0.9481,0.022,0.978
164569217,0.1778,0.4483,0.1789,0.195,0.3032,0.6968,0.0328,0.9672
262662485,0.0557,0.06,0.5617,0.3226,0.9897,0.0103,0.3426,0.6574
233189026,0.008,0.0114,0.0892,0.8914,0.0084,0.9916,0.0464,0.9536
864483633431752700,0.0434,0.0522,0.8193,0.0851,0.022,0.978,0.0745,0.9255
23136867,0.7562,0.1794,0.056,0.0084,0.6416,0.3584,0.1142,0.8858
2972489118,0.0064,0.0622,0.5361,0.3953,0.9967,0.0033,0.0928,0.9072
760263090503950300,0.0012,4e-4,0.0281,0.9703,0.146,0.854,0.7558,0.2442
14857469,0.4367,0.0806,0.2777,0.205,0.9044,0.0956,0.6839,0.3161
351204415,0.0303,0.0564,0.6171,0.2962,0.0251,0.9749,0.2365,0.7635
1140330592854335500,0.1623,0.255,0.3963,0.1864,0.963,0.037,0.1284,0.8716
70518087,0.0582,0.0123,0.1233,0.8062,0.8653,0.1347,0.5559,0.4441
2325924517,0.0026,3e-4,0.0145,0.9826,0.9891,0.0109,0.6578,0.3422
898785246,0.0324,0.0112,0.1666,0.7898,0.0131,0.9869,0.1394,0.8606
1010709084277039100,0.0053,0.0063,0.1612,0.8273,0.9986,0.0014,0.1755,0.8245
65494780,0.0251,0.3724,0.5796,0.0229,0.979,0.021,0.0093,0.9907
607719220,0.0034,0.0022,0.1311,0.8633,0.9985,0.0015,0.5893,0.4107
89120565,9e-4,0.0015,0.032,0.9656,0.0143,0.9857,0.1552,0.8448
4886325111,0.0133,0.023,0.8529,0.1108,0.2564,0.7436,0.3183,0.6817
748976897313411100,0.0025,0.0242,0.8859,0.0874,0.9133,0.0867,0.1497,0.8503
1115973721322291200,0.1687,0.1633,0.3578,0.3102,0.4303,0.5697,0.2542,0.7458
1198221252,0.5079,0.1933,0.2092,0.0896,0.7718,0.2282,0.082,0.918
1261664480636932e3,3e-4,1e-4,0.0087,0.991,0.9976,0.0024,0.4333,0.5667
1556231095,0.1045,0.4295,0.3964,0.0696,0.4168,0.5832,0.0612,0.9388
1273303628984565800,3e-4,0.0653,0.0752,0.8591,0.9756,0.0244,0.0097,0.9903
1264990788020244500,0.1467,0.254,0.4328,0.1665,0.9592,0.0408,0.0948,0.9052
199831014,0.2358,0.0932,0.3206,0.3504,0.3642,0.6358,0.3606,0.6394
400977932,0.1274,0.1034,0.2559,0.5132,4e-4,0.9996,7e-4,0.9993
4895353953,0.0059,7e-4,0.0354,0.9579,0.9497,0.0503,0.7068,0.2932
45205941,0.0326,0.0365,0.4554,0.4755,0.9878,0.0122,0.2578,0.7422
1270521971848118300,0.1569,0.0765,0.4586,0.3081,0.9825,0.0175,0.3741,0.6259
52084085,0.4657,0.0622,0.2163,0.2558,5e-4,0.9995,0.0048,0.9952
114967435508702e4,0.0059,0.0575,0.717,0.2196,2e-4,0.9998,0.0028,0.9972
283605525,0.0153,0.0342,0.49,0.4605,0.3034,0.6966,0.236,0.764
58634778,0.0689,0.0107,0.1452,0.7752,0.855,0.145,0.8982,0.1018
4902037162,0.1633,0.3383,0.338,0.1604,0.2901,0.7099,0.1055,0.8945
1020011513485189100,0.018,0.0143,0.3236,0.6441,0.9916,0.0084,0.3167,0.6833
310282801,0.2401,0.1983,0.4522,0.1094,0.9022,0.0978,0.1404,0.8596
755691196001947600,0.0016,0.0023,0.0636,0.9325,0.0128,0.9872,0.0059,0.9941
760581414471381e3,0.0427,0.0421,0.5077,0.4076,0.9536,0.0464,0.3886,0.6114
29593475,0.8798,0.078,0.0191,0.023,0.8298,0.1702,0.3014,0.6986
4018747773,0.0169,0.0034,0.3553,0.6243,0.0173,0.9827,0.61240000000000006,0.3876
849556892,0.0359,0.0585,0.3288,0.5767,0.9817,0.0183,0.2946,0.7054
780831622035705900,1e-4,3e-4,0.0135,0.9861,0.9972,0.0028,0.5215,0.4785
1134280710230106100,0.005,0.0031,0.3952,0.5967,0.0168,0.9832,0.0488,0.9512
1268707234705485800,0.5128,0.3997,0.0624,0.025,0.0817,0.9183,0.0117,0.9883
537829851,0.0074,0.0111,0.2934,0.6881,0.7092,0.2908,0.1473,0.8527
816593910,0.0023,0.0014,0.0201,0.9762,0.8057,0.1943,0.4488,0.5512
41901453,0.1112,0.0637,0.2426,0.5824,0.7187,0.2813,0.638,0.362
16539112,0.0057,0.0546,0.6443,0.2954,0.0388,0.9612,0.2111,0.7889
230281354,0.0406,0.0625,0.6665,0.2304,0.9757,0.0243,0.1748,0.8252
16209168,0.0505,0.0198,0.2055,0.7243,0.9061,0.0939,0.7929,0.2071
1169462952757551e3,0.0483,0.0732,0.4598,0.4187,0.4138,0.5862,0.0967,0.9033
1267237475493216300,0.012,0.0325,0.387,0.5686,0.0548,0.9452,0.0948,0.9052
850226993081704400,0.217,0.4605,0.2219,0.1006,0.9279,0.0721,0.0549,0.9451
1.3000572756594401e+18,0.0756,0.0181,0.1219,0.7844,0.6348,0.3652,0.8082,0.1918
898958425,0.0059,8e-4,0.024,0.9692,0.9679,0.0321,0.5915,0.4085
1313688377187655700,0.6309,0.1557,0.0689,0.1445,0.9551,0.0449,0.3555,0.6445
21866032,0.0218,0.033,0.5184,0.4269,0.0171,0.9829,0.0838,0.9162
46510396,0.0505,0.0908,0.7203,0.1384,0.0185,0.9815,0.0507,0.9493
2502466327,0.0678,0.223,0.5371,0.1721,0.1921,0.8079,0.2137,0.7863
822609497986334700,1e-4,6e-4,0.0205,0.9788,0.005,0.995,8e-4,0.9992
50445403,0.0047,0.0053,0.341,0.6491,0.9955,0.0045,0.1535,0.8465
958517169683394600,0.0025,0.0144,0.8842,0.0989,0.0617,0.9383,0.065,0.935
1184289498382905300,0.0023,0.0019,0.1503,0.8454,0.9963,0.0037,0.1712,0.8288
3227156772,0.2165,0.4763,0.2496,0.0575,0.0033,0.9967,0.0018,0.9982
35562229,0.101,0.1163,0.1536,0.6291,0.7659,0.2341,0.795,0.205
18173566,0.6358,0.1948,0.1116,0.0578,0.7924,0.2076,0.0533,0.9467
1130889385946353700,0.3229,0.1912,0.2223,0.2636,0.9817,0.0183,0.0662,0.9338
40047146,0.1798,0.0259,0.1657,0.6286,0.8692,0.1308,0.8937,0.1063
20109011,0.0175,0.0106,0.1598,0.8121,0.7156,0.2844,0.7775,0.2225
834590083776802800,0.003,0.0899,0.7871,0.12,1,0,0.002,0.998
306540692,0.0991,0.0876,0.3786,0.4347,0.6278,0.3722,0.2905,0.7095
1323145957211435e3,0.0179,0.0092,0.0273,0.9456,0.7026,0.2974,0.8067,0.1933
780622018391609300,0.0586,0.0557,0.3274,0.5583,0.0247,0.9753,0.3037,0.6963
33383836,0.348,0.1919,0.2868,0.1733,0.6511,0.3489,0.0738,0.9262
789197834033565700,0.0446,0.1291,0.5829,0.2434,0.0193,0.9807,0.145,0.855
790701890073989100,0.598,0.2688,0.0987,0.0345,0.3115,0.6885,0.0757,0.9243
3539701276,0.2215,0.5406,0.1429,0.0949,0.8126,0.1874,0.1337,0.8663
1206338029947932700,0.0124,0.0278,0.4718,0.4879,0.9934,0.0066,0.2687,0.7313
1932183302,0.003,9e-4,0.2415,0.7546,0.9998,2e-4,0.4257,0.5743
1321286222657015800,0.156,0.1017,0.2743,0.4679,0.9396,0.0604,0.4226,0.5774
1002394189043249200,0.0469,0.0185,0.2135,0.7211,0.9626,0.0374,0.4233,0.5767
1314647880490254300,0.0283,0.0016,0.1792,0.7909,0.926,0.074,0.8407,0.1593
40908168,0.0103,0.1415,0.5928,0.2554,0.9127,0.0873,0.2765,0.7235
2736663346,0.1774,0.0803,0.3591,0.3831,0.1464,0.8536,0.1572,0.8428
39074525,0.2679,0.056,0.1991,0.4771,0.8859,0.1141,0.8721,0.1279
22552875,0.0387,0.2179,0.3379,0.4055,0.9816,0.0184,0.1038,0.8962
1097606789175173100,0.0062,0.0015,0.0497,0.9426,0.9981,0.0019,0.109,0.891
922098380020445200,0.0687,0.1474,0.717,0.0669,0.0018,0.9982,0.0053,0.9947
75030066,0.0048,0.016,0.1211,0.8581,0.0115,0.9885,0.5047,0.4953
16480335,0.0036,0.0012,0.1871,0.8081,0.9907,0.0093,0.5596,0.4404
966132676884299800,0.189,0.1387,0.2208,0.4515,0.8036,0.1964,0.2486,0.7514
710814190177398800,0.028,0.0407,0.5303,0.4009,0.9885,0.0115,0.1807,0.8193
69768385,0.0714,0.2879,0.2971,0.3436,0.6813,0.3187,0.0577,0.9423
73702693,0.0022,0.0051,0.4669,0.5258,0.0082,0.9918,0.2194,0.7806
1275744197971193900,0.1592,0.0095,0.1484,0.6829,0.4448,0.5552,0.972,0.028
2193597265,0.0356,0.3086,0.3459,0.3099,0.9059,0.0941,0.0615,0.9385
825103731553423400,0.0038,0.0036,0.1761,0.8165,0.1849,0.8151,0.888,0.112
54109809,0.0741,0.0472,0.3115,0.5672,0.9752,0.0248,0.1956,0.8044
237829375,0.6027,0.2741,0.075,0.0482,0.7744,0.2256,0.204,0.796
47987041,0.3283,0.3041,0.1763,0.1913,0.639,0.361,0.2815,0.7185
1069218106273382400,0.0073,0.065,0.5835,0.3442,0.9975,0.0025,0.1071,0.8929
1225621521059717e3,0,0.0025,0.9969,6e-4,1e-4,0.9999,1e-4,0.9999
979040413620125700,0.1237,0.048,0.2743,0.554,0.7952,0.2048,0.3048,0.6952
25228648,0.005,0.0022,0.0855,0.9073,0.0151,0.9849,0.787,0.213
286488952,0.0062,0.0033,0.1914,0.7991,0.958,0.042,0.6984,0.3016
358929612,9e-4,0.0041,0.1013,0.8938,0.0094,0.9906,0.0106,0.9894
631453913,0.0612,0.0624,0.1765,0.6999,0.5491,0.4509,0.8292,0.1708
2983201993,0.0445,0.0841,0.5007,0.3707,0.1176,0.8824,0.1079,0.8921
760499502771998700,0.0034,0.0019,0.0918,0.9029,0.0214,0.9786,0.2116,0.7884
1065051167225536500,0.0302,0.0472,0.5792,0.3434,0.9282,0.0718,0.2537,0.7463
1261887607266517e3,0.0112,0.0023,0.0423,0.9442,0.9229,0.0771,0.5566,0.4434
1294246688471658500,0.0242,0.0136,0.0992,0.863,0.9906,0.0094,0.5989,0.4011
1303414969246060500,0.1896,0.0302,0.3432,0.437,0.8727,0.1273,0.5921,0.4079
1271455507384078300,0.0033,0.0091,0.4235,0.5642,0.0105,0.9895,0.1101,0.8899
28347723,0.0726,0.0214,0.0993,0.8066,0.1481,0.8519,0.58,0.42
387151655,0.0022,0.0069,0.0938,0.897,0.965,0.035,0.1428,0.8572
1035944559715536900,0.0316,0.0095,0.155,0.8039,0.9433,0.0567,0.964,0.036
1256349100066451500,0.4177,0.2654,0.2519,0.065,0.983,0.017,0.0721,0.9279
636694309,0.0066,0.0086,0.4856,0.4991,0.9955,0.0045,0.3525,0.6475
1237042983800696800,0.014,0.0061,0.1796,0.8004,0.002,0.998,0.0343,0.9657
1278481066072793e3,0.0705,0.0305,0.1338,0.7653,0.9373,0.0627,0.4286,0.5714
1268311556347105300,0.0944,0.1975,0.4499,0.2582,0.0519,0.9481,0.0457,0.9543
24502493,0.0127,0.023,0.9375,0.0268,0.9804,0.0196,0.0884,0.9116
3305987170,0.0505,0.2125,0.1714,0.5656,0.0601,0.9399,0.1119,0.8881
32601476,0.0493,0.0046,0.0842,0.8619,0.9165,0.0835,0.9886,0.0114
1067217173649780700,0.0242,0.054,0.074,0.8477,0.9697,0.0303,0.5447,0.4553
4790171983,0.0915,0.0537,0.5797,0.2751,0.9344,0.0656,0.4018,0.5982
1180963767707951e3,0.1943,0.3172,0.2646,0.2238,0.8883,0.1117,0.0454,0.9546
1216435419367334e3,0.0598,0.0429,0.2322,0.6651,0.0836,0.9164,0.1745,0.8255
1323983501050466300,0.0031,0.0169,0.9138,0.0662,0.0059,0.9941,8e-4,0.9992
1241134727899361300,0.0248,0.0034,0.0386,0.9331,0.0267,0.9733,0.4026,0.5974
286111460,0.5603,0.3769,0.0523,0.0105,0.2439,0.7561,0.0141,0.9859
557397566,5e-4,0.002,0.0861,0.9114,0.997,0.003,0.3134,0.6866
1008788196728156200,0.101,0.0549,0.1832,0.6609,0.5854,0.4146,0.4341,0.5659
1199735220016230400,0.237,0.1609,0.1668,0.4353,0.7537,0.2463,0.2359,0.7641
26791110,7e-4,0.0043,0.2669,0.7281,0.9994,6e-4,0.4458,0.5542
188158173,0.0044,0.0087,0.0807,0.9062,8e-4,0.9992,0.0019,0.9981
4753880594,0.1928,0.1219,0.4475,0.2377,0.4571,0.5429,0.3176,0.6824
1256733672050434e3,0.2385,0.0627,0.4026,0.2962,0.9054,0.0946,0.5063,0.49370000000000003
1317221478903971800,0.0158,0.0135,0.5249,0.4458,0.0288,0.9712,0.1802,0.8198
1098364068417679400,0.0348,0.0142,0.1051,0.846,0.938,0.062,0.6857,0.3143
48587836,0.0392,0.0028,0.0232,0.9348,0.6197,0.3803,0.9838,0.0162
993962131,0.0045,9e-4,0.0139,0.9807,0.2487,0.7513,0.8693,0.1307
207095633,0.5165,0.3678,0.0995,0.0161,0.0344,0.9656,0.0028,0.9972
2865540585,0.0851,0.0661,0.3469,0.5019,0.0786,0.9214,0.4416,0.5584
1249611372863934500,0.082,0.0065,0.0511,0.8604,0.0733,0.9267,0.5941,0.4059
940385118031679500,0.0121,0.2007,0.4979,0.2894,0.987,0.013,0.0318,0.9682
173247432,0.0035,0.0052,0.8226,0.1686,0.0662,0.9338,0.5132,0.4868
1047566539564752900,0.0035,0.0026,0.0903,0.9036,0.1074,0.8926,0.3472,0.6528
1007380464607297500,0.0673,0.0646,0.3934,0.4747,0.8725,0.1275,0.2352,0.7648
944338716746661900,0.1417,0.2944,0.444,0.1199,0.1181,0.8819,0.0207,0.9793
1888322592,0.2441,0.1208,0.5589,0.0763,0.0844,0.9156,0.0904,0.9096
49879138,0.0545,0.3857,0.5203,0.0396,0.209,0.791,0.0397,0.9603
927130750067073e3,5e-4,0.03,0.1676,0.8019,0,1,3e-4,0.9997
438907123,0.0276,0.0216,0.2294,0.7214,0.8834,0.1166,0.677,0.323
1227402402145267700,0.0085,0.0028,0.0742,0.9145,0.01,0.99,0.198,0.802
33579928,0.0299,0.0101,0.1496,0.8104,0.9461,0.053900000000000003,0.5259,0.4741
855410356616929300,0.0363,0.011,0.1428,0.8099,0.2536,0.7464,0.6194,0.3806
844602136113528800,0.0084,0.0076,0.2125,0.7715,0.5684,0.4316,0.1882,0.8118
602951862,0.1177,0.0585,0.3714,0.4524,0.6586,0.3414,0.7824,0.2176
16654326,0.0019,0.0038,0.3265,0.6679,0.0152,0.9848,0.0719,0.9281
3080604720,0.0849,0.0406,0.5605,0.3139,0.0469,0.9531,0.2987,0.7013
47514193,0.7453,0.056,0.0847,0.1141,0.7621,0.2379,0.7409,0.2591
800996570,0.0175,9e-4,0.0289,0.9527,0.8605,0.1395,0.9948,0.0052
270159255,0.0218,0.0475,0.2654,0.6653,0.3411,0.6589,0.671,0.329
1632177577,0.0837,0.5071,0.3676,0.0416,0.704,0.296,0.0294,0.9706
1017802052146167800,0.1266,0.0164,0.0895,0.7675,0.3606,0.6394,0.9813,0.0187
816377601795076100,0.035,0.0418,0.1967,0.7265,0.0439,0.9561,0.2309,0.7691
2966823342,0.0074,0.3458,0.6203,0.0265,0.2213,0.7787,0.0083,0.9917
26063708,0.0259,0.0046,0.0723,0.8971,0.9514,0.0486,0.9332,0.0668
345016285,0.0023,0.0052,0.346,0.6465,0.998,0.002,0.177,0.823
515501206,0.1293,0.2178,0.3013,0.3517,0.9015,0.0985,0.1845,0.8155
109063913,0.0781,0.0488,0.3252,0.5479,0.7502,0.2498,0.5138,0.4862
1296423233269518300,0.0719,0.0816,0.2836,0.5629,0.9963,0.0037,0.0882,0.9118
178763308,0.0062,0.0112,0.2321,0.7504,0.9881,0.0119,0.1564,0.8436
1.1087126902754959e+18,0.0266,0.0094,0.0665,0.8975,0.6732,0.3268,0.4537,0.5463
784808599595786200,0.1034,0.0739,0.6011,0.2217,0.9954,0.0046,0.115,0.885
623407328,0.27,0.072,0.1454,0.5125,0.6712,0.3288,0.7583,0.2417
1309875024954876e3,0.3961,0.1602,0.3725,0.0712,0.1476,0.8524,0.0797,0.9203
964424004302921700,0.0115,0.0129,0.7315,0.2441,0.0072,0.9928,0.3703,0.6297
418281073,0.0218,0.1652,0.5285,0.2845,0.0207,0.9793,0.1081,0.8919
853336585701658600,0.4039,0.503,0.0493,0.0438,0.1308,0.8692,0.0033,0.9967
1220316524,0.0114,0.039,0.511,0.4386,0.9938,0.0062,0.0898,0.9102
880874590360158200,0.4139,0.4956,0.0626,0.0279,0.9541,0.0459,0.0189,0.9811
798700578,0.1137,0.6853,0.1274,0.0736,0.8398,0.1602,0.0101,0.9899
218611513,0.0348,0.1849,0.6339,0.1464,0.9827,0.0173,0.0905,0.9095
531565758,0.0195,0.0073,0.1427,0.8305,0.9802,0.0198,0.8064,0.1936
938973935621886e3,0.1734,0.2434,0.4092,0.174,0.9062,0.0938,0.1462,0.8538
271927117,0.0513,0.009,0.3371,0.6026,0.0126,0.98740000000000006,0.3624,0.6376
37660948,0.3292,0.5186,0.0755,0.0767,0.2142,0.7858,0.0152,0.9848
2310527790,0.1028,0.0281,0.3094,0.5596,0.9909,0.0091,0.3711,0.6289
3429119674,8e-4,1e-4,0.021,0.9781,0.9961,0.0039,0.3742,0.6258
826571533,0.0514,0.2085,0.2646,0.4755,0.9925,0.0075,0.3465,0.6535
370355965,0.0032,0.0016,0.2014,0.7937,0.9922,0.0078,0.8901,0.1099
32876479,0.0075,0.1204,0.2376,0.6346,0.6924,0.3076,0.4444,0.5556
1667823811,0.0548,0.0258,0.2356,0.6838,0.9942,0.0058,0.2866,0.7134
1241719580948643800,0.5395,0.2562,0.1434,0.0609,0.8051,0.1949,0.2983,0.7017
818835636551446500,0.0026,0.0011,0.2617,0.7347,0.9999,1e-4,0.1126,0.8874
126313550,0.0672,0.2365,0.6435,0.0527,0.063,0.937,0.0155,0.9845
868461757756350500,0.1952,0.1952,0.398,0.2116,0.8897,0.1103,0.1546,0.8454
1151468196140130300,0.1258,0.44,0.3158,0.1183,0.6339,0.3661,0.0122,0.9878
27282113,0.0049,0.0208,0.9592,0.0151,0.9569,0.0431,0.0183,0.9817
18339288,0.1526,0.0425,0.4612,0.3437,0.8638,0.1362,0.3642,0.6358
838202276166647800,0.0807,0.0655,0.4858,0.368,0.9748,0.0252,0.2609,0.7391
2528221556,0.0246,0.0054,0.1095,0.8605,0.9515,0.0485,0.9171,0.0829
1134517008505233400,0.0028,0.0264,0.1727,0.798,0.0308,0.9692,0.1722,0.8278
794589976272977900,0.0707,0.035,0.2391,0.6552,0.7403,0.2597,0.367,0.633
38851847,0.0133,0.0114,0.1889,0.7863,0.0034,0.9966,0.1175,0.8825
17923419,0.0092,0.0996,0.7881,0.1031,0.0174,0.9826,0.0323,0.9677
396741778,0.1992,0.0946,0.2878,0.4184,0.324,0.676,0.8406,0.1594
482430558,0.041,0.0066,0.1187,0.8337,0.8864,0.1136,0.8176,0.1824
16159074,0.0501,0.2354,0.5636,0.151,0.9951,0.0049,0.0363,0.9637
2534571936,0.0328,0.0221,0.272,0.6731,0.9492,0.0508,0.3655,0.6345
1246202737865511e3,0.1738,0.1482,0.1959,0.482,0.8829,0.1171,0.6604,0.3396
191954194,0.046,0.0462,0.177,0.7308,0.9801,0.0198,0.7158,0.2842
3490454713,0.429,0.4078,0.1035,0.0597,0.5595,0.4405,0.0371,0.9629
1025640095586504700,0.2509,0.1749,0.497,0.0772,0.167,0.833,0.0689,0.9311
2785767790,0.583,0.2812,0.1151,0.0206,0.3124,0.6876,0.0253,0.9747
17838484,0.0075,0.0354,0.2679,0.6892,0.8948,0.1052,0.1987,0.8013
911452507653726200,0.017,0.0216,0.2018,0.7597,0.9677,0.0323,0.3839,0.6161
230318947,0.4514,0.3518,0.1251,0.0717,0.9326,0.0674,0.0392,0.9608
1922354400,0.0032,0.0015,0.0563,0.9389,0.8831,0.1169,0.3546,0.6454
19413082,0.0252,0.0146,0.1121,0.8481,0.5778,0.4222,0.5121,0.4879
165509519,0,0,7e-4,0.9993,0.0015,0.9985,0.0324,0.9676
904525544892514300,0.0047,0.0203,0.3641,0.611,0.0463,0.9537,0.1988,0.8012
813566838,0.3521,0.5334,0.0854,0.0291,0.9805,0.0195,0.0093,0.9907
21786530,0.1409,0.2697,0.4146,0.1747,0.5443,0.4557,0.2136,0.7864
3496942214,0.0488,0.0149,0.1243,0.812,0.5234,0.4766,0.4465,0.5535
2261821274,0.2994,0.0156,0.2498,0.4352,0.5622,0.4378,0.9717,0.0283
7595362,0.1196,0.2571,0.4371,0.1862,0.9543,0.0457,0.0345,0.9655
3250516296,0.1122,0.0355,0.1548,0.6976,0.9235,0.0765,0.2706,0.7294
25685281,0.1011,0.1292,0.344,0.4257,0.8358,0.1642,0.5659,0.4341
1530397118,0.1636,0.0765,0.1828,0.5771,0.8698,0.1302,0.2486,0.7514
2179492525,0.1581,0.0377,0.2636,0.5406,0.6585,0.3415,0.5475,0.4525
1021917609049169900,0.0934,0.0947,0.4511,0.3608,0.0347,0.9653,0.3297,0.6703
766279737387978800,0.114,0.1561,0.3454,0.3845,0.4543,0.5457,0.8973,0.1027
162204416,0.3639,0.1902,0.3628,0.0831,0.9226,0.0774,0.3087,0.6913
185906955,0.0811,0.1269,0.4687,0.3234,0.9623,0.0377,0.2625,0.7375
1118696226784993300,0.0773,0.2787,0.4963,0.1478,0.8468,0.1532,0.0819,0.9181
4893597615,0.0311,0.0155,0.1011,0.8523,0.4688,0.5312,0.3257,0.6743
213663897,0.4269,0.165,0.2165,0.1916,0.167,0.833,0.5747,0.4253
761628959629013e3,0.1672,0.0767,0.4603,0.2959,0.0254,0.9746,0.0745,0.9255
64429619,0.0527,0.203,0.5793,0.165,7e-4,0.9993,0.009,0.991
704240354,0.0071,0.0057,0.4462,0.5409,0.9978,0.0022,0.3454,0.6546
4785465497,0.0084,0.0093,0.4239,0.5584,0.007,0.993,0.1012,0.8988
60891708,0.8084,0.1442,0.0332,0.0142,0.3332,0.6668,0.0339,0.9661
2308428420,0.0054,0.0124,0.4012,0.5811,1e-4,0.9999,0.0623,0.9377
98621885,0.0156,0.0043,0.1863,0.7938,0.799,0.201,0.7809,0.2191
1214047481467551700,0.0284,0.0248,0.4544,0.4924,0.9805,0.0195,0.0931,0.9069
1119289378466095100,0.0408,0.0859,0.6335,0.2398,0.3025,0.6975,0.0505,0.9495
78528549804655e4,0.0252,0.0268,0.5081,0.4399,0.9569,0.0431,0.3049,0.6951
1255214533,0.0031,0.0032,0.0307,0.9631,0.9918,0.0082,0.2743,0.7257
2711780581,0.0145,0.0149,0.637,0.3336,0.9998,2e-4,0.0171,0.9829
957747699750768600,0.114,0.0342,0.4169,0.4348,0.898,0.102,0.9246,0.0754
1088829239225450500,0.0647,0.0404,0.2269,0.668,0.9351,0.0649,0.7763,0.2237
274609186,0.0101,0.0057,0.2103,0.7739,0.9985,0.0015,0.3165,0.6835
1267822121696194600,0.0029,0.0037,0.1661,0.8273,0.0043,0.9957,0.1067,0.8933
1252231165685256200,0.0062,0.0579,0.3318,0.6041,0.9819,0.0181,0.1162,0.8838
69916592,0.8146,0.1474,0.0179,0.0202,0.2996,0.7004,0.0371,0.9629
21373306,0.0081,8e-4,0.0244,0.9668,0.0166,0.9834,0.2087,0.7913
225073016,0.0106,0.0084,0.4801,0.501,0.0048,0.9952,0.1385,0.8615
441080463,0.2014,0.2056,0.3219,0.2711,0.0099,0.9901,0.0075,0.9925
821264052110393300,0.1016,0.1654,0.412,0.321,0.9666,0.0334,0.3978,0.6022
9191890438243e5,0.0041,0.0137,0.4801,0.5021,0.9843,0.0157,0.1051,0.8949
578700957,0.281,0.1903,0.2487,0.28,0.7229,0.2771,0.1015,0.8985
2319382751,0.1835,0.1341,0.4858,0.1965,0.4838,0.5162,0.1071,0.8929
1191460160,0.0939,0.0276,0.0834,0.7951,0.8983,0.1017,0.9025,0.0975
2456819246,0.3431,0.2822,0.3047,0.07,0.3266,0.6734,0.1254,0.8746
734521849309204500,0.0191,0.2632,0.3995,0.3182,0.6985,0.3015,0.2105,0.7895
1242151829217181700,0.1525,0.0915,0.5605,0.1956,0.0324,0.9676,0.3283,0.6717
822583746067136500,0.174,0.0488,0.1839,0.5933,0.0226,0.9774,0.2329,0.7671
328605026,0.0706,0.0272,0.4465,0.4557,0.703,0.297,0.7107,0.2893
759142415374639100,0.0285,0.1288,0.728,0.1148,0.9962,0.0038,0.1316,0.8684
326357724,0.2334,0.059,0.4054,0.3021,0.2813,0.7187,0.7566,0.2434
59133866,0.0302,0.0833,0.5027,0.3838,0.9963,0.0037,0.1693,0.8307
1214222980898672600,0.0241,0.0132,0.2333,0.7294,0.8721,0.1279,0.8209,0.1791
2516329976,0.4342,0.2321,0.1844,0.1493,0.6432,0.3568,0.4766,0.5234
1173405077597565e3,0.2072,0.4234,0.2577,0.1117,0.5487,0.4513,0.0196,0.9804
1088919210313613300,0.0043,0.0057,0.0863,0.9037,0.0887,0.9113,0.5805,0.4195
282289522,0.0452,0.0692,0.3597,0.526,0.0343,0.9657,0.1183,0.8817
632413348,5e-4,1e-4,0.023,0.9764,0.9957,0.0043,0.6362,0.3638
138889809,0.163,0.3198,0.3578,0.1595,0.0612,0.9388,0.2645,0.7355
194075021,0.1343,0.2187,0.5281,0.1189,0.0993,0.9007,0.0244,0.9756
1196718857794281500,0.0545,0.1795,0.472,0.294,0.0247,0.9753,0.0716,0.9284
306887713,0.1126,0.0184,0.2514,0.6176,0.8699,0.1301,0.7617,0.2383
20753791,0.1086,0.0257,0.2185,0.6472,0.9179,0.0821,0.7128,0.2872
29958721,3e-4,0.0042,0.3235,0.6721,0.9984,0.0016,0.0188,0.9812
893225730959581200,0.0131,0.0012,0.0822,0.9034,0.9888,0.0112,0.9308,0.0692
21495581,0.0132,0.016,0.215,0.7559,0.028,0.972,0.1105,0.8895
92642858,0.3095,0.1779,0.2902,0.2224,0.6345,0.3655,0.0683,0.9317
1129237991040462800,0.0705,0.0314,0.6868,0.2113,0.0475,0.9525,0.1577,0.8423
68021407,0.0377,0.0035,0.0535,0.9054,0.3432,0.6568,0.784,0.216
246855596,0.0017,6e-4,0.0182,0.9794,0.0021,0.9979,0.0031,0.9969
471439412,0.003,0.2733,0.3458,0.3779,0.9809,0.0191,0.1255,0.8745
973508108440907800,0.0589,0.1135,0.6176,0.2099,0.0143,0.9857,0.1191,0.8809
93420401,0,4e-4,0.0119,0.9877,0.9999,1e-4,0.0098,0.9902
203374779,0.1767,0.7058,0.0885,0.0291,0.0879,0.9121,0.0054,0.9946
55573636,0.1237,0.0942,0.1693,0.6128,0.2433,0.7567,0.3601,0.6399
511558463,0.1493,0.368,0.2054,0.2772,0.9817,0.0183,0.0514,0.9486
500707517,0.485,0.1923,0.1469,0.1758,0.9409,0.0591,0.0699,0.9301
818739801855643600,0.5161,0.4181,0.0484,0.0174,0.7868,0.2132,0.0195,0.9805
797593595863703600,0.1662,0.1778,0.4187,0.2373,0.6005,0.3995,0.2905,0.7095
412270183,0.0504,0.0245,0.2807,0.6444,0.9834,0.0166,0.1459,0.8541
1202251686,0.0233,0.0621,0.7012,0.2134,0.0155,0.9845,0.0286,0.9714
722928727,7e-4,0.0125,0.2207,0.766,0.7045,0.2955,0.4167,0.5833
2233700450,0.198,0.145,0.4108,0.2461,0.9236,0.0764,0.2336,0.7664
291729129,0.0061,0.0022,0.0576,0.9342,0.9872,0.0128,0.3296,0.6704
16823666,0.1138,0.343,0.502,0.0411,0.0869,0.9131,0.0461,0.9539
757729404915101700,0.1746,0.1021,0.27,0.4533,0.1113,0.8887,0.4724,0.5276
941406175966490600,0.0163,0.0121,0.172,0.7996,0.0168,0.9832,0.6636,0.3364
885932371,0.0595,0.0674,0.5087,0.3644,0.479,0.521,0.1655,0.8345
1510095342,0.0291,0.0542,0.402,0.5147,0.9847,0.0153,0.28,0.72
840844553104064500,0.0192,0.177,0.6287,0.1751,0.9842,0.0158,0.0486,0.9514
596070046,0.0611,0.1629,0.5439,0.232,0.9954,0.0046,0.0513,0.9487
221928544,0.0442,0.1308,0.1236,0.7014,0.0364,0.9636,0.217,0.783
821940491952341e3,0.392,0.1112,0.2623,0.2346,0.0286,0.9714,0.218,0.782
1103081712605630500,0.0079,0.1198,0.2199,0.6523,0.1659,0.8341,0.0176,0.9824
1087677133,0.0507,0.0049,0.2538,0.6907,0.6086,0.3914,0.9834,0.0166
1275611912907247600,1e-4,0.0034,0.996,5e-4,0.8185,0.1815,0.0158,0.9842
634013830,0.157,0.1046,0.2321,0.5062,0.6454,0.3546,0.8274,0.1726
75184478,0.0411,0.0115,0.2062,0.7412,0.9576,0.0424,0.6654,0.3346
209706754,0.0433,0.0114,0.1747,0.7706,0.998,0.002,0.3329,0.6671
923459186,6e-4,9e-4,0.0525,0.946,0.9985,0.0015,0.5122,0.4878
2707645759,0.1349,0.0306,0.2079,0.6267,0.7768,0.2232,0.6725,0.3275
701651067512160300,0.0155,0.0107,0.2124,0.7614,0.0585,0.9415,0.273,0.727
461486301,0.0275,0.0083,0.258,0.7062,0.0223,0.9777,0.4629,0.5371
1323838680075804700,0.0554,0.0107,0.0745,0.8594,0.5827,0.4173,0.9865,0.0135
1270016285791977500,0.0229,0.0602,0.6651,0.2519,0.9858,0.0142,0.1425,0.8575
349349515,0.1235,0.0547,0.1432,0.6786,0.7008,0.2992,0.4646,0.5354
1178675958515150800,0.0028,5e-4,0.068,0.9287,0.998,0.002,0.6074,0.3926
1071258608455835600,0.0161,0.0046,0.1374,0.8419,0.2802,0.7198,0.1919,0.8081
122152563,0.4523,0.1426,0.1705,0.2345,0.7951,0.2049,0.8636,0.1364
45436047,0.0019,2e-4,0.0703,0.9276,0.6727,0.3273,0.4693,0.5307
1303395852375990300,0.0051,0.1694,0.7673,0.0582,0.0045,0.9955,0.0012,0.9988
2305620300,0.0151,0.0049,0.0686,0.9114,0.0159,0.9841,0.2417,0.7583
810507338,0.0234,0.0297,0.7042,0.2426,0.9639,0.0361,0.1345,0.8655
731818765495603200,0.0103,0.0381,0.128,0.8236,0.0876,0.9124,0.082,0.918
975362405248225300,0.3079,0.0914,0.2163,0.3844,0.8014,0.1986,0.419,0.581
2427849750,0.0069,0.0031,0.037,0.9531,0.9887,0.0113,0.3541,0.6459
1222201562111438800,0.0152,0.0378,0.3939,0.5532,0.982,0.018,0.2724,0.7276
27152825,0.0811,0.1554,0.4865,0.277,0.8097,0.1903,0.2888,0.7112
2490457877,0.1249,0.029,0.5692,0.277,0.0085,0.9915,0.0448,0.9552
2147605631,0.0795,0.1456,0.2159,0.5589,0.7678,0.2322,0.6796,0.3204
1297723750763331600,0.0696,0.3054,0.5384,0.0866,0.0374,0.9626,0.0212,0.9788
863914610864386e3,0.0081,0.0031,0.1336,0.8552,0.6061,0.3939,0.4594,0.5406
1268965110871208e3,0.278,0.2692,0.3406,0.1122,0.5695,0.4305,0.0342,0.9658
1116123968065482800,0.0263,0.1048,0.7098,0.1591,0.7031,0.2969,0.1041,0.8959
1248462142077980700,0.2702,0.1303,0.3504,0.2491,0.6825,0.3175,0.5617,0.4383
1221856075193909200,0.3236,0.2501,0.2652,0.1611,0.5671,0.4329,0.6256,0.3744
903678570698039300,0.001,0.0016,0.0586,0.9388,0.0049,0.9951,0.7162,0.2838
575640880,0.4833,0.3727,0.0883,0.0558,0.6819,0.3181,0.0353,0.9647
204983204,0.2309,0.1256,0.4474,0.1961,0.7254,0.2746,0.7851,0.2149
1279432146499715e3,0.3838,0.4768,0.0237,0.1156,0.3692,0.6308,0.0377,0.9623
2764208836,0.0133,0.0041,0.1281,0.8545,0.8041,0.1959,0.5736,0.4264
2284064586,0.2512,0.0515,0.347,0.3503,0.6352,0.3648,0.7702,0.2298
1323024079696273400,0.0162,0.0239,0.4796,0.4803,0.0086,0.9914,0.1221,0.8779
3956737300,0.006,0.0021,0.1912,0.8008,0.0052,0.9948,0.1426,0.8574
1288128561434497e3,0.1018,0.0847,0.549,0.2645,0.9792,0.0208,0.3851,0.6149
796377636767461400,0.1886,0.0645,0.2202,0.5267,0.2808,0.7192,0.7859,0.2141
963946083020918800,0.3053,0.1643,0.1944,0.336,0.1054,0.8946,0.2651,0.7349
1074462859,0.0359,0.1994,0.634,0.1307,0.7783,0.2217,0.5902,0.4098
189631229,0.0047,2e-4,0.0776,0.9175,0.8857,0.1143,0.5193,0.4807
2897840779,0.0022,0.0106,0.159,0.8282,0.9999,1e-4,0.001,0.999
16544735,0.5471,0.1607,0.2495,0.0428,0.0742,0.9258,0.0491,0.9509
1255570703782477800,0.0786,0.0122,0.378,0.5312,0.042,0.958,0.2456,0.7544
777023222705291300,0.007,8e-4,0.0153,0.9769,0.8541,0.1459,0.9668,0.0332
28104354,0.548,0.1995,0.2092,0.0433,0.6554,0.3446,0.142,0.858
1687970232,6e-4,0.0285,0.8968,0.0741,0.9831,0.0169,0.0064,0.9936
945865319159132200,0.0065,0.0404,0.7352,0.2179,0.011,0.989,0.1994,0.8006
44873670,0.023,0.1274,0.4423,0.4073,0.9846,0.0154,0.0344,0.9656
770615165603553300,0.1068,0.0605,0.4022,0.4305,0.6403,0.3597,0.5985,0.4015
920798336,0.0138,0.3721,0.4578,0.1562,0.9789,0.0211,0.0191,0.9809
15040726,0.0748,0.0076,0.1407,0.777,0.9739,0.0261,0.6986,0.3014
2544110296,0.2072,0.3348,0.4234,0.0346,0.0896,0.9104,0.0336,0.9664
70467553,0.0015,0.003,0.2107,0.7848,0.9882,0.0118,0.4924,0.5076
865953314323615700,0.0041,0.0159,0.009,0.971,0,1,5e-4,0.9995
1203763342147489800,1e-4,8e-4,0.016,0.983,0.9961,0.0039,0.1463,0.8537
1293922424543752200,0.0011,0.0189,0.7878,0.1922,0.0117,0.9883,0.0712,0.9288
928885370,0.1556,0.0819,0.1868,0.5757,0.9466,0.0534,0.8226,0.1774
797865281280479200,0.0467,0.0556,0.0903,0.8074,0.1705,0.8295,0.0548,0.9452
1172104260,0.2055,0.1857,0.3133,0.2955,0.6931,0.3069,0.417,0.583
66259470,0.0454,0.0327,0.3308,0.5911,0.0235,0.9765,0.8016,0.1984
30395344,0.0278,0.0111,0.1901,0.771,0.903,0.097,0.8955,0.1045
2760395261,0.441,0.0323,0.0568,0.47,0.5644,0.4356,0.8781,0.1219
577387565,0.0206,0.3328,0.4501,0.1965,0.6441,0.3559,0.0177,0.9823
37416081,0.0043,0.016,0.0794,0.9003,0.9997,3e-4,0.0192,0.9808
797672744749961200,0.0033,0.1392,0.7096,0.1478,0.9905,0.0095,0.0154,0.9846
1268511286993621e3,0.0909,0.0849,0.3898,0.4344,0.8228,0.1772,0.2435,0.7565
186430361,0.0778,0.0391,0.2645,0.6186,0.8747,0.1253,0.5206,0.4794
3391603780,0.0161,0.0533,0.3218,0.6089,0.9811,0.0189,0.3055,0.6945
299166903,0.0099,0.001,0.0612,0.9279,0.508,0.492,0.7217,0.2783
1233214906683609e3,0.1034,0.1177,0.4941,0.2848,0.7468,0.2532,0.1212,0.8788
89491245,1e-4,1e-4,0.0147,0.985,0.0036,0.9964,0.4199,0.5801
1162001903615697e3,0.0011,0.001,0.0121,0.9857,0.5398,0.4602,0.052,0.948
22180314,0.0139,0.1027,0.6379,0.2455,0.9619,0.0381,0.0331,0.9669
16067067,0.2152,0.1192,0.21,0.4555,0.7576,0.2424,0.1296,0.8704
27439198,0.0028,0.0065,0.3086,0.6821,0.9955,0.0045,0.5068,0.4932
45502121,0.1392,0.0451,0.6511,0.1646,0.3194,0.6806,0.2314,0.7686
220198982,0.0183,0.0324,0.3392,0.6101,0.9531,0.0469,0.076,0.924
716140200,0.062,0.0684,0.3726,0.497,0.937,0.063,0.4256,0.5744
1221460081319075800,0.0091,0.0014,0.1091,0.8804,0.7996,0.2004,0.7296,0.2704
6165492,0.0063,0.0057,0.1529,0.8351,0.0343,0.9657,0.2071,0.7929
31409241,9e-4,9e-4,0.0254,0.9727,0.0016,0.9984,0.0113,0.9887
1424383484,0.1206,0.0912,0.3611,0.4272,0.0575,0.9425,0.477,0.523
525750541,0.0424,0.3859,0.4148,0.1569,0.9744,0.0256,0.008,0.992
2765448346,0.0038,0.0889,0.2231,0.6842,0.9656,0.0344,0.4728,0.5272
838810277667811300,0.0132,0.0298,0.5199,0.4371,0.011,0.989,0.1111,0.8889
1007709791714791400,0.2929,0.0777,0.0857,0.5437,0.6045,0.3955,0.7357,0.2643
2277062681,0.0403,0.0285,0.3994,0.5317,0.0325,0.9675,0.1173,0.8827
893521010267443200,0.0583,0.1443,0.4854,0.312,0.2864,0.7136,0.1079,0.8921
461748408,8e-4,0.0053,0.6187,0.3751,0.999,0.001,0.0568,0.9432
106623354,0.0173,0.0089,0.5519,0.422,0.9847,0.0153,0.4113,0.5887
27385174,0.2281,0.1047,0.3591,0.3081,0.1181,0.8819,0.0859,0.9141
454406172,0.0048,0.0078,0.0543,0.9331,0.9997,3e-4,0.0114,0.9886
73184211,0.0037,0.0014,0.0502,0.9447,0.9883,0.0117,0.5164,0.4836
551071154,0.045,0.0258,0.605,0.3243,0.0042,0.9958,0.0583,0.9417
38475879,0.0035,0.0013,0.0893,0.9059,0.993,0.007,0.627,0.373
15072238,0.0032,0.0255,0.9673,0.004,0.0045,0.9955,0.0065,0.9935
143120827,0.0052,0.0018,0.0735,0.9196,0.983,0.017,0.6654,0.3346
829074632317734900,0.0972,0.026,0.1933,0.6836,0.5669,0.4331,0.9268,0.0732
1290693635441332200,0.0056,0.0622,0.6675,0.2647,0.9938,0.0062,0.0518,0.9482
1177838062786744300,0.0921,0.0161,0.1775,0.7143,0.8883,0.1117,0.3294,0.6706
1624284144,4e-4,8e-4,0.0173,0.9815,0.0037,0.9963,0.1403,0.8597
1100596928679723e3,0.0032,0.0082,0.0508,0.9378,0.0271,0.9729,0.2474,0.7526
2452511965,0.1968,0.1249,0.2053,0.473,0.731,0.269,0.3959,0.6041
235429872,0.3447,0.2345,0.2021,0.2187,0.9449,0.0551,0.4058,0.5942
1316022413147029500,0.0236,0.0182,0.1828,0.7754,0.0376,0.9624,0.0226,0.9774
15902877,0.0396,0.0074,0.1134,0.8396,0.0112,0.9888,0.0953,0.9047
1631510382,0.0138,0.0114,0.1628,0.812,0.996,0.004,0.0802,0.9198
421081811,0.0046,0.0027,0.0716,0.9211,0.8775,0.1225,0.7946,0.2054
2648573187,0.2226,0.3043,0.3548,0.1183,0.9913,0.0087,0.0149,0.9851
8.7680888333072794e+17,0.0162,0.0024,0.1412,0.8402,0.998,0.002,0.3232,0.6768
822444246569549800,0.1959,0.0808,0.2278,0.4955,0.9133,0.0867,0.8496,0.1504
1021070292872060900,0.1157,0.0234,0.2216,0.6393,0.0346,0.9654,0.2735,0.7265
46965171,0.1181,0.0041,0.0378,0.84,0.0115,0.9885,0.0914,0.9086
17665633,0.006,0.0019,0.0899,0.9022,0.37,0.63,0.7635,0.2365
2201016251,0.0255,0.0024,0.0882,0.8839,0.6815,0.3185,0.7315,0.2685
366173698,0.1798,0.3181,0.3457,0.1564,0.1348,0.8652,0.0671,0.9329
293303772,0.2858,0.1434,0.2486,0.3221,0.9183,0.0817,0.4232,0.5768
898584751694651400,0.1775,0.0212,0.1593,0.642,0.3591,0.6409,0.8471,0.1529
58209656,0.0099,0.0158,0.3917,0.5826,0.9935,0.0065,0.2894,0.7106
1226385103552643e3,0.0055,0.0036,0.2712,0.7197,0.9428,0.0572,0.3054,0.6946
182801679,0.1567,0.0408,0.299,0.5035,0.9529,0.0471,0.1582,0.8418
1886674237,0.0873,0.3321,0.4582,0.1223,0.4581,0.5419,0.0578,0.9422
51318700,0.0052,0.0021,0.1221,0.8706,0.9661,0.0339,0.5507,0.4493
251270758,0.1971,0.1101,0.4693,0.2236,0.4799,0.5201,0.6513,0.3487
792560925979009e3,0.0056,0.0125,0.2081,0.7738,0.9855,0.0145,0.2219,0.7781
1099075483453538300,0.1331,0.1483,0.5018,0.2168,0.2867,0.7133,0.081,0.919
1010899055348670500,0.0102,0.0195,0.2519,0.7184,0.0246,0.9754,0.1529,0.8471
1139675666784366600,0.168,0.5385,0.1748,0.1187,0.7835,0.2165,0.2031,0.7969
1196932936811110400,0.0144,0.0011,0.0766,0.9079,0.5936,0.4064,0.3627,0.6373
81128135,0.5944,0.2402,0.1064,0.0591,0.337,0.663,0.0567,0.9433
74749913,0.0503,0.1127,0.6604,0.1766,0.5397,0.4603,0.0858,0.9142
34056170,0.5217,0.1793,0.212,0.087,0.11,0.89,0.3117,0.6883
721557104092274700,0.1065,0.0126,0.1109,0.77,0.719,0.281,0.2911,0.7089
2468693881,0.011,0.0502,0.4156,0.5233,0.9977,0.0023,0.2113,0.7887
787736606195277800,0.4554,0.2713,0.1127,0.1605,0.6053,0.3947,0.28,0.72
1053051360046915600,0.2768,0.2752,0.3771,0.0708,0.4801,0.5199,0.1075,0.8925
2282264175,0.0301,0.0149,0.1818,0.7732,0.7628,0.2372,0.2957,0.7043
7143752,0.0431,0.287,0.3348,0.3351,0.9329,0.0671,0.0449,0.9551
1668450684,0.3557,0.21560000000000001,0.3286,0.1002,0.1802,0.8198,0.0662,0.9338
1277330960862904300,0.0437,0.0158,0.3355,0.605,0.0344,0.9656,0.2258,0.7742
1438434624,0.013,0.0057,0.069,0.9124,0.0855,0.9145,0.0525,0.9475
68568046,2e-4,0.0094,0.5867,0.4037,0.9991,9e-4,0.0701,0.9299
939641580566335500,0.022,0.0241,0.4867,0.4671,0.0047,0.9953,0.1134,0.8866
384098986,0.0277,0.002,0.06,0.9102,0.8407,0.1593,0.9831,0.0169
1259175921535389700,0.0327,0.0045,0.1635,0.7992,0.9897,0.0103,0.8844,0.1156
362564173,0.177,0.188,0.3942,0.2408,0.6391,0.3609,0.3061,0.6939
21013005,0.0342,0.0575,0.5557,0.3525,0.9898,0.0102,0.1328,0.8672
931543948081774600,0.0052,0.022,0.3112,0.6616,0.9494,0.0506,0.0959,0.9041
962936234,0.1928,0.407,0.2421,0.1581,0.1079,0.8921,0.0229,0.9771
37080099,0.0656,0.2178,0.4184,0.2983,0.464,0.536,0.2312,0.7688
702854044415610900,0.0137,0.1414,0.479,0.3658,0.0326,0.9674,0.059,0.941
1560813024,8e-4,0.0018,0.0733,0.9242,0.9933,0.0067,0.1099,0.8901
1271049472051683300,0.1742,0.4558,0.2755,0.0945,0.9402,0.0598,0.033,0.967
216928263,0.0104,0.0045,0.0744,0.9108,0.1015,0.8985,0.6462,0.3538
620116710,0.1061,0.0481,0.1761,0.6697,0.8305,0.1695,0.8427,0.1573
1262670168,0.0029,6e-4,0.0413,0.9552,0.7278,0.2722,0.483,0.517
1153586021994340400,0.3696,0.0599,0.1444,0.4261,0.7381,0.2619,0.8364,0.1636
16546064,0.0704,0.0909,0.5,0.3388,0.0666,0.9334,0.276,0.724
22662914,0.5388,0.167,0.1811,0.1131,0.7087,0.2913,0.5432,0.4568
178301444,0.005,0.0316,0.9313,0.0321,0.0511,0.9489,0.0217,0.9783
796575152607731700,0.6856,0.1494,0.1154,0.0495,0.723,0.277,0.0647,0.9353
38017081,0.1998,0.3103,0.3272,0.1627,0.8897,0.1103,0.2016,0.7984
23684807,0.005,0.0022,0.072,0.9208,0.9825,0.0175,0.1712,0.8288
37926263,0.0838,0.513,0.3946,0.0085,0.0813,0.9187,0.0057,0.9943
4144059087,0.0021,0.0081,0.4919,0.4979,0.0193,0.9807,0.0814,0.9186
818674213,0.1779,0.2166,0.367,0.2385,0.9611,0.0389,0.1023,0.8977
1053326702888304600,0.0046,0.0019,0.0462,0.9474,0.9696,0.0304,0.2504,0.7496
34842822,0.0353,0.0225,0.2405,0.7017,0.3461,0.6539,0.3497,0.6503
838800042961973200,0.071,0.2625,0.225,0.4415,0.0231,0.9769,0.0766,0.9234
960227019215683600,0.3057,0.4164,0.2465,0.0314,0.1215,0.8785,0.0097,0.9903
770190922512535600,0.1513,0.0322,0.5257,0.2908,0.0099,0.9901,0.2451,0.7549
895814938995957800,0.0316,0.0264,0.4953,0.4468,0.0032,0.9968,0.149,0.851
1296220709539262500,0.0115,0.0217,0.0826,0.8842,0.8176,0.1824,0.7919,0.2081
892709184084426800,0.0614,0.075,0.458,0.4057,0.9603,0.0397,0.1881,0.8119
31215405,0.2468,0.0996,0.3648,0.2888,0.8795,0.1205,0.492,0.508
1081860866,0.2728,0.1793,0.3451,0.2027,0.1611,0.8389,0.1962,0.8038
949474222761537500,0.1177,0.0167,0.2466,0.619,0.8496,0.1504,0.9111,0.0889
320461497,0.0951,0.0224,0.1284,0.7542,0.9718,0.0282,0.3474,0.6526
2954900717,0.0226,0.0074,0.5003,0.4698,0.0184,0.9816,0.1324,0.8676
59747649,0.19,0.0411,0.3465,0.4224,0.9575,0.0425,0.6516,0.3484
80918962,0.1526,0.087,0.3782,0.3823,0.3835,0.6165,0.0631,0.9369
343318422,0.266,0.0827,0.2172,0.4341,0.86240000000000006,0.1376,0.8239,0.1761
1295002287144865800,0.0148,0.0066,0.0196,0.9591,0.8854,0.1146,0.8347,0.1653
106390017,0.0112,0.0415,0.4603,0.487,0.0342,0.9658,0.2535,0.7465
710466647954432e3,0.0594,0.0243,0.4223,0.494,0.0125,0.9875,0.4371,0.5629
1051359863840878600,0.0614,0.041,0.3821,0.5155,0.8305,0.1695,0.7051,0.2949
112209850,5e-4,0.0035,0.6445,0.3516,1,0,0.0135,0.9865
377735553,0.0869,0.1885,0.5845,0.1402,0.1992,0.8008,0.0208,0.9792
122837924,0.0127,0.0049,0.0766,0.9058,0.9586,0.0414,0.5919,0.4081
31539939,0.0284,0.0229,0.3629,0.5857,1,0,3e-4,0.9997
394404097,0.3024,0.3495,0.1896,0.1584,0.9377,0.0623,0.1164,0.8836
32510863,0.0105,0.0266,0.2519,0.711,0.9624,0.0376,0.4549,0.5451
31445882,0.1388,0.0405,0.3188,0.5019,0.175,0.825,0.6539,0.3461
788186395596685300,5e-4,0.0041,0.0156,0.9798,3e-4,0.9997,0.0041,0.9959
1292273724478103600,0.0162,0.0218,0.279,0.6829,0.011,0.989,0.3255,0.6745
716784760354443300,0.1822,0.2644,0.4336,0.1198,0.3536,0.6464,0.2792,0.7208
1011019441725898800,0.0122,0.011,0.1883,0.7885,0.8957,0.1043,0.3372,0.6628
1031537112,0.0162,0.0448,0.373,0.566,0.9542,0.0458,0.094,0.906
630807965,0.0332,0.1519,0.6729,0.1419,0.9774,0.0226,0.0411,0.9589
1257742946461515800,0.0103,0.0088,0.2549,0.726,0.0164,0.9836,0.0765,0.9235
17945261,0.5022,0.2573,0.1808,0.0597,0.1858,0.8142,0.0141,0.9859
3948838337,0.0037,0.0145,0.2496,0.7323,0.013,0.987,0.1351,0.8649
3367805842,0.0087,0.0051,0.5862,0.4,0.0197,0.9803,0.3333,0.6667
381399271,0.0996,0.1447,0.4012,0.3544,0.9689,0.0311,0.0338,0.9662
3999594700,0.0339,0.0058,0.1106,0.8497,0.7803,0.2197,0.6709,0.3291
1311353460621742e3,0.0351,0.0913,0.5968,0.2769,0.0024,0.9976,0.1165,0.8835
1321271877428482e3,0.5355,0.189,0.1766,0.0989,0.7907,0.2093,0.3306,0.6694
68471344,0.1948,0.1151,0.5259,0.1642,0.22,0.78,0.5342,0.4658
19543692,0.026,0.0012,0.0116,0.9612,0.8319,0.1681,0.9402,0.0598
1226426209,0.0806,0.2068,0.2214,0.4912,0.6606,0.3394,0.5836,0.4164
3291520875,0.0066,0.0351,0.8333,0.125,0.9999,1e-4,7e-4,0.9993
503444105,0.15,0.0986,0.3762,0.3753,0.9441,0.0559,0.346,0.654
157495665,0.0763,0.0911,0.4031,0.4295,0.9589,0.0411,0.168,0.832
2840559600,0.1274,0.1773,0.3671,0.3282,0.951,0.049,0.4102,0.5898
16043205,0.279,0.0788,0.2242,0.418,0.9126,0.0874,0.6241,0.3759
4822750516,0.2178,0.3014,0.3622,0.1186,0.0557,0.9443,0.0399,0.9601
774351112237350900,0.0324,0.0208,0.6594,0.2875,0.9854,0.0146,0.1408,0.8592
16504112,0.0203,0.0049,0.3282,0.6466,0.009,0.991,0.3067,0.6933
483520056,0.0138,0.0045,0.0664,0.9153,0.084,0.916,0.3007,0.6993
1100723065527435300,0.2097,0.1551,0.2461,0.3891,0.7162,0.2838,0.4228,0.5772
376471477,0.0668,0.0385,0.148,0.7467,0.1148,0.8852,0.6875,0.3125
232086329,0,0.0087,0.9774,0.0139,1,0,2e-4,0.9998
1309467718282813400,0.3487,0.1113,0.1411,0.3989,0.6891,0.3109,0.5108,0.4892
478899060,0.0343,0.0199,0.4008,0.545,0.0552,0.9448,0.1526,0.8474
167600207,0.0784,0.0591,0.4106,0.4519,0.9932,0.0068,0.2634,0.7366
119479520,0.0271,0.0987,0.1383,0.7359,0.984,0.016,0.152,0.848
90955096,0.0014,0.0209,0.2139,0.7638,0.0337,0.9663,0.0713,0.9287
1373397420,0.0045,0.3213,0.6419,0.0323,0.0175,0.9825,0.0015,0.9985
337704245,0.1771,0.5246,0.2647,0.0335,0.67490000000000006,0.3251,0.1756,0.8244
470692075,0.8206,0.0866,0.0355,0.0573,0.794,0.206,0.0453,0.9547
28788222,0.0065,0.0136,0.1441,0.8359,0.9937,0.0063,0.154,0.846
734752946605396e3,0.0608,0.0146,0.1176,0.807,0.812,0.188,0.6175,0.3825
282852336,0.0822,0.4373,0.1907,0.2898,0.4253,0.5747,0.2003,0.7997
3032393326,0.2425,0.1029,0.3265,0.3281,0.7179,0.2821,0.8284,0.1716
2150601056,0.1444,0.0486,0.1819,0.625,0.8907,0.1093,0.8954,0.1046
3403437316,0.0698,0.0122,0.2403,0.6777,0.0167,0.9833,0.3124,0.6876
1255207844422381600,0.0159,0.2736,0.6221,0.0884,0.0236,0.9764,0.0164,0.9836
218169246,0.1628,0.1737,0.3564,0.3071,0.81,0.19,0.1533,0.8467
48310513,0.0051,0.0122,0.9213,0.0613,0.9628,0.0372,0.1599,0.8401
884810186141163500,0.0079,0.0274,0.4784,0.4864,0.9999,1e-4,0.0142,0.9858
4202151411,0.2913,0.0732,0.1638,0.4717,0.9076,0.0924,0.5568,0.4432
891561071802273800,0.1279,0.0567,0.2945,0.5209,0.955,0.045,0.5581,0.4419
1281967752,0.0082,0.0011,0.0451,0.9457,0.0025,0.9975,0.5341,0.4659
704805650,0.0756,0.2369,0.2999,0.3875,0.8137,0.1863,0.3563,0.6437
1293770120431575e3,0.0404,0.016,0.0379,0.9057,0.0189,0.9811,0.1694,0.8306
308737004,4e-4,2e-4,0.0643,0.9352,0.9996,4e-4,0.0769,0.9231
1070276413779959800,0.025,0.0066,0.2263,0.742,0.8316,0.1684,0.9337,0.0663
789583277396938800,0.2034,0.0137,0.0919,0.691,0.8918,0.1082,0.971,0.029
172883388,0.1964,0.4435,0.3181,0.042,0.0757,0.9243,0.0101,0.9899
842448923767775200,0.0881,0.0455,0.4708,0.3957,0.0583,0.9417,0.582,0.418
279683174,0.0092,0.0019,0.0373,0.9516,0.8409,0.1591,0.88,0.12
108915226,0.0177,0.021,0.3946,0.5666,0.1001,0.8999,0.1049,0.8951
15657019,0.7265,0.0432,0.1685,0.0618,0.9023,0.0977,0.7512,0.2488
2858425068,0.0023,0.0092,0.6625,0.326,0.0118,0.9882,0.1293,0.8707
337478760,0,0,9e-4,0.999,0.0555,0.9445,0.0428,0.9572
74146374,0.0136,0.0045,0.0409,0.941,0.8125,0.1875,0.6574,0.3426
1235611915688317e3,0.0099,0.0343,0.0335,0.9223,0.8153,0.1847,0.8462,0.1538
57012308,0.036,0.026,0.3545,0.5835,0.9956,0.0044,0.1397,0.8603
39933116,0.2407,0.1577,0.4594,0.1422,0.0308,0.9692,0.3486,0.6514
1307667410481184800,0.284,0.5082,0.1234,0.0844,0.4198,0.5802,0.2659,0.7341
981118670092013600,0.0092,0.0692,0.7362,0.1854,0.0242,0.9758,0.0125,0.9875
102252387,0.043,0.2656,0.36,0.3314,0.083,0.917,0.1548,0.8452
182559028,0.1773,0.0348,0.2071,0.5808,0.6657,0.3343,0.8801,0.1199
1227955541382750200,0.0243,0.0195,0.2947,0.6614,0.9977,0.0023,0.1604,0.8396
147799780,0.228,0.0156,0.1147,0.6417,0.7478,0.2522,0.9568,0.0432
132743629,0.39,0.1619,0.3327,0.1153,0.8994,0.1006,0.3676,0.6324
20954829,0.0074,0.0227,0.4282,0.5416,0.0144,0.9856,0.1231,0.8769
20275274,0.1244,0.0722,0.3145,0.4889,0.9901,0.0099,0.7259,0.2741
3583325718,0.0035,0.0411,0.3659,0.5895,0.0274,0.9726,0.1716,0.8284
519436877,0.0641,0.0573,0.2391,0.6394,0.977,0.023,0.3461,0.6539
61563443,1e-4,1e-4,0.0055,0.9944,0.0078,0.9922,0.2081,0.7919
1296475689382604800,0.0367,0.0496,0.4473,0.4664,0.4139,0.5861,0.1125,0.8875
2997961486,0.1196,0.0442,0.3466,0.4896,0.9611,0.0389,0.3,0.7
806375497269674e3,0.064,0.0171,0.1954,0.7235,0.0145,0.9855,0.4495,0.5505
1227611121735078e3,0.364,0.1703,0.2781,0.1876,0.9825,0.0175,0.0427,0.9573
144079590,0.0855,0.0933,0.4256,0.3955,0.8063,0.1937,0.3322,0.6678
787380887428096e3,0.0052,0.0015,0.0674,0.9259,0.0097,0.9903,0.2398,0.7602
1275716299621048300,0.0464,0.0576,0.4971,0.3989,0.326,0.674,0.4664,0.5336
2296659496,0.0035,0.0302,0.4281,0.5382,0.7042,0.2958,0.0864,0.9136
345021595,0.0494,0.0212,0.4067,0.5227,0.0498,0.9502,0.0559,0.9441
2921025601,0.0606,0.0908,0.3334,0.5153,0.8822,0.1178,0.4526,0.5474
2315854633,0.017,0.0152,0.2139,0.754,0.9926,0.0074,0.2699,0.7301
1030593792334864400,0.0577,0.0231,0.1703,0.7489,0.4453,0.5547,0.8835,0.1165
242187443,0.4235,0.0946,0.1829,0.299,0.3396,0.6604,0.2076,0.7924
74178202,0.1905,0.191,0.3291,0.2894,0.947,0.053,0.1127,0.8873
1021501729425252400,0.2333,0.0802,0.2014,0.485,0.9591,0.0409,0.8789,0.1211
252667299,0.1195,0.1737,0.4873,0.2195,0.9974,0.0026,0.3568,0.6432
1007516856435949600,5e-4,0.0021,0.0151,0.9823,1,0,2e-4,0.9998
1303512118629728300,0.0047,0.0035,0.107,0.8848,0.9847,0.0153,0.1184,0.8816
22755982,0.0109,0.1122,0.5747,0.3022,0.9959,0.0041,0.04,0.96
905854769381597200,0.0148,0.1608,0.7904,0.0341,0.0067,0.9933,0.0424,0.9576
127601835,1e-4,2e-4,0.0087,0.9911,0.0036,0.9964,0.6705,0.3295
933277127503482900,0.0101,8e-4,0.0655,0.9237,0.9819,0.0181,0.8904,0.1096
3115898899,0.7391,0.1372,0.0681,0.0556,0.9052,0.0948,0.0171,0.9829
91667718,0.0272,0.087,0.5274,0.3584,0.6325,0.3675,0.378,0.622
1319601914384838700,0.0198,0.0055,0.1567,0.818,0.9575,0.0425,0.3992,0.6008
17250790,2e-4,2e-4,0.0038,0.9958,0.9885,0.0115,0.1693,0.8307
480790173,0.0906,0.0997,0.4668,0.3429,0.6006,0.3994,0.158,0.842
708552551407468500,0.0553,0.0336,0.3779,0.5332,0.9757,0.0243,0.3438,0.6562
145450191,0.1826,0.0124,0.1395,0.6655,0.3211,0.6789,0.6192,0.3808
5804172,0.0331,0.2986,0.4014,0.2668,0.1203,0.8797,0.1644,0.8356
785573922532057100,0.1063,0.0247,0.2193,0.6498,0.7834,0.2166,0.774,0.226
1223356417,0.0335,0.0194,0.4053,0.5417,0.5461,0.4539,0.7105,0.2895
1050829880278085600,0.1224,0.4347,0.3547,0.0883,0.0434,0.9566,0.102,0.898
967217147146457100,0.0262,0.0212,0.0753,0.8774,0.9153,0.0847,0.2994,0.7006
995074773267853300,0.0177,0.0409,0.262,0.6795,0.9776,0.0224,0.3798,0.6202
58388941,0.3455,0.3028,0.1943,0.1574,0.3575,0.6425,0.1356,0.8644
1113918446109114400,0.3523,0.135,0.3161,0.1965,0.45,0.55,0.3475,0.6525
606080691,0.0308,0.2882,0.5495,0.1315,0.1862,0.8138,0.018,0.982
115469737,0.2412,0.2699,0.3215,0.1674,0.1618,0.8382,0.0503,0.9497
323508477,0.0059,8e-4,0.0408,0.9526,0.3788,0.6212,0.2759,0.7241
438704241,0.0391,0.3415,0.5035,0.1158,3e-4,0.9997,0.004,0.996
56612266,0.07,0.0199,0.2556,0.6544,0.9509,0.0491,0.9406,0.0594
981819236992634900,0.509,0.2754,0.1206,0.095,0.8358,0.1642,0.0642,0.9358
1136163416857546800,0.0477,0.1619,0.5282,0.2622,0.9775,0.0225,0.1708,0.8292
1028529317561679900,0.0015,9e-4,0.1737,0.8239,0.9504,0.0496,0.4504,0.5496
1300876071852675e3,0.0788,0.1764,0.51,0.2349,0.7907,0.2093,0.0222,0.9778
1639088322,0.0194,0.019,0.1073,0.8544,0.6096,0.3904,0.4573,0.5427
1242656228666257400,0.0486,0.2134,0.2928,0.4452,0.9984,0.0016,0.1658,0.8342
55342810,0.0118,0.0978,0.1417,0.7486,0.9177,0.0823,0.1223,0.8777
233777599,0.1135,0.8446,0.0355,0.0064,0.9776,0.0224,0.0026,0.9974
32686899,0.0828,0.3057,0.5464,0.0651,0.9652,0.0348,0.0206,0.9794
1069518099399893e3,0.0251,0.0093,0.2671,0.6986,0.9257,0.0743,0.3111,0.6889
1320943090601988e3,0.0233,0.0142,0.1599,0.8026,0.6608,0.3392,0.471,0.529
616211109,0.1429,0.0771,0.2529,0.5272,0.7077,0.2923,0.7272,0.2728
788983104861982700,0.0106,0.0057,0.4342,0.5496,0.0051,0.9949,0.1529,0.8471
1944771998,0.2988,0.1504,0.3762,0.1746,0.9558,0.0442,0.1583,0.8417
548828785,0.0088,0.0175,0.2817,0.692,0.8364,0.1636,0.2121,0.7879
23406733,0.1158,0.0188,0.132,0.7334,0.6844,0.3156,0.9013,0.0987
173242630,0.1185,0.0636,0.6447,0.1732,0.0573,0.9427,0.0867,0.9133
94272424,0.0173,0.0209,0.4797,0.4821,0.0063,0.9937,0.0917,0.9083
1120481726,0.1445,0.0144,0.141,0.7001,0.7023,0.2977,0.9423,0.0577
1297396614395502600,0.0325,0.0365,0.369,0.562,0.9736,0.0264,0.2212,0.7788
26565185,0.0017,0.0018,0.1315,0.865,0.3098,0.6902,0.3466,0.6534
31687470,0.0016,6e-4,0.0772,0.9205,0.9954,0.0046,0.2516,0.7484
45092806,0.0793,0.0082,0.0649,0.8475,0.8459,0.1541,0.8382,0.1618
424806929,0.0067,0.1644,0.7488,0.0801,0.8528,0.1472,0.0676,0.9324
22858373,0.226,0.0392,0.2747,0.4602,0.8425,0.1575,0.2464,0.7536
3189093031,0.0011,9e-4,0.0375,0.9605,0.9969,0.0031,0.3208,0.6792
1254464291312287700,0.389,0.3093,0.1753,0.1264,0.857,0.143,0.1442,0.8558
1060155285145354200,0.0841,0.167,0.439,0.31,0.9021,0.0979,0.1433,0.8567
931187312,0.0224,0.003,0.0361,0.9385,0.8453,0.1547,0.9251,0.0749
315336823,6e-4,0.012,0.3746,0.6128,0.9975,0.0025,0.1258,0.8742
742862069221855200,0.0014,5e-4,0.0199,0.9782,0.7939,0.2061,0.8965,0.1035
773226821169008600,0.0774,0.1659,0.3636,0.3931,0.0816,0.9184,0.053,0.947
593360775,0.0189,0.0226,0.1447,0.8137,0.991,0.009,0.4738,0.5262
311726847,0.0528,0.0226,0.2809,0.6437,0.045,0.955,0.2528,0.7472
995154581725241300,0.0749,0.3489,0.2893,0.2868,0.0891,0.9109,0.03,0.97
866312745339174900,0.1667,0.0566,0.3022,0.4746,0.0639,0.9361,0.1648,0.8352
1183822538779922400,0.0061,0.0275,0.3318,0.6345,0.0558,0.9442,0.3544,0.6456
471123838,0.0307,0.2251,0.5407,0.2035,0.0611,0.9389,0.1339,0.8661
708640650464460800,0.0012,0.004,0.2278,0.7671,0.9961,0.0039,0.3961,0.6039
404486738,3e-4,7e-4,0.0146,0.9844,0.9999,1e-4,8e-4,0.9992
2773673031,0.0341,0.067,0.6407,0.2581,0.8091,0.1909,0.3064,0.6936
1656034184,0.3103,0.1589,0.4194,0.1114,0.0617,0.9383,0.1708,0.8292
1261190879798321200,0.2544,0.0662,0.2904,0.389,0.8168,0.1832,0.7712,0.2288
118427896,0.2808,0.0907,0.2303,0.3982,0.9093,0.0907,0.1738,0.8262
91184277,0.0106,0.0025,0.2492,0.7377,0.9955,0.0045,0.7462,0.2538
1120833054,0.0126,0.004,0.10780000000000001,0.8755,0.0302,0.9698,0.6997,0.3003
18779483,0.0032,0.0027,0.7647,0.2294,0.9912,0.0088,0.1829,0.8171
1291741148,0.0209,0.2112,0.2799,0.488,0.1687,0.8313,0.1001,0.8999
795832924537032700,0.1136,0.1309,0.2076,0.5479,0.4576,0.5424,0.7965,0.2035
939669472683495400,0.0012,4e-4,0.027,0.9714,0.997,0.003,0.3302,0.6698
115401154,0.0376,0.0045,0.2135,0.7444,0.957,0.043,0.6208,0.3792
968773566,0.2078,0.0762,0.3413,0.3747,0.9673,0.0327,0.2287,0.7713
1217485943742943200,0.0063,0.2787,0.7001,0.0149,2e-4,0.9998,0.0029,0.9971
49651032,0.1723,0.1091,0.2671,0.4516,0.8873,0.1127,0.5807,0.4193
1075219525,0.0403,0.0049,0.1315,0.8233,0.9123,0.0877,0.8388,0.1612
13335792,0.3684,0.3528,0.1977,0.0811,0.7726,0.2274,0.2065,0.7935
2764357665,0.0028,0.0035,0.5083,0.4854,0.0082,0.9918,0.0777,0.9223
46572592,0.0053,0.0052,0.0915,0.8981,0.9828,0.0172,0.1814,0.8186
2772974411,0.0168,0.0156,0.2031,0.7645,0.9156,0.0844,0.3326,0.6674
309368540,0.1536,0.0046,0.1466,0.6951,0.3405,0.6595,0.949,0.051
333186174,0.2168,0.1811,0.4182,0.1839,0.9309,0.0691,0.1209,0.8791
49725343,0.0052,0.0203,0.5739,0.4006,0.9947,0.0053,0.1125,0.8875
163632330,0.0014,6e-4,0.0063,0.9917,0,1,8e-4,0.9992
4616697135,0.0116,0.007,0.1447,0.8367,0.0171,0.9829,0.3596,0.6404
390329838,0.2165,0.1766,0.4338,0.1731,0.9597,0.0403,0.1041,0.8959
1302718368512979e3,0.0271,0.0044,0.1144,0.8541,0.8796,0.1204,0.2597,0.7403
971015137,0.138,0.2629,0.5856,0.0135,0.1524,0.8476,0.0226,0.9774
253637278,0.7044,0.1111,0.0856,0.0989,0.5801,0.4199,0.8012,0.1988
1420905277,0.0107,0.009,0.2011,0.7792,0.9937,0.0063,0.2899,0.7101
827570782083567600,0.0088,0.0029,0.0473,0.941,0.4463,0.5537,0.5862,0.4138
927754342660153300,0.0087,0.0012,0.1304,0.8597,0.09,0.91,0.5393,0.4607
874439532229181400,0.0183,0.0376,0.6262,0.3179,0.9806,0.0194,0.1859,0.8141
86401303,0.0308,0.4569,0.2494,0.2629,0.3169,0.6831,0.0633,0.9367
21656972,0.0594,0.0578,0.11,0.7728,0.0812,0.9188,0.572,0.428
1077334027298893800,0.0601,0.5326,0.2518,0.1554,0.9922,0.0078,0.0247,0.9753
880527055879667700,0.2667,0.0521,0.1238,0.5574,0.8346,0.1654,0.8086,0.1914
710111395,0.0201,0.0551,0.0376,0.8872,0.9096,0.0904,0.6952,0.3048
27480609,0.1046,0.1925,0.3071,0.3958,0.9411,0.0589,0.2551,0.7449
798408901,0.0065,0.0063,0.1099,0.8773,0.8183,0.1817,0.6776,0.3224
25159425,0.0011,0.0403,0.7669,0.1918,5e-4,0.9995,0.0077,0.9923
1644659580,0.6265,0.1599,0.1169,0.0968,0.7993,0.2007,0.2044,0.7956
905530725310402600,0.0119,0.0041,0.094,0.8901,0.7204,0.2796,0.1655,0.8345
74895418,0.0011,0.0011,0.0486,0.9492,0.9654,0.0346,0.4308,0.5692
272609766,0.0148,0.0292,0.5423,0.4137,0.0133,0.9867,0.044,0.956
2888798206,0.0088,0.0182,0.6925,0.2805,0.9977,0.0023,0.1295,0.8705
2265868639,0.0052,0.0405,0.4519,0.5023,0.9428,0.0572,0.2091,0.7909
4854844535,0.0145,0.0098,0.0872,0.8884,0.9923,0.0077,0.0914,0.9086
988921689651097600,0.0023,0.0066,0.0609,0.9301,0.0337,0.9663,0.4316,0.5684
76866234,0.0033,0.0052,0.2681,0.7233,0.9749,0.0251,0.5669,0.4331
556955675,0.0048,0.0356,0.6073,0.3523,0.9924,0.0076,0.0428,0.9572
1.1944586462283039e+18,0.0307,0.1067,0.3139,0.5487,0.8267,0.1733,0.182,0.818
310729330,0.0192,0.0079,0.0909,0.882,1e-4,0.9999,0.0035,0.9965
2857931818,0.282,0.1778,0.2785,0.2617,0.8608,0.1392,0.3285,0.6715
326356678,0.0118,0.0131,0.2677,0.7074,0.9814,0.0186,0.222,0.778
1287793863994769400,0.016,0.0857,0.4978,0.4004,3e-4,0.9997,6e-4,0.9994
718180530835984400,0.0478,0.0152,0.0889,0.8482,0.9065,0.0935,0.8806,0.1194
48361333,0.0086,0.0085,0.1254,0.8575,0.124,0.876,0.1652,0.8348
888101307751555100,0.0082,0.0158,0.4793,0.4967,0.9934,0.0066,0.5427,0.4573
3273686822,0.129,0.0779,0.2474,0.5457,0.7852,0.2148,0.186,0.814
1084317171247923200,0.0407,0.1774,0.6592,0.1227,0.594,0.406,0.0372,0.9628
1045460708090150900,0.1276,0.6424,0.1981,0.032,0.0304,0.9696,0.0059,0.9941
45085156,0.0888,0.1894,0.4764,0.2454,0.9812,0.0188,0.1762,0.8238
322094170,0.002,0.0082,0.4168,0.5731,0.002,0.998,0.2103,0.7897
3241824974,0.0331,0.06,0.438,0.4689,0.6185,0.3815,0.2993,0.7007
2166653307,0.05,0.0065,0.2704,0.6731,0.4589,0.5411,0.8303,0.1697
466167674,3e-4,0.0025,0.0245,0.9727,0.9996,4e-4,0.0016,0.9984
2432391961,0.0029,0.0077,0.1434,0.846,0.99,0.01,0.099,0.901
345040562,0.1077,0.1845,0.4651,0.2427,0.4157,0.5843,0.5527,0.4473
562124338,6e-4,0.006,0.239,0.7545,0.9967,0.0033,0.1676,0.8324
940794840144580600,0.0762,0.0383,0.2105,0.675,0.4941,0.5059,0.6451,0.3549
86885010,0.0396,0.0281,0.2872,0.6452,0.9257,0.0743,0.5707,0.4293
1251664468683169800,0.0016,4e-4,0.0108,0.9871,0.9997,3e-4,0.0057,0.9943
1284367569319649300,0.0055,0.0038,0.0378,0.9529,0.9871,0.0129,0.4101,0.5899
16469917,0.0893,0.1055,0.4384,0.3668,0.9899,0.0101,0.4735,0.5265
1279026215899234300,0.1244,0.012,0.1377,0.7259,0.8026,0.1974,0.9586,0.0414
2912215553,0.0541,0.0376,0.1979,0.7104,0.9868,0.0132,0.2581,0.7419
4543085935,0.1251,0.0914,0.373,0.4105,0.6678,0.3322,0.3268,0.6732
3379549883,0.0132,0.0035,0.0499,0.9335,0.9575,0.0425,0.7306,0.2694
483285087,0.061,0.1483,0.6941,0.0967,0.0118,0.9882,0.0442,0.9558
788881459692003300,0.0263,0.0602,0.324,0.5895,0.9828,0.0172,0.2483,0.7517
1147937372157415400,0.0383,0.0299,0.7321,0.1996,0.865,0.135,0.2147,0.7853
917098904985985e3,0.4689,0.2377,0.193,0.1004,0.5359,0.4641,0.1173,0.8827
45860124,0.1383,0.0633,0.4445,0.354,0.1418,0.8582,0.8589,0.1411
1049087499425988600,0.2902,0.1946,0.2137,0.3016,0.9196,0.0804,0.0729,0.9271
133806735,0.1214,0.377,0.46,0.0417,0.9679,0.0321,0.0125,0.9875
1249862961105166300,0.0333,0.0676,0.3525,0.5467,0.9897,0.0103,0.2086,0.7914
1273533232156475400,0.0041,0.0014,0.3123,0.6822,0.7536,0.2464,0.6005,0.3995
3830912607,0.0243,0.031,0.3746,0.5701,0.991,0.009,0.7097,0.2903
193883484,0.2862,0.0562,0.1384,0.5192,0.6434,0.3566,0.9377,0.0623
1139029234163245e3,0.345,0.1275,0.2045,0.323,0.7366,0.2634,0.4624,0.5376
1352604722,0.0132,0.0522,0.4114,0.5231,0.8422,0.1578,0.1284,0.8716
523859534,0.0058,0.0011,0.0396,0.9535,0.9967,0.0033,0.2302,0.7698
784217769659162600,0.0544,0.152,0.7395,0.0541,0.9934,0.0066,0.0876,0.9124
445065141,0.0043,0.0028,0.046,0.9469,0.0657,0.9343,0.4058,0.5942
774699551764525e3,0.0078,0.0942,0.7122,0.1858,0.9942,0.0058,0.0286,0.9714
118313453,0.016,0.0716,0.7444,0.1679,0.9698,0.0302,0.103,0.897
54504018,0.0462,0.0033,0.0901,0.8604,0.0585,0.9415,0.126,0.874
66373,0.0765,0.0856,0.2487,0.5892,0.9713,0.0287,0.3316,0.6684
354230802,0.006,0.0211,0.298,0.67490000000000006,0.0112,0.9888,0.0884,0.9116
425372108,0.0167,0.0142,0.4003,0.5688,0.9942,0.0058,0.432,0.568
15376887,0.0219,0.0633,0.2162,0.6986,0.2347,0.7653,0.2987,0.7013
1676592752,0.0291,0.0713,0.4868,0.4128,0.8331,0.1669,0.2505,0.7495
3300701236,0.1111,0.1294,0.3614,0.3981,0.911,0.089,0.2065,0.7935
938912107415838700,0.1556,0.0477,0.4611,0.3355,0.8391,0.1609,0.818,0.182
721174773468950500,0.0119,0.0246,0.813,0.1506,0.9947,0.0053,0.0579,0.9421
3071619504,0.1066,0.1046,0.6417,0.1471,0.7911,0.2089,0.0892,0.9108
865024784681365500,0.5594,0.0376,0.1709,0.2321,0.0347,0.9653,0.0215,0.9785
3324710323,6e-4,5e-4,0.0805,0.9184,0.0038,0.9962,0.1311,0.8689
36817896,0.0566,0.1677,0.555,0.2207,0.8871,0.1129,0.0895,0.9105
1573092924,0.4357,0.2778,0.1499,0.1366,0.9388,0.0612,0.042,0.958
42787174,0.0369,0.031,0.464,0.468,0.1218,0.8782,0.219,0.781
1119823675426058200,1e-4,4e-4,0.3297,0.6698,0.9981,0.0019,0.2262,0.7738
8754802,0.1782,0.22,0.2913,0.3104,0.9918,0.0082,0.0544,0.9456
1462996729,0.0313,0.0054,0.0395,0.9238,0.6615,0.3385,0.8439,0.1561
32913110,0.0207,0.0267,0.3229,0.6296,0.0043,0.9957,0.1508,0.8492
4143465622,0.0432,0.117,0.633,0.2067,0.9834,0.0166,0.0336,0.9664
1213333466722394e3,0.0027,0.0014,0.2924,0.7035,0.9996,4e-4,0.2861,0.7139
1034516515981283300,0.2075,0.133,0.1369,0.5225,0.5352,0.4648,0.0296,0.9704
1195291552752554e3,0.0048,0.0237,0.8322,0.1393,0.0111,0.9889,0.2137,0.7863
138727147,0.0294,0.1121,0.1455,0.7129,0.2888,0.7112,0.1549,0.8451
1191540193096011800,0.2115,0.3228,0.4064,0.0592,0.1077,0.8923,0.0162,0.9838
827358042253582300,0.0701,0.0744,0.3926,0.4629,0.7832,0.2168,0.2731,0.7269
613876677,0.022,0.0019,0.0444,0.9316,0.7933,0.2067,0.3612,0.6388
19204554,8e-4,0.0022,0.2013,0.7957,0.9992,8e-4,0.2532,0.7468
1066107019126628400,0.1142,0.0737,0.3883,0.4238,0.2087,0.7913,0.4259,0.5741
860560126981353500,0.0056,0.0458,0.4826,0.4661,0.9946,0.0054,0.2687,0.7313
2993840216,0.3515,0.2086,0.2733,0.1665,0.2273,0.7727,0.3743,0.6257
467836717,0.0107,0.0117,0.7135,0.2641,0.0029,0.9971,0.3663,0.6337
1238981685280153600,0.0053,0.0025,0.115,0.8772,0.9418,0.0582,0.123,0.877
905891532460499e3,0.0012,0.0104,0.1102,0.8781,0.0087,0.9913,0.0424,0.9576
750417422520377300,0.4778,0.305,0.1058,0.1114,0.9402,0.0598,0.1009,0.8991
49814549,0.0217,0.0106,0.1579,0.8098,0.9464,0.0536,0.6683,0.3317
238056254,0.2869,0.5473,0.1178,0.048,0.7589,0.2411,0.0221,0.9779
790890933801914400,0.0116,0.1625,0.6153,0.2107,0.9964,0.0036,0.057,0.943
901922382033465300,0.1203,0.0685,0.3443,0.4669,0.806,0.194,0.6022,0.3978
21277181,5e-4,2e-4,0.0158,0.9835,0.0063,0.9937,0.185,0.815
956685275408711700,0.0503,0.0408,0.161,0.7478,0.3019,0.6981,0.7115,0.2885
15711730,0.0012,5e-4,0.0237,0.9746,0.9583,0.0417,0.6864,0.3136
1604161819,0.2043,0.1779,0.355,0.2628,0.5046,0.4954,0.0857,0.9143
124444346,0.0316,0.018,0.2648,0.6857,0.4826,0.5174,0.5293,0.4707
352488648,0.0224,0.0075,0.1478,0.8223,0.0128,0.9872,0.5727,0.4273
90036756,0.0342,0.04,0.5226,0.4032,0.019,0.981,0.0306,0.9694
1276885145610588200,0.0035,0.0737,0.474,0.4489,0.0837,0.9163,0.0551,0.9449
270746819,0.0633,0.0769,0.2166,0.6432,4e-4,0.9996,0.0053,0.9947
70270489,0.011,0.0108,0.2885,0.6897,0.9708,0.0292,0.13,0.87
1275534028607611e3,0.0024,0.0014,0.0624,0.9338,0.0102,0.9898,0.4379,0.5621
773154576094683100,0.1082,0.1889,0.456,0.2468,0.0222,0.9778,0.3418,0.6582
4196754560,0.3922,0.1538,0.2376,0.2164,0.2587,0.7413,0.1022,0.8978
3219807445,0.1402,0.0485,0.1931,0.6182,0.9556,0.0444,0.1443,0.8557
2970656245,0.182,0.1593,0.3941,0.2647,0.0186,0.9814,0.0471,0.9529
3370622183,1e-4,4e-4,0.047,0.9525,0.0068,0.9932,0.2662,0.7338
748030722,0.1181,0.1181,0.3684,0.3954,0.959,0.041,0.1345,0.8655
18143008,0.0086,0.0155,0.1955,0.7804,0.984,0.016,0.0268,0.9732
733877766274187300,0.1139,0.0843,0.3015,0.5003,0.073,0.927,0.665,0.335
36640836,0.0035,0.003,0.1596,0.834,0.9991,9e-4,0.1681,0.8319
200296764,0.0679,0.0362,0.1633,0.7327,0.8804,0.1196,0.6863,0.3137
140881333,0.0042,0.0027,0.463,0.5301,0.0069,0.9931,0.1215,0.8785
2322988729,0.0392,0.0087,0.1832,0.7689,0.5705,0.4295,0.9585,0.0415
1159824374104354800,0.0033,0.0014,0.1396,0.8557,0.9973,0.0027,0.7451,0.2549
23540181,0.0164,0.0965,0.2654,0.6218,0.9797,0.0203,0.0983,0.9017
97315486,0.0641,0.1723,0.316,0.4476,0.1745,0.8255,0.5607,0.4393
77384554,0.0042,0.0079,0.12,0.8679,0.9178,0.0822,0.6071,0.3929
1077232969549598700,0.1057,0.0797,0.0959,0.7187,0.943,0.057,0.3927,0.6073
2598407142,0.103,0.0386,0.339,0.5194,0.6408,0.3592,0.6783,0.3217
1090706330845831200,0.1086,0.0163,0.0925,0.7825,0.5707,0.4293,0.9588,0.0412
3003031099,0.0066,8e-4,0.0266,0.9659,0.4292,0.5708,0.4707,0.5293
167625243,0.0392,0.0101,0.2049,0.7458,0.9245,0.0755,0.5364,0.4636
368144980,0.0013,0.0447,0.3206,0.6333,1e-4,0.9999,1e-4,0.9999
27888421,0.0239,0.0186,0.1794,0.778,0.9125,0.0875,0.9561,0.0439
776606126,0.0284,0.1297,0.6766,0.1653,0.0514,0.9486,0.0679,0.9321
1169368672953151500,0.1155,0.0145,0.0355,0.8345,0.4824,0.5176,0.9777,0.0223
1905114859,0.4359,0.0821,0.1846,0.2974,0.6189,0.3811,0.6592,0.3408
301006691,0.0188,0.2243,0.4835,0.2734,0.8431,0.1569,0.0122,0.9878
901747375,7e-4,0.0055,0.8799,0.1139,0.9999,1e-4,0.0272,0.9728
12392512,0.008,0.0043,0.1361,0.8516,0.2982,0.7018,0.3489,0.6511
51139059,0.0491,0.0364,0.1602,0.7544,0.7803,0.2197,0.1834,0.8166
37793243,0.3186,0.0278,0.0848,0.5688,0.9208,0.0792,0.9826,0.0174
1065258881708777500,0.0561,0.478,0.2526,0.2133,0.9648,0.0352,0.254,0.746
1135042201803731e3,0.0041,0.0012,0.0429,0.9517,0.0047,0.9953,0.1354,0.8646
14752383,0.2671,0.1293,0.0984,0.5052,0.4144,0.5856,0.7304,0.2696
781178431,0.0362,0.0047,0.1837,0.7754,0.6763,0.3237,0.8869,0.1131
130777004,0.0214,0.007,0.1739,0.7977,0.974,0.026,0.5079,0.4921
4002102525,0.2286,0.4336,0.2713,0.0664,0.0753,0.9247,0.013,0.987
824406896488673300,0.5444,0.3495,0.086,0.0201,0.927,0.073,0.0211,0.9789
1299559351548547e3,0.0477,0.0175,0.2096,0.7253,0.6197,0.3803,0.7669,0.2331
374008576,0.1515,0.5792,0.1661,0.1032,0.0548,0.9452,0.0257,0.9743
731292058283974700,0.1275,0.0544,0.2867,0.5314,0.345,0.655,0.7781,0.2219
18456220,0.07,0.0552,0.3263,0.5485,0.892,0.108,0.7487,0.2513
267278663,0.0089,0.0584,0.6096,0.323,0.13,0.87,0.0809,0.9191
2273680110,0.0077,0.0065,0.1402,0.8456,0.9959,0.0041,0.2842,0.7158
553240271,0.0159,0.0044,0.0746,0.9051,0.6894,0.3106,0.8886,0.1114
134993271,0.0185,0.0061,0.1157,0.8597,0.8632,0.1368,0.824,0.176
1069820899,0.0414,0.007,0.0728,0.8788,0.4212,0.5788,0.9507,0.0493
247000146,0.0406,0.0162,0.1937,0.7495,0.9177,0.0823,0.4423,0.5577
4185462795,0.004,0.0146,0.9126,0.0689,0.0032,0.9968,0.0302,0.9698
724599002,0.0017,0.0044,0.0825,0.9114,0.9926,0.0074,0.0665,0.9335
81179015,0.1596,0.0419,0.4804,0.3181,0.9711,0.0289,0.634,0.366
3325022811,0.265,0.2798,0.3475,0.10780000000000001,0.9451,0.0549,0.0617,0.9383
797549215434084400,9e-4,0.0023,0.0865,0.9103,0.9987,0.0013,0.4417,0.5583
200412787,0.1139,0.5256,0.311,0.0495,0.6906,0.3094,0.0722,0.9278
997136441309249500,0.0543,0.0248,0.3351,0.5858,0.9966,0.0034,0.6053,0.3947
16834614,0.0113,0.0052,0.1054,0.8781,0.0306,0.9694,0.2754,0.7246
756255959039606800,0.0077,0.3353,0.5404,0.1165,0.2507,0.7493,0.011,0.989
1189637735356567600,0.056,0.0364,0.2619,0.6457,0.98740000000000006,0.0126,0.2495,0.7505
249769762,0.1382,0.0196,0.0363,0.8059,0.5061,0.4939,0.5961,0.4039
247374262,0,2e-4,2e-4,0.9996,0.001,0.999,2e-4,0.9998
872230649310183400,0.057,0.0394,0.2135,0.6901,0.8831,0.1169,0.6979,0.3021
828631407312457700,0.06,0.0096,0.1642,0.7662,0.9456,0.0544,0.3072,0.6928
1173618348,0.2063,0.1512,0.2612,0.3814,0.6401,0.3599,0.2471,0.7529
122428400,0.3151,0.2086,0.2696,0.2067,0.5576,0.4424,0.4397,0.5603
21800690,0.0876,0.256,0.4631,0.1933,0.9905,0.0095,0.0242,0.9758
1003173164,0.0114,0.0079,0.4821,0.4985,0.9996,4e-4,0.4252,0.5748
1170429567980527600,0.0213,0.2457,0.3835,0.3495,7e-4,0.9993,0.0186,0.9814
243820194,0.0636,0.1509,0.5328,0.2527,0.2266,0.7734,0.1876,0.8124
937844362033197e3,0.0165,0.0065,0.2438,0.7332,0.7676,0.2324,0.8177,0.1823
2817633026,0.0042,0.0075,0.5185,0.4699,0.9999,1e-4,0.0076,0.9924
1358290958,0,1e-4,0.0068,0.9931,0.9144,0.0856,0.5127,0.4873
1033968080680939500,0.1486,0.0109,0.4868,0.3537,0.6156,0.3844,0.7908,0.2092
1268532146429452300,0.0755,0.0157,0.6232,0.2856,1,0,0.0398,0.9602
1300288250188148700,0.0226,0.02,0.269,0.6885,0.917,0.083,0.1877,0.8123
902040648,0.0398,0.019,0.3221,0.6191,0.968,0.032,0.1268,0.8732
46808663,0.1122,0.2058,0.5205,0.1615,0.7944,0.2056,0.2905,0.7095
1246570655660658700,0.0217,0.0035,0.0778,0.897,0.2181,0.7819,0.8747,0.1253
238323181,0.0309,0.0673,0.3415,0.5602,0.04,0.96,0.0226,0.9774
18034266,0.0123,0.0115,0.1364,0.8399,0.9878,0.0122,0.6644,0.3356
967850890576179200,0.04,0.0572,0.3466,0.5562,0.9296,0.0704,0.1222,0.8778
488293587,0.0129,0.0021,0.0971,0.8879,0.3677,0.6323,0.5092,0.4908
2441986746,0.0038,0.0061,0.3279,0.6622,0.0104,0.9896,0.2094,0.7906
1258272573579763700,0.4993,0.1005,0.1932,0.207,0.092,0.908,0.1417,0.8583
1247508888,0.0567,0.0944,0.5349,0.3139,0.7909,0.2091,0.2464,0.7536
172026027,0.459,0.211,0.1893,0.1407,0.5253,0.4747,0.8264,0.1736
330636420,0.0327,0.0651,0.491,0.4112,0.0771,0.9229,0.0444,0.9556
979567770827415600,0.0302,0.031,0.3181,0.6206,0.9664,0.0336,0.1433,0.8567
1513231340,6e-4,0.0027,0.1841,0.8126,0.0049,0.9951,0.4728,0.5272
3050618241,0.7123,0.171,0.0756,0.0411,0.8401,0.1599,0.0678,0.9322
1144814393235918800,0.024,0.0332,0.4466,0.4963,0.0082,0.9918,0.4256,0.5744
1605620784,0.0047,0.0144,0.2314,0.7494,0.0897,0.9103,0.1826,0.8174
836571402325078e3,0.1363,0.1114,0.4887,0.2635,0.0551,0.9449,0.1601,0.8399
3310185230,0.1767,0.1067,0.2825,0.4341,0.6937,0.3063,0.5733,0.4267
3055302056,0.0799,0.0559,0.6176,0.2467,0.1217,0.8783,0.1302,0.8698
1138196680082374700,0.6164,0.2495,0.0529,0.0812,0.477,0.523,0.1145,0.8855
49516074,0.0677,0.0469,0.3236,0.5618,0.9579,0.0421,0.4799,0.5201
295995195,0.2542,0.0988,0.2818,0.3652,0.9589,0.0411,0.6079,0.3921
820138415022710800,3e-4,2e-4,0.0193,0.9802,0.9952,0.0048,0.2889,0.7111
1269926179630276600,0.0527,0.013,0.0692,0.8651,0.8775,0.1225,0.8411,0.1589
1155867319878312e3,0.015,0.0528,0.7697,0.1625,0.9546,0.0454,0.0417,0.9583
1079880858541191200,0.01,0.0053,0.8634,0.1212,1,0,2e-4,0.9998
911725813,0.0036,0.0093,0.1464,0.8407,0.0098,0.9902,0.3741,0.6259
1360581206,0.0013,0.0162,0.545,0.4375,0.9939,0.0061,0.186,0.814
1345313383,0.0399,0.006,0.2066,0.7475,0.0599,0.9401,0.2627,0.7373
1034234734669389800,0.2051,0.4881,0.189,0.1178,0.8405,0.1595,0.1067,0.8933
336669928,0.2942,0.374,0.2342,0.0976,0.9551,0.0449,0.1702,0.8298
503605056,0.0721,0.1885,0.5568,0.1825,5e-4,0.9995,0.0018,0.9982
1274497529258733600,0.0387,0.018,0.2684,0.675,0.0076,0.9924,0.2574,0.7426
727705955492888600,0.0186,0.0427,0.5291,0.4096,0.0274,0.9726,0.048,0.952
45233651,0.0075,0.004,0.0804,0.9081,0.9782,0.0218,0.45,0.55
1020319719625306100,0.0528,0.0178,0.2646,0.6648,0.9735,0.0265,0.2593,0.7407
376248457,0.0021,0.0029,0.0197,0.9752,0.0854,0.9146,0.1681,0.8319
37771543,0.15,0.1033,0.2406,0.5061,0.7665,0.2335,0.2704,0.7296
931289130,0.2287,0.1437,0.3648,0.2628,0.0977,0.9023,0.0831,0.9169
46782828,0.0456,0.0379,0.4025,0.514,0.1176,0.8824,0.2689,0.7311
1317290701755981800,0.0394,0.1248,0.6879,0.148,0.9588,0.0412,0.0322,0.9678
830988254275055600,0.2709,0.2537,0.3918,0.0836,0.0563,0.9437,0.0646,0.9354
19930519,0.0181,0.017,0.172,0.793,0.9887,0.0113,0.2417,0.7583
3413917049,0.0881,0.0427,0.2583,0.6108,0.696,0.304,0.4217,0.5783
3229321526,0.0724,0.0183,0.125,0.7844,0.0754,0.9246,0.3136,0.6864
1.2088604450015519e+18,0.0044,0.0212,0.2973,0.6771,0.9062,0.0938,0.2919,0.7081
2943351271,0.4052,0.0931,0.3148,0.1868,0.8001,0.1999,0.701,0.299
865157534,0.0102,0.0623,0.8252,0.1023,0.9999,1e-4,5e-4,0.9995
172442943,0.0857,0.0086,0.1073,0.7984,0.436,0.564,0.9739,0.0261
128120704,0.0737,0.1567,0.489,0.2806,0.0427,0.9573,0.0383,0.9617
1.3157012502314721e+18,0.1532,0.4237,0.3033,0.1198,0.0915,0.9085,0.0294,0.9706
811376016,0.3085,0.5585,0.1155,0.0175,0.1218,0.8782,0.019,0.981
166134301,0.2988,0.2518,0.196,0.2534,0.5305,0.4695,0.0724,0.9276
27938485,0.0215,0.0575,0.2694,0.6517,0.0518,0.9482,0.1748,0.8252
130921871,0.0552,0.0399,0.0947,0.8101,0.8731,0.1269,0.8486,0.1514
954107073767399400,0.0511,0.0688,0.5211,0.359,0.9794,0.0206,0.0774,0.9226
243944088,6e-4,7e-4,0.0427,0.956,0.9999,1e-4,0.0193,0.9807
4451883796,0.0148,0.0061,0.0942,0.8848,0.985,0.015,0.2738,0.7262
895347487233462300,0.0072,0.0207,0.5823,0.3899,0.9854,0.0146,0.1415,0.8585
885517404,0.0993,0.1362,0.4568,0.3076,0.1524,0.8476,0.1154,0.8846
1217911420735516700,0.0099,0.0501,0.222,0.7181,0.9848,0.0152,0.1256,0.8744
382514476,0.0164,0.0501,0.3425,0.591,0.8753,0.1247,0.2679,0.7321
800676133075202e3,0.2369,0.0239,0.2362,0.5031,0.9344,0.0656,0.717,0.283
899410913207488500,0.4625,0.1004,0.1591,0.278,0.9851,0.0149,0.9425,0.0575
1829300720,0.1403,0.1204,0.296,0.4433,0.5541,0.4459,0.7336,0.2664
1323492877822054400,0.006,0.0161,0.2619,0.716,0.63,0.37,0.3499,0.6501
813277292206166e3,0.5532,0.3563,0.0478,0.0427,0.2743,0.7257,0.0067,0.9933
15077542,0.0528,0.0311,0.2681,0.6479,0.3575,0.6425,0.6352,0.3648
330491855,0.0019,0.0033,0.1019,0.893,0.0074,0.9926,0.356,0.644
276115813,0.0051,0.0043,0.0779,0.9127,0.003,0.997,0.1843,0.8157
1103815174920626200,0.1216,0.1794,0.4317,0.2674,0.1363,0.8637,0.1278,0.8722
2263491734,0.0105,0.0087,0.1362,0.8447,0.86240000000000006,0.1376,0.5893,0.4107
143311631,0.0033,0.0191,0.2213,0.7563,0.9986,0.0014,0.1914,0.8086
792372833460551700,1e-4,5e-4,0.0639,0.9355,0.9998,2e-4,0.414,0.586
14819246,0.1268,0.03,0.1825,0.6607,0.381,0.619,0.6067,0.3933
882357070204424200,0.0277,0.025,0.097,0.8502,0.9308,0.0692,0.2205,0.7795
103470715775565e4,0.0529,0.064,0.4958,0.3872,0.0207,0.9793,0.2307,0.7693
747965454,8e-4,0.0036,0.0696,0.9261,0.85,0.15,0.4446,0.5554
4031842703,0.0097,0.0038,0.0303,0.9563,0.132,0.868,0.5408,0.4592
4334235089,0.2553,0.0149,0.0812,0.6486,0.6396,0.3604,0.9848,0.0152
927611394987642900,0.0071,0.062,0.6692,0.2617,0.008,0.992,0.2025,0.7975
523545241,0.0921,0.0125,0.3287,0.5667,0.4032,0.5968,0.6084,0.3916
321190259,0.0083,0.0705,0.2803,0.6409,0.9723,0.0277,0.2763,0.7237
977852576468156400,0.001,5e-4,0.0297,0.9689,0.0031,0.9969,0.0543,0.9457
23994626,0.1447,0.1334,0.4477,0.2742,0.6026,0.3974,0.2767,0.7233
805089899997253600,0.0032,0.0213,0.487,0.4885,0.9584,0.0416,0.1087,0.8913
3581716035,0.5005,0.2757,0.1562,0.0676,0.7547,0.2453,0.137,0.863
1296605604195311600,0.0115,0.0391,0.3254,0.624,0.2377,0.7623,0.0213,0.9787
954399180209913900,0.0374,0.8806,0.0708,0.0112,0.0311,0.9689,0.0085,0.9915
1228230626,0.695,0.1274,0.1431,0.0344,0.9036,0.0964,0.1742,0.8258
1940133968,0.0389,0.0582,0.7106,0.1922,0.0227,0.9773,0.0343,0.9657
223322764,6e-4,0.0045,0.9471,0.0477,3e-4,0.9997,0.0056,0.9944
1320296442179711e3,0.0151,0.0327,0.4454,0.5068,0.0963,0.9037,0.2966,0.7034
14589340,0.0054,0.0139,0.1656,0.8152,0.9773,0.0227,0.1252,0.8748
1037477217171853300,0.0039,9e-4,0.0445,0.9507,0.9984,0.0016,0.3182,0.6818
3254524106,0.0778,0.196,0.2825,0.4437,0.9169,0.0831,0.0379,0.9621
972692134406049800,0.1329,0.0359,0.367,0.4643,0.5457,0.4543,0.8606,0.1394
118199574,0.0302,0.1299,0.4755,0.3644,0.0574,0.9426,0.2821,0.7179
1293420349783187500,0.0085,0.0025,0.2132,0.7757,0.9995,5e-4,0.76,0.24
944011345619574800,0.0014,0.0407,0.6448,0.313,0.9999,1e-4,0.0025,0.9975
67328417,0.0145,0.0085,0.4347,0.5423,0.9984,0.0016,0.6565,0.3435
26597633,0.0037,0.0023,0.0515,0.9425,0.8031,0.1969,0.6504,0.3496
903356820848349200,0.3049,0.1225,0.2697,0.3028,0.7126,0.2874,0.2782,0.7218
1283839559323844600,0.0286,0.0247,0.2828,0.6639,0.6969,0.3031,0.3424,0.6576
18411221,0.0292,0.045,0.2754,0.6504,0.8924,0.1076,0.089,0.911
945499180637872100,0.0376,0.0328,0.1665,0.7631,0.9761,0.0239,0.6834,0.3166
763864434716573700,5e-4,0.0027,0.8646,0.1322,2e-4,0.9998,0.0038,0.9962
773282446070587400,0.166,0.3886,0.3092,0.1361,0.9679,0.0321,0.0355,0.9645
179621873,0.0421,0.0413,0.1803,0.7362,0.9514,0.0486,0.5498,0.4502
853399966303256600,0.0677,0.0804,0.3933,0.4586,0.6593,0.3407,0.4137,0.5863
489636537,0.0062,0.0058,0.2007,0.7873,0.7598,0.2402,0.3992,0.6008
1279318443985076200,0.0515,0.0165,0.1974,0.7346,0.9952,0.0048,0.4141,0.5859
304556626,0.0403,0.0227,0.3467,0.5904,0.0061,0.9939,0.0921,0.9079
516512723,0.2838,0.4074,0.2592,0.0496,0.9884,0.0116,0.0955,0.9045
130048481668574e4,0.0907,0.0772,0.3923,0.4398,0.9732,0.0268,0.061,0.939
1168564339378401300,0.0597,0.327,0.2907,0.3226,0.1477,0.8523,0.1565,0.8435
913550041,0.0114,0.0015,0.1125,0.8745,0.9109,0.0891,0.7278,0.2722
977899788,0.03,0.0124,0.1372,0.8204,0.8352,0.1648,0.9162,0.0838
60216046,5e-4,1e-4,0.0126,0.9868,0.9972,0.0028,0.4699,0.5301
18711636,0.0018,0.0029,0.0445,0.9508,0.0097,0.9903,0.1049,0.8951
3351309777,0.2996,0.1764,0.2515,0.2725,0.1647,0.8353,0.1842,0.8158
173945478,0.0555,0.0323,0.3247,0.5874,0.8228,0.1772,0.8008,0.1992
1141027980,0.0042,0.0019,0.0629,0.931,0.5772,0.4228,0.5664,0.4336
985480160576245800,0.004,0.2198,0.5175,0.2586,0.9913,0.0087,0.0438,0.9562
87735027,0.0145,0.0157,0.4088,0.561,0.9989,0.0011,0.4871,0.5129
913241125950955500,0.0132,0.0056,0.1135,0.8676,0.9925,0.0075,0.2973,0.7027
3232044576,0.1161,0.4695,0.1602,0.2542,0.3932,0.6068,0.3653,0.6347
173814209,5e-4,4e-4,0.032,0.9671,0.002,0.998,0.119,0.881
1012873808301232100,0.1181,0.0405,0.1788,0.6626,0.1129,0.8871,0.5034,0.4966
2943342353,0.2023,0.1691,0.4929,0.1357,0.0725,0.9275,0.2557,0.7443
952619255228334100,0.2806,0.3199,0.3211,0.0784,0.7574,0.2426,0.06,0.94
2736931361,0.0152,0.0073,0.2918,0.6857,0.0152,0.9848,0.0923,0.9077
246359917,0.0196,0.1088,0.3638,0.5079,0.9988,0.0012,0.0892,0.9108
3231231409,0.0013,0.0022,0.9039,0.0925,0.9984,0.0016,0.0368,0.9632
3139351942,0.0702,0.4133,0.2756,0.241,0.0292,0.9708,0.0576,0.9424
110849452,0.1279,0.0744,0.3221,0.4756,0.9606,0.0394,0.256,0.744
268160113,0.0319,0.0167,0.1318,0.8195,0.7593,0.2407,0.8989,0.1011
93976042,0.2991,0.4138,0.2057,0.0815,0.9821,0.0179,0.0273,0.9727
8.2225093543082394e+17,0.1613,0.086,0.4244,0.3284,0.9247,0.0753,0.8306,0.1694
3413095636,0.0853,0.1393,0.6083,0.1671,0.9891,0.0109,0.0774,0.9226
42798610,5e-4,0.0021,0.2768,0.7206,0.0073,0.9927,0.0293,0.9707
568016521,0.0167,0.0167,0.3129,0.6537,0.8152,0.1848,0.4796,0.5204
492802122,0.0548,0.0176,0.2538,0.6738,0.9723,0.0277,0.6734,0.3266
894436309,0.0011,0.0149,0.2769,0.707,0.9869,0.0131,0.0439,0.9561
781107480361246700,0.0421,0.0068,0.7929,0.1583,0.9932,0.0068,0.7362,0.2638
4414484896,0.0723,0.3343,0.141,0.4524,0.6864,0.3136,0.0467,0.9533
2409731749,0.0978,0.6616,0.2318,0.0088,0.0304,0.9696,0.002,0.998
219313914,0.0765,0.0357,0.1386,0.7492,0.9259,0.0741,0.8911,0.1089
39505663,0.007,0.0615,0.6554,0.2761,0.9997,3e-4,4e-4,0.9996
1012205435884113900,0.0216,0.0259,0.6252,0.3274,0.02,0.98,0.2433,0.7567
3273436958,0.057,0.1871,0.2993,0.4567,0.6642,0.3358,0.1141,0.8859
1051521173408927700,0.1135,0.0941,0.1646,0.6278,0.9155,0.0845,0.1027,0.8973
5514802,0.1459,0.0352,0.0745,0.7445,0.7014,0.2986,0.7745,0.2255
4706245283,0.0099,0.0535,0.2046,0.732,0.1136,0.8864,0.4164,0.5836
68798688,0.33,0.6327,0.0159,0.0215,0.1858,0.8142,7e-4,0.9993
2862117072,0.0149,0.1594,0.8037,0.022,0.9381,0.0619,0.0183,0.9817
15236446,0.0525,0.0313,0.4115,0.5047,0.3675,0.6325,0.7185,0.2815
1181730748132253700,0.6055,0.2023,0.127,0.0653,0.7243,0.2757,0.1599,0.8401
1046514916025237500,6e-4,0.0016,0.1944,0.8034,0.9939,0.0061,0.1901,0.8099
943872068117987300,0.4492,0.1323,0.2175,0.201,0.9932,0.0068,0.4919,0.5081
1239618450936471600,0.0222,0.0292,0.341,0.6076,0.9718,0.0282,0.1092,0.8908
265478136,0.4257,0.3944,0.1341,0.0458,0.6793,0.3207,0.0168,0.9832
900380055343431700,0.0073,0.0016,0.1016,0.8895,0.8022,0.1978,0.4585,0.5415
23282557,0.0038,0.0265,0.1582,0.8115,0.9919,0.0081,0.0379,0.9621
1.0696729033214321e+18,0.0324,0.3178,0.5743,0.0755,0.0229,0.9771,0.0074,0.9926
189404173,0.0333,0.0795,0.3593,0.5278,0.5348,0.4652,0.2182,0.7818
476848835,0.0786,0.2397,0.5033,0.1784,0.0334,0.9666,0.1529,0.8471
117527843,0.0221,0.0447,0.2765,0.6567,0.9321,0.0679,0.1599,0.8401
1107700739424641e3,0.016,0.0015,0.0638,0.9186,0.4479,0.5521,0.8422,0.1578
1420791818,0.035,0.0932,0.6777,0.1941,0.0215,0.9785,0.0506,0.9494
372810993,0.3026,0.2107,0.2706,0.2161,0.7843,0.2157,0.5551,0.4449
706839866491928600,0.0257,0.0142,0.141,0.819,0.742,0.258,0.9096,0.0904
159188971,0.3431,0.1124,0.1738,0.3708,0.5885,0.4115,0.82,0.18
924442707736563700,0.007,0.0107,0.1297,0.8526,0.0221,0.9779,0.1343,0.8657
18323366,5e-4,1e-4,0.0146,0.9848,0.9081,0.0919,0.5067,0.4933
751989746,0.1228,0.05,0.1526,0.6745,0.7155,0.2845,0.6409,0.3591
1303618118992896e3,0.0382,0.0958,0.652,0.2139,0.9905,0.0095,0.1212,0.8788
1202622299830141e3,0.0776,0.256,0.5489,0.1175,0.0615,0.9385,0.0601,0.9399
18726975,0.0894,0.1793,0.1886,0.5427,0.8445,0.1555,0.1473,0.8527
24229387,9e-4,0.0078,0.2078,0.7835,1e-4,0.9999,0.0061,0.9939
1905258720,6e-4,0.0014,0.0572,0.9407,0.004,0.996,0.1062,0.8938
1185790302784635e3,0.0143,0.0088,0.1757,0.8011,0.0192,0.9808,0.4261,0.5739
2458907334,0.2754,0.1606,0.3925,0.1715,0.323,0.677,0.0905,0.9095
1553444053,0.0111,0.0033,0.129,0.8566,0.007,0.993,0.095,0.905
1239271258556117e3,0.3457,0.2885,0.2844,0.0814,0.0307,0.9693,0.0086,0.9914
312477483,0.0063,0.0119,0.3657,0.6161,0.0017,0.9983,0.0576,0.9424
17496006,0.0079,0.1679,0.4784,0.3458,0.0795,0.9205,0.0963,0.9037
598869732,0.0054,0.0193,0.3627,0.6126,0.0031,0.9969,0.1291,0.8709
87516140,0.0945,0.0454,0.3213,0.5388,0.9159,0.0841,0.8932,0.1068
34858846,0.0264,0.0108,0.3027,0.6602,0.8052,0.1948,0.1651,0.8349
38524838,0.4116,0.0936,0.3357,0.159,0.9482,0.0518,0.2978,0.7022
498290815,0.0365,0.07,0.5107,0.3829,0.366,0.634,0.2768,0.7232
21295462,0.0034,0.0116,0.2562,0.7288,0.9907,0.0093,0.0884,0.9116
3140800256,0.0036,0.0071,0.0267,0.9625,0.9826,0.0174,0.1634,0.8366
60666986,0.3353,0.416,0.0893,0.1594,0.3766,0.6234,0.3432,0.6568
1260038841873858600,0.0013,0.0017,0.0688,0.9282,0.9935,0.0065,0.5409,0.4591
29937369,0.1917,0.1444,0.4308,0.2331,0.91,0.09,0.2261,0.7739
328572979,0.0698,0.1173,0.726,0.0869,0.0523,0.9477,0.1074,0.8926
49472317,0.048,0.1252,0.6685,0.1583,0.0305,0.9695,0.0979,0.9021
1013422872537120800,0.2868,0.1118,0.3389,0.2625,0.9285,0.0715,0.5744,0.4256
2250915788,0.1964,0.1272,0.3014,0.3751,0.0166,0.9834,0.1282,0.8718
709436632542228500,0.0159,0.0095,0.069,0.9055,0.983,0.017,0.8661,0.1339
364516889,5e-4,0.0049,0.7579,0.2366,1,0,0.0013,0.9987
89826972,8e-4,1e-4,0.0079,0.9911,0.0037,0.9963,0.0476,0.9524
15040988,0.001,0.0111,0.2644,0.7235,0.0345,0.9655,0.0522,0.9478
2804565211,0.0587,0.0171,0.107,0.8172,0.6906,0.3094,0.8971,0.1029
966992556155392e3,0.0125,0.0054,0.2176,0.7645,0.9868,0.0132,0.6394,0.3606
405324374,0.3538,0.1975,0.1506,0.2981,0.52,0.48,0.7802,0.2198
1542240896,0.0218,0.0051,0.2683,0.7048,0.9675,0.0325,0.67,0.33
3271255423,0.2757,0.2791,0.3179,0.1273,0.0529,0.9471,0.0213,0.9787
576789157,0.0022,0.005,0.1148,0.878,0.9929,0.0071,0.239,0.761
2676512952,0.1155,0.0508,0.2294,0.6043,0.8123,0.1877,0.6284,0.3716
315963697,0.1389,0.0805,0.4844,0.2962,0.2663,0.7337,0.2256,0.7744
1264265641416155100,0.1993,0.0384,0.3452,0.417,0.9581,0.0419,0.5012,0.4988
3187200734,0.0631,0.0077,0.6151,0.3142,0.0062,0.9938,0.1228,0.8772
916833460685115400,0.0529,0.015,0.132,0.8001,0.5924,0.4076,0.9677,0.0323
906277130883010600,0.0148,0.0039,0.2007,0.7805,0.006,0.994,0.2946,0.7054
2901990475,0.302,0.5069,0.1422,0.0489,0.7631,0.2369,0.1245,0.8755
215504885,0.0065,0.0192,0.0292,0.9451,1,0,6e-4,0.9994
28317882,0.2783,0.1813,0.3474,0.193,0.992,0.008,0.2759,0.7241
57057290,0.09,0.1287,0.6312,0.15,0.83,0.17,0.1085,0.8915
1319738170154647600,0.0352,0.4813,0.2857,0.1977,0.0532,0.9468,0.0334,0.9666
1090438641648754700,0.0664,0.2676,0.5723,0.0937,0.0394,0.9606,0.035,0.965
593989900,9e-4,0.0015,0.0694,0.9281,0.0047,0.9953,0.0564,0.9436
18029354,0.082,0.0215,0.1202,0.7763,0.8385,0.1615,0.5171,0.4829
744212681905872900,0.0033,0.0085,0.891,0.0971,1,0,0.0088,0.9912
3184148340,0.1127,0.0157,0.0511,0.8206,0.6608,0.3392,0.9542,0.0458
1323319647635042300,0.0046,0.0032,0.0658,0.9263,0.9671,0.0329,0.4347,0.5653
2492967013,0.0695,0.491,0.398,0.0415,0.0655,0.9345,0.0032,0.9968
53832326,0.0073,0.0058,0.3756,0.6113,0.0167,0.9833,0.0655,0.9345
89090775,0.0354,0.0546,0.2046,0.7054,0.0574,0.9426,0.1238,0.8762
4445638994,0.003,0.0014,0.1675,0.8281,0.0067,0.9933,0.2126,0.7874
23987491,0.3614,0.4022,0.0469,0.1895,0.6574,0.3426,0.2154,0.7846
632501391,0.0949,0.0847,0.4347,0.3857,0.6678,0.3322,0.6082,0.3918
1248014318198816800,0.3387,0.1876,0.2732,0.2005,0.5204,0.4796,0.355,0.645
62019025,0.009,0.1158,0.6951,0.18,0.1675,0.8325,0.0269,0.9731
1252038232839200800,0.003,0.0077,0.0904,0.8989,0.02,0.98,0.228,0.772
186467957,0.2074,0.0852,0.1403,0.5672,0.9523,0.0477,0.8315,0.1685
2513247464,0.2779,0.4708,0.2082,0.0431,0.0829,0.9171,0.0094,0.9906
29082715,0.0266,0.0257,0.2534,0.6943,0.0015,0.9985,0.1705,0.8295
955762757932068900,0.1185,0.2378,0.3625,0.2811,0.7272,0.2728,0.5018,0.4982
515125776,0.0086,0.0121,0.1603,0.819,0.0436,0.9564,0.1259,0.8741
822601800092176400,0.0349,0.0112,0.1843,0.7695,0.8738,0.1262,0.8079,0.1921
3337129282,0.032,0.2648,0.3486,0.3547,0.2489,0.7511,0.0742,0.9258
705435690021027800,5e-4,5e-4,0.0297,0.9692,0.5458,0.4542,0.9077,0.0923
1318981916012531700,0.0018,7e-4,0.0331,0.9644,0.9959,0.0041,0.5988,0.4012
1299455106614734800,0.0217,0.0942,0.1701,0.714,0.9279,0.0721,0.3076,0.6924
16685443,0.6555,0.1296,0.041,0.1739,0.6583,0.3417,0.9799,0.0201
1157139956428492800,0.0303,0.0406,0.2791,0.65,0.9579,0.0421,0.304,0.696
26417193,0.2226,0.175,0.5448,0.0576,0.0511,0.9489,0.035,0.965
89258328,0.0092,0.0051,0.6541,0.3316,0.0094,0.9906,0.3729,0.6271
89529870,0.076,0.053,0.613,0.258,0.9887,0.0113,0.3732,0.6268
883767894,0.0196,0.0177,0.6681,0.2947,0.0464,0.9536,0.5689,0.4311
1272724878932705300,0.3228,0.0863,0.3196,0.2712,0.8252,0.1748,0.2617,0.7383
1053960128175726600,0.4474,0.239,0.27,0.0436,0.8622,0.1378,0.1999,0.8001
1151659552057823200,0.0096,0.0178,0.3366,0.636,0.9963,0.0037,0.3941,0.6059
86377622,0.1471,0.0571,0.176,0.6198,0.9619,0.0381,0.5889,0.4111
547783044,0.0291,0.1242,0.7605,0.0862,2e-4,0.9998,0.0011,0.9989
730445290986188800,0.0514,0.0542,0.4602,0.4342,0.206,0.794,0.1028,0.8972
1265684064578592800,0.753,0.1536,0.0669,0.0265,0.6246,0.3754,0.0964,0.9036
1240096890055786500,0.0448,0.0881,0.6544,0.2127,0.003,0.997,0.0139,0.9861
757389145849331700,0.4184,0.0475,0.2454,0.2887,0.9719,0.0281,0.8097,0.1903
21324151,0.2477,0.2437,0.3374,0.1712,0.8797,0.1203,0.0958,0.9042
2161648412,0.2292,0.0876,0.1717,0.5116,0.8029,0.1971,0.8992,0.1008
2551599859,0.0241,0.067,0.5368,0.3722,0.997,0.003,0.4568,0.5432
910146040807993300,0.2388,0.046,0.2207,0.4945,0.7941,0.2059,0.8552,0.1448
732717891921928200,0.0269,0.0605,0.206,0.7066,0.7396,0.2604,0.2841,0.7159
302432309,0.0416,0.0068,0.1788,0.7729,0.1839,0.8161,0.2978,0.7022
811654652,0.01,0.0142,0.2175,0.7583,0.052,0.948,0.1297,0.8703
1557589861,0.0305,0.1081,0.4399,0.4214,0.9233,0.0767,0.4186,0.5814
1109300684459929600,0.0145,0.0583,0.3114,0.6158,0.0049,0.9951,0.0439,0.9561
1108099339413540900,0.0355,0.0104,0.1257,0.8284,0.5324,0.4676,0.705,0.295
750528548,0.0097,9e-4,0.0076,0.9817,0.9306,0.0694,0.9476,0.0524
2725550579,0.0956,0.3124,0.5073,0.0846,0.1231,0.8769,0.0324,0.9676
1316971711615611e3,0.0088,0.0219,0.4044,0.5649,0.0255,0.9745,0.124,0.876
44760588,0.087,0.0548,0.5279,0.3304,0.9707,0.0293,0.3417,0.6583
304853972,0.2136,0.338,0.3618,0.0866,0.8221,0.1779,0.0415,0.9585
584479164,0.3718,0.227,0.1969,0.2043,0.5616,0.4384,0.3782,0.6218
22838644,7e-4,0.0093,0.6428,0.3471,0.9986,0.0014,0.0899,0.9101
436360631,0.0012,0.0017,0.0951,0.902,0.9985,0.0015,0.2007,0.7993
768098547770069e3,0.6189,0.2908,0.0705,0.0199,0.1338,0.8662,0.0213,0.9787
705902960967094300,0.1045,0.152,0.2601,0.4834,0.2202,0.7798,0.6728,0.3272
1317266610504102e3,0.003,2e-4,0.0085,0.9882,0.9508,0.0492,0.6444,0.3556
3721832536,0.1108,0.2295,0.5824,0.0774,0.0708,0.9292,0.0325,0.9675
790830852,5e-4,0.0043,0.8925,0.1028,0.9987,0.0013,0.1008,0.8992
29553412,0.0144,0.0058,0.0683,0.9116,0.9282,0.0718,0.6369,0.3631
1524758390,0.0313,0.0105,0.2055,0.7526,0.0376,0.9624,0.5961,0.4039
884976138031738900,0.0029,4e-4,0.0426,0.9541,0.992,0.008,0.8273,0.1727
99482370,0.0054,0.0046,0.3298,0.6602,0.0564,0.9436,0.1918,0.8082
1129557265,0.0653,0.0478,0.4198,0.4671,0.7876,0.2124,0.3799,0.6201
587926564,0.0103,0.0017,0.0511,0.9368,0.3279,0.6721,0.9066,0.0934
1495550400,0.0918,0.2417,0.6077,0.0588,0.8944,0.1056,0.0648,0.9352
1060695634850787300,0.1203,0.2725,0.3018,0.3054,0.9144,0.0856,0.0274,0.9726
117963280,0.0544,0.1672,0.6587,0.1197,0.0272,0.9728,0.0344,0.9656
180154310,0.0123,0.0459,0.8589,0.0829,0.9998,2e-4,0.0014,0.9986
3858601455,0.0212,0.02,0.2186,0.7402,0.6381,0.3619,0.317,0.683
19951820,0.0912,0.3553,0.396,0.1575,0.1197,0.8803,0.0137,0.9863
260398846,0.3392,0.1279,0.188,0.3449,0.6323,0.3677,0.9345,0.0655
140163729,0.5481,0.1203,0.1849,0.1468,0.8239,0.1761,0.2534,0.7466
1212023066873585700,0.2544,0.0781,0.35,0.3175,0.2903,0.7097,0.1542,0.8458
27234106,0.0025,0.0451,0.2682,0.6841,0.9933,0.0067,0.2835,0.7165
1153086003374100500,0.0929,0.0762,0.4177,0.4133,0.9304,0.0696,0.3094,0.6906
49153271,0.0462,0.1499,0.6216,0.1824,0.9613,0.0387,0.019,0.981
723731104088363e3,2e-4,0.0015,0.4046,0.5938,0.9992,8e-4,0.23,0.77
227702364,0.0111,0.0031,0.0879,0.8979,0.9947,0.0053,0.939,0.061
456254565,0.1343,0.0591,0.3354,0.4712,0.8188,0.1812,0.3911,0.6089
3269713668,0.5174,0.2168,0.1783,0.0876,0.981,0.019,0.0303,0.9697
771560250,0.5023,0.1992,0.2063,0.0922,0.9475,0.0525,0.6183,0.3817
56501301,0.0132,0.0168,0.8755,0.0945,0.0153,0.9847,0.0154,0.9846
705792417627148300,0.0566,0.0713,0.4218,0.4504,0.9806,0.0194,0.2238,0.7762
1340299436,0.0043,0.0104,0.3118,0.6734,0.9943,0.0057,0.2002,0.7998
385143044,0.0304,0.0825,0.7394,0.1477,0.0194,0.9806,0.0617,0.9383
8903022,0.0412,0.5042,0.4126,0.042,0.9016,0.0984,0.015,0.985
4809716843,0.0141,0.0058,0.1227,0.8574,0.9588,0.0412,0.5232,0.4768
991291408408494100,0.0668,0.1604,0.5488,0.2241,0.0792,0.9208,0.0959,0.9041
1241445415293259800,0.5664,0.2384,0.0891,0.1061,0.824,0.176,0.0708,0.9292
785633228,0.0546,0.0629,0.3459,0.5366,0.9649,0.0351,0.1964,0.8036
3192223782,0.2357,0.582,0.1611,0.0211,0.8936,0.1064,0.0194,0.9806
76654973,0.103,0.0336,0.2432,0.6202,0.737,0.263,0.9541,0.0459
1089280413271511e3,0.0196,0.0534,0.4394,0.4876,0.0387,0.9613,0.0213,0.9787
50159632,0.1698,0.13,0.5155,0.1847,0.7013,0.2987,0.2799,0.7201
48409823,0.1717,0.0979,0.3444,0.386,0.949,0.051,0.8729,0.1271
143955137,0.0873,0.15310000000000001,0.5023,0.2573,0.9391,0.0609,0.2712,0.7288
353696999,0.2266,0.299,0.3697,0.1047,0.9279,0.0721,0.229,0.771
473336172,0.0321,0.008,0.1897,0.7702,0.0413,0.9587,0.8432,0.1568
176702662,0.2851,0.2785,0.1734,0.263,0.5885,0.4115,0.3595,0.6405
995144226,7e-4,2e-4,0.0227,0.9763,0.2031,0.7969,0.2865,0.7135
824279244574330900,0.6814,0.2603,0.0377,0.0206,0.2274,0.7726,0.0269,0.9731
1148688546129219600,0.0284,0.0981,0.6658,0.2077,0.9964,0.0036,0.1068,0.8932
1048925694674305e3,0.0053,0.0022,0.6984,0.2942,0.997,0.003,0.4207,0.5793
84705013,0.0055,0.0543,0.7155,0.2247,0.9854,0.0146,0.1027,0.8973
970420540455387100,0.0086,0.0164,0.7604,0.2146,0.9998,2e-4,0.0133,0.9867
361401224,0.5069,0.1299,0.1635,0.1997,0.9761,0.0239,0.3073,0.6927
19544418,0.0043,0.0072,0.428,0.5605,0.9988,0.0012,0.4243,0.5757
882616762449236e3,0.1567,0.0538,0.4463,0.3432,0.7882,0.2118,0.2433,0.7567
47446743,0.0098,0.0033,0.3881,0.5987,0.0044,0.9956,0.1743,0.8257
2696364115,0.0276,0.0305,0.2539,0.688,0.931,0.069,0.634,0.366
3886059198,6e-4,0.0049,0.1998,0.7947,0.9999,1e-4,6e-4,0.9994
1072899241,0.1801,0.4057,0.2814,0.1328,0.9853,0.0147,0.0331,0.9669
1202099152160804900,0.0952,0.0751,0.4837,0.346,0.037,0.963,0.5598,0.4402
235379754,0.0043,0.001,0.1208,0.8738,0.9981,0.0019,0.3929,0.6071
762672535,0.0306,0.0272,0.7832,0.159,0.0986,0.9014,0.2141,0.7859
1273059829,0.0599,0.1153,0.3867,0.438,0.7711,0.2289,0.3474,0.6526
756318805278675e3,0.0145,0.0139,0.4953,0.4763,0.9997,3e-4,0.4688,0.5312
1269389804564893700,0.6831,0.1784,0.0775,0.0609,0.5302,0.4698,0.152,0.848
888400861956722700,0.0374,0.033,0.1944,0.7353,0.0623,0.9377,0.8415,0.1585
302653370,0.0121,0.0892,0.5916,0.3071,0.9999,1e-4,8e-4,0.9992
572235392,0.0607,0.0638,0.2191,0.6564,0.9156,0.0844,0.2113,0.7887
1025660412396793900,0.0047,0.0066,0.1958,0.793,0.9936,0.0064,0.273,0.727
47203174,0.1113,0.0386,0.1441,0.7059,0.516,0.484,0.8801,0.1199
968538316206477300,0.0836,0.3223,0.3887,0.2055,0.2275,0.7725,0.43120000000000003,0.5688
917499951629963300,0.0144,0.0308,0.1135,0.8413,0.6736,0.3264,0.2936,0.7064
3193282733,0.3648,0.4688,0.1586,0.0078,0.0637,0.9363,0.0126,0.98740000000000006
1203030899052273700,0.1634,0.1387,0.3444,0.3535,0.0648,0.9352,0.54,0.46
36403589,0.7003,0.2467,0.0387,0.0142,0.1498,0.8502,0.03,0.97
2211919574,0.0151,0.0115,0.1186,0.8548,0.5939,0.4061,0.5877,0.4123
92076289164467e4,9e-4,0.001,0.1986,0.7995,0.9979,0.0021,0.327,0.673
901076874,0.0076,0.0112,0.1605,0.8207,0.9688,0.0312,0.1488,0.8512
757967756180332500,0.7014,0.2701,0.0184,0.0101,0.536,0.464,0.0487,0.9513
1051828062,0.5065,0.2213,0.1732,0.099,0.3206,0.6794,0.1738,0.8262
145252665,0.5491,0.303,0.1273,0.0206,0.1503,0.8497,0.0458,0.9542
304724544,0.0201,0.1408,0.5325,0.3066,0.0261,0.9739,0.2336,0.7664
1325420046,0.2891,0.6922,0.0175,0.0012,0.9278,0.0722,0.0118,0.9882
234329395,0.2208,0.1003,0.2626,0.4162,0.125,0.875,0.2789,0.7211
43176513,0.0929,0.0734,0.3787,0.455,0.8796,0.1204,0.5153,0.4847
759462171667562500,0.0316,0.0221,0.331,0.6154,0.925,0.075,0.5447,0.4553
1285617809918222300,0.0167,0.0736,0.6888,0.2208,0.9882,0.0118,0.1271,0.8729
1320903677591330800,5e-4,2e-4,0.0118,0.9875,0.9849,0.0151,0.422,0.578
37467514,0.3838,0.2367,0.2649,0.1146,0.0294,0.9706,0.046,0.954
262289529,0.0576,0.1476,0.7151,0.0798,0.7704,0.2296,0.0394,0.9606
22794833,0.1656,0.3995,0.3991,0.0359,0.9856,0.0144,0.0339,0.9661
1315445865431982e3,0.0126,0.0343,0.1875,0.7656,0.9868,0.0132,0.0953,0.9047
263818897,0.0254,0.0941,0.2674,0.6131,0.0382,0.9618,0.0518,0.9482
4830488877,0.7591,0.1534,0.0504,0.0371,0.7728,0.2272,0.278,0.722
1155556585252499500,0.471,0.3923,0.1206,0.0161,0.0972,0.9028,0.0211,0.9789
963388658,6e-4,0.0106,0.1397,0.8491,0.0977,0.9023,0.5036,0.4964
847612931487416300,0.0743,0.631,0.2731,0.0216,0.9925,0.0075,0.0049,0.9951
41334710,0.2066,0.1498,0.4766,0.167,0.0268,0.9732,0.0446,0.9554
1733420300,0.868,0.0943,0.0334,0.0043,0.6379,0.3621,0.1164,0.8836
76721967,0.1135,0.142,0.5158,0.2286,0.0039,0.9961,0.1013,0.8987
4867850446,0.1751,0.0878,0.255,0.4822,0.2318,0.7682,0.7369,0.2631
1146461271296020500,0.1292,0.462,0.2724,0.1364,0.0848,0.9152,0.0287,0.9713
1108552090312474600,9e-4,0.0017,0.1623,0.8351,0.9948,0.0052,0.4259,0.5741
611814756,0.0053,0.0049,0.2492,0.7407,0.9528,0.0472,0.194,0.806
3069569905,0.0478,0.1225,0.3341,0.4956,0.001,0.999,0.0016,0.9984
2715103010,8e-4,0.0061,0.1221,0.8709,0.9816,0.0184,0.4112,0.5888
2780872201,0.0536,0.0231,0.0808,0.8426,0.8176,0.1824,0.9826,0.0174
145391875,0.0677,0.1891,0.5657,0.1775,0.8276,0.1724,0.0685,0.9315
4184173431,0.0738,0.117,0.4816,0.3276,0.6503,0.3497,0.1728,0.8272
331856403,0.3015,0.2039,0.2527,0.2419,0.9862,0.0138,0.6304,0.3696
15740017,0.102,0.0061,0.1241,0.7677,0.9798,0.0202,0.8987,0.1013
219353922,0.0298,0.0442,0.7421,0.1839,0.9993,7e-4,0.0012,0.9988
2157586375,0.2493,0.4925,0.1577,0.1004,0.7752,0.2248,0.1128,0.8872
410749628,0.4847,0.4492,0.0544,0.0118,0.5928,0.4072,0.008,0.992
47754889,0.0124,0.0136,0.1038,0.8702,0.9918,0.0082,0.2044,0.7956
16018878,6e-4,8e-4,0.0542,0.9443,0.0143,0.9857,0.2785,0.7215
2656875456,0.0038,0.0068,0.042,0.9474,0.9849,0.0151,0.0739,0.9261
944757342687686700,0.2711,0.4332,0.232,0.0637,0.1117,0.8883,0.065,0.935
1093683285291544600,0.0741,0.0173,0.327,0.5816,0.997,0.003,0.1067,0.8933
861076670622699500,0.0177,0.0081,0.082,0.8923,0.2405,0.7595,0.9649,0.0351
1120489884722978800,0.1654,0.1818,0.2259,0.4268,0.9596,0.0404,0.1022,0.8978
379618272,0.011,0.0075,0.4855,0.496,0.0189,0.9811,0.1552,0.8448
476284169,0.8884,0.0713,0.0211,0.0192,0.4502,0.5498,0.4817,0.5183
938150885120790500,0.101,0.0468,0.3893,0.4629,0.077,0.923,0.1307,0.8693
8826996837888e5,0.0913,0.1626,0.4671,0.2791,0.9908,0.0092,0.0955,0.9045
513722174,0.0256,0.0446,0.4568,0.473,0.0139,0.9861,0.6398,0.3602
950832906854981600,0.591,0.1403,0.0753,0.1934,0.9128,0.0872,0.3488,0.6512
251912617,0.0706,0.1657,0.6057,0.1581,0.0756,0.9244,0.0312,0.9688
1271564777274445800,0.0346,0.0061,0.1561,0.8032,0.9308,0.0692,0.8414,0.1586
767776016,0.0258,0.0279,0.5035,0.4428,0.945,0.055,0.0954,0.9046
337113210,0.008,0.0118,0.3396,0.6405,0.3685,0.6315,0.2438,0.7562
317320780,0.6476,0.2631,0.0744,0.0149,0.0941,0.9059,0.0104,0.9896
386918403,0.1039,0.0204,0.2628,0.6128,0.0292,0.9708,0.388,0.612
763924202365722600,0.0686,0.0517,0.391,0.4887,0.5832,0.4168,0.354,0.646
1248644460789076e3,0.0935,0.1438,0.3892,0.3736,0.0268,0.9732,0.3838,0.6162
259454715,0.2595,0.132,0.3042,0.3043,0.2715,0.7285,0.2929,0.7071
4492013807,0.3008,0.0724,0.0375,0.5893,0.9529,0.0471,0.9574,0.0426
1129806759034609700,0.0026,0.0039,0.0856,0.9079,0.9965,0.0035,0.1382,0.8618
88554616091571e4,0.0031,0.0135,0.1108,0.8726,0.0128,0.9872,0.2341,0.7659
68806968,0.0951,0.0651,0.2402,0.5996,0.4732,0.5268,0.605,0.395
25818419,0.4147,0.2347,0.2132,0.1374,0.9836,0.0164,0.2297,0.7703
2471434874,0.142,0.0632,0.2195,0.5753,0.9407,0.0593,0.2694,0.7306
1214295951646449700,0.0131,0.2039,0.7187,0.0644,0.0065,0.9935,0.0775,0.9225
48849880,0.0162,0.0076,0.3752,0.601,0.9302,0.0698,0.8009,0.1991
305883827,0.0497,0.0109,0.2725,0.6669,0.0033,0.9967,0.2151,0.7849
4633046554,0.0782,0.1609,0.4829,0.278,0.1436,0.8564,0.1092,0.8908
1046158918865612800,0.0251,0.0065,0.1368,0.8316,0.8925,0.1075,0.2618,0.7382
2661167788,0.0229,0.0749,0.5036,0.3986,0.9643,0.0357,0.283,0.717
919935608,0.0253,0.0174,0.2396,0.7176,0.6678,0.3322,0.8611,0.1389
29635658,0.0468,0.0193,0.3008,0.633,0.9087,0.0913,0.2984,0.7016
2978452780,0.1356,0.1043,0.4048,0.3553,0.6523,0.3477,0.6961,0.3039
819466099452477400,3e-4,1e-4,0.0068,0.9929,0.0021,0.9979,0.0859,0.9141
735309271613739e3,0.0455,0.0187,0.0887,0.8471,0.6921,0.3079,0.774,0.226
767125186449543200,0.0069,0.0028,0.0764,0.9139,0.9995,5e-4,0.0367,0.9633
2188868281,0.041,0.017,0.2599,0.6821,0.8744,0.1256,0.2277,0.7723
781612827287097300,0.0284,0.0126,0.0806,0.8783,0.784,0.216,0.6529,0.3471
1260214168629719e3,0.0629,0.0649,0.3435,0.5286,0.9229,0.0771,0.5565,0.4435
1199082024994320400,0.1762,0.1297,0.1988,0.4953,0.8691,0.1309,0.3624,0.6376
2434224397,0.0146,0.0457,0.6394,0.3003,0.1542,0.8458,0.0856,0.9144
15091191,0.1322,0.191,0.3988,0.278,0.729,0.271,0.2635,0.7365
298607423,0.0013,2e-4,0.0181,0.9804,0.1296,0.8704,0.4893,0.5107
3192948670,0.4199,0.3519,0.1392,0.0889,0.6549,0.3451,0.086,0.914
1311457597984256e3,0.032,0.0351,0.0655,0.8675,0.0924,0.9076,0.6696,0.3304
52893083,0.4448,0.2096,0.1362,0.2094,0.3966,0.6034,0.1408,0.8592
400281048,0.2782,0.3869,0.2726,0.0623,0.6371,0.3629,0.048,0.952
37826242,0.0779,0.0472,0.5195,0.3553,0.2546,0.7454,0.2777,0.7223
1275582892584980500,0.0212,0.0177,0.1656,0.7955,0.9563,0.0437,0.6122,0.3878
1626810121,0.0011,0.0391,0.3707,0.5891,0.4586,0.5414,0.0825,0.9175
1072898857216950300,0.0231,0.0121,0.0341,0.9307,0.7948,0.2052,0.3821,0.6179
1227078471383425e3,0.5973,0.293,0.082,0.0278,0.2832,0.7168,0.0191,0.9809
1272449928678322200,0.2174,0.1479,0.4497,0.185,0.9229,0.0771,0.3986,0.6014
379378754,0.0425,0.0292,0.352,0.5763,0.8286,0.1714,0.2615,0.7385
1262971209345634300,0.7027,0.0349,0.184,0.0784,0.9859,0.0141,0.8529,0.1471
14682750,0.8136,0.1467,0.0214,0.0182,0.4801,0.5199,0.0487,0.9513
1301613299302371300,0.0131,0.0603,0.4688,0.4577,0.9807,0.0193,0.1144,0.8856
977369697145557e3,0.3439,0.1566,0.3263,0.1732,0.3282,0.6718,0.1196,0.8804
789834700172828700,0.9418,0.0567,4e-4,0.0011,0.2489,0.7511,0.0077,0.9923
1302663327919886300,0.0084,0.0074,0.2351,0.749,0.9925,0.0075,0.3391,0.6609
150507465,0.1014,0.0341,0.082,0.7825,0.8899,0.1101,0.6167,0.3833
882445868749738e3,0.3057,0.2259,0.3065,0.1618,0.9192,0.0808,0.1437,0.8563
1188456517420408800,0.0014,0.0039,0.0613,0.9333,0.0327,0.9673,0.6193,0.3807
1947900744,0.0555,0.0297,0.108,0.8068,0.6465,0.3535,0.9255,0.0745
26122621,0.031,0.0218,0.2269,0.7202,0.029,0.971,0.4225,0.5775
1074751678098931700,0.2417,0.0831,0.4829,0.1922,4e-4,0.9996,0.0019,0.9981
1.2515923560732959e+18,0.7134,0.2448,0.0119,0.0298,0.2751,0.7249,0.2973,0.7027
803346400553664500,0.0359,0.0334,0.1316,0.7992,0.0674,0.9326,0.7175,0.2825
1105946231027744800,0.1477,0.5442,0.2395,0.0686,0.0495,0.9505,0.0081,0.9919
966757423296991200,0.7517,0.233,0.01,0.0053,0.1731,0.8269,0.0124,0.9876
26944121,0.0983,0.0124,0.276,0.6133,0.7434,0.2566,0.7524,0.2476
67874635,0.085,0.0649,0.164,0.686,0.717,0.283,0.3744,0.6256
999422715692961800,0.0291,0.0236,0.1709,0.7765,0.9753,0.0247,0.2874,0.7126
1169267717985263600,0.2725,0.0783,0.052,0.5971,0.6386,0.3614,0.6023,0.3977
1293893771801886700,0.0011,0.0018,0.0523,0.9448,0.9978,0.0022,0.4463,0.5537
788483856,0.8467,0.1314,0.0098,0.012,0.406,0.594,0.0089,0.9911
1172925140,0.1782,0.0854,0.4403,0.2962,0.974,0.026,0.2211,0.7789
32181402,0.1116,0.393,0.418,0.0774,0.0379,0.9621,0.0139,0.9861
2566096568,0.0121,0.075,0.7512,0.1617,0.9777,0.0223,0.2574,0.7426
1248384913759506400,0.0976,0.0111,0.0494,0.842,0.0136,0.9864,0.0425,0.9575
999566371,0.0485,0.0123,0.2071,0.7321,0.8191,0.1809,0.8902,0.1098
486633413,0.0687,0.0205,0.5253,0.3854,0.0233,0.9767,0.273,0.727
1080209683,0.2916,0.1778,0.3485,0.1821,0.2186,0.7814,0.1535,0.8465
1301246212541046800,0.0344,0.0035,0.1222,0.8399,0.8747,0.1253,0.9914,0.0086
826976226711654400,0.0091,0.0455,0.4167,0.5287,0.9945,0.0055,0.062,0.938
958277875534266400,0.0073,0.0012,0.0428,0.9487,0.6136,0.3864,0.0949,0.9051
939914154227486700,0.4483,0.275,0.26,0.0167,0.0673,0.9327,0.1345,0.8655
1094456309527670800,0.0904,0.014,0.2199,0.6757,0.9904,0.0096,0.8506,0.1494
97718062,0.015,0.0185,0.4444,0.5221,0.9943,0.0057,0.1182,0.8818
33078131,0.1688,0.2881,0.3427,0.2004,0.949,0.051,0.051,0.949
711182619,0.1295,0.1857,0.4861,0.1987,0.993,0.007,0.0214,0.9786
474427429,0.0337,0.1972,0.5895,0.1796,0.895,0.105,0.0576,0.9424
755883834034393100,0.0608,0.0203,0.1802,0.7386,0.7148,0.2852,0.9005,0.0995
217127213,0.4586,0.1134,0.2316,0.1963,0.9304,0.0696,0.1699,0.8301
2879980823,0.005,0.0016,0.0129,0.9806,0.978,0.022,0.8036,0.1964
794575684576415700,0.0125,0.1263,0.7376,0.1236,0.994,0.006,0.0678,0.9322
2776376446,0.0133,0.0083,0.3611,0.6174,0.2346,0.7654,0.1262,0.8738
97937099,0.0087,0.0037,0.2603,0.7273,1,0,2e-4,0.9998
82476746,0.0063,0.0026,0.2382,0.7529,0.6051,0.3949,0.7154,0.2846
876154306533216300,0.0307,0.0155,0.1616,0.7922,0.9479,0.0521,0.3262,0.6738
38241210,0.0701,0.0931,0.444,0.3928,0.9476,0.0524,0.1905,0.8095
1080838006901297200,0.0019,0.1728,0.392,0.4333,0.0249,0.9751,0.0949,0.9051
1122332220792897500,0.0234,0.0457,0.3108,0.62,0.5108,0.4892,0.7487,0.2513
46255257,0.0101,0.0161,0.3272,0.6466,0.9627,0.0373,0.3611,0.6389
1279150044667474e3,0.0018,3e-4,0.0571,0.9408,0.0685,0.9315,0.2278,0.7722
354708730,0.0077,0.0125,0.3172,0.6626,0.7151,0.2849,0.2374,0.7626
1316893776351170600,0.0609,0.0789,0.61240000000000006,0.2478,0.9903,0.0097,0.3579,0.6421
827713107854245900,0.1205,0.0845,0.4422,0.3528,0.9186,0.0814,0.2269,0.7731
778283850065739800,0.082,0.0417,0.1465,0.7297,0.9294,0.0706,0.3089,0.6911
1018647634125492200,0.002,0.0103,0.6589,0.3289,0.995,0.005,0.151,0.849
1.2408197687283999e+18,0.0054,0.0115,0.2846,0.6985,0.9999,1e-4,0.003,0.997
1270078513190711300,0.0102,0.0349,0.5475,0.4073,0.9971,0.0029,0.3568,0.6432
1320753185007509500,0.0087,0.0017,0.0566,0.933,0.9817,0.0183,0.8648,0.1352
1268711491580067800,0.0765,0.0378,0.392,0.49370000000000003,0.9773,0.0227,0.1728,0.8272
179245474,0.0501,0.037,0.341,0.572,0.0177,0.9823,0.232,0.768
1517672684,0.1411,0.0269,0.2366,0.5953,0.315,0.685,0.8811,0.1189
1372235592,0.0065,0.0012,0.0765,0.9158,0.9589,0.0411,0.4067,0.5933
22985599,0.0412,0.0096,0.1053,0.8439,0.8608,0.1392,0.7025,0.2975
161017472,0.1391,0.3832,0.1618,0.3159,0.6621,0.3379,0.2856,0.7144
380147020,0.4645,0.3531,0.1345,0.0479,0.7777,0.2223,0.057,0.943
114006229,0.677,0.063,0.0761,0.1839,0.9564,0.0436,0.8994,0.1006
1042375970810937300,0.023,0.0222,0.3943,0.5605,0.987,0.013,0.1175,0.8825
714486155668955100,0.1455,0.1581,0.5245,0.1719,0.9956,0.0044,0.1467,0.8533
773312477048234e3,0.3961,0.3268,0.2401,0.0371,0.2021,0.7979,0.293,0.707
24390221,0.0085,0.02,0.0741,0.8974,0.9762,0.0238,0.0475,0.9525
818107593851863e3,0.0019,0.0055,0.1241,0.8685,0.0016,0.9984,0.0069,0.9931
179719307,0.0102,0.0498,0.5558,0.3842,0.9997,3e-4,3e-4,0.9997
1239944288982708200,0.1408,0.0819,0.1838,0.5935,0.9767,0.0233,0.8213,0.1787
1023327157,0.2018,0.622,0.164,0.0122,0.6175,0.3825,0.0278,0.9722
788959099715260400,0.0047,0.0013,0.0512,0.9428,0.0732,0.9268,0.664,0.336
32509756,0.0582,0.0255,0.2379,0.6785,0.5132,0.4868,0.6161,0.3839
241637633,0.0117,0.0179,0.478,0.4925,0.0086,0.9914,0.0149,0.9851
28737026,2e-4,1e-4,0.0194,0.9803,0.9985,0.0015,0.2565,0.7435
1180168114069295e3,0.1491,0.5617,0.2244,0.0648,0.0256,0.9744,0.0321,0.9679
863437334347481100,0.3305,0.265,0.3269,0.0776,0.1784,0.8216,0.2396,0.7604
842725832070172700,0.048,0.0267,0.261,0.6642,0.7011,0.2989,0.2818,0.7182
44942297,0.08,0.0454,0.1829,0.6916,0.886,0.114,0.6041,0.3959
44928058,0.0015,3e-4,0.0144,0.9838,0.4854,0.5146,0.8568,0.1432
19665006,0.0045,0.0055,0.1153,0.8747,0.9779,0.0221,0.0392,0.9608
563184888,0.0111,0.0918,0.7024,0.1947,0.9895,0.0105,0.0451,0.9549
947495067006013400,0.6336,0.1867,0.0669,0.1128,0.9099,0.0901,0.7074,0.2926
1017815060419407900,0.001,0.001,0.0022,0.9958,0.9865,0.0135,0.0339,0.9661
844989600477139e3,0.0145,0.0277,0.6991,0.2586,0.9993,7e-4,0.0064,0.9936
16119464,0.0029,0.0136,0.4528,0.5307,1,0,0.0132,0.9868
64384952,0.1971,0.0382,0.1166,0.6481,0.555,0.445,0.4987,0.5013
912305765578412e3,1e-4,1e-4,0.0112,0.9885,0.003,0.997,0.0701,0.9299
1.0670632610556559e+18,0.0012,6e-4,0.029,0.9692,0.9989,0.0011,0.4364,0.5636
487107276,0.059,0.0294,0.2382,0.6733,0.2087,0.7913,0.5376,0.4624
1221867190154158e3,0.1092,0.0156,0.2113,0.6638,0.9806,0.0194,0.8576,0.1424
486223134,0.0371,0.0247,0.3184,0.6198,0.0778,0.9222,0.1636,0.8364
720798731302539300,4e-4,1e-4,0.0109,0.9886,0.0177,0.9823,0.5741,0.4259
1012446894692368400,0.1956,0.1691,0.569,0.0662,0.0165,0.9835,0.0135,0.9865
213074942,0.2398,0.1953,0.3383,0.2266,0.9667,0.0333,0.1125,0.8875
1109119966022762500,0.0354,0.0034,0.1006,0.8607,0.8194,0.1806,0.8582,0.1418
1186388465593794600,0.0183,0.0231,0.517,0.4416,0.0282,0.9718,0.0632,0.9368
1042282272538255400,7e-4,0.0022,0.0827,0.9144,0.0015,0.9985,0.263,0.737
510852223,0.0387,0.2537,0.6132,0.0944,0.883,0.117,0.0435,0.9565
198907126,0.193,0.1979,0.4552,0.1539,0.9936,0.0064,0.1054,0.8946
891605821,0.0546,0.0074,0.0606,0.8774,0.6066,0.3934,0.8549,0.1451
1158966183598669800,0.0418,0.1632,0.3268,0.4682,0.8876,0.1124,0.1631,0.8369
636735646,0.0358,0.0682,0.3898,0.5062,0.9708,0.0292,0.1496,0.8504
158222122,0.7333,0.2428,0.0208,0.0031,0.1501,0.8499,0.0095,0.9905
17574216,0.272,0.3541,0.2785,0.0954,0.1013,0.8987,0.0449,0.9551
1043410125774626800,0.1162,0.0808,0.2855,0.5175,0.9245,0.0755,0.1037,0.8963
3291910119,0.0374,0.0395,0.637,0.2862,0.0196,0.9804,0.0378,0.9622
331253491,0.1773,0.205,0.4622,0.1555,0.7699,0.2301,0.1247,0.8753
1295465219234369500,0.0345,0.0173,0.2518,0.6964,0.8553,0.1447,0.5536,0.4464
2821556746,4e-4,0.0033,0.0014,0.9949,0.9999,1e-4,3e-4,0.9997
1277270446711492600,0.0497,0.0799,0.6657,0.2047,0.0866,0.9134,0.0941,0.9059
920263177530695700,0.1949,0.1154,0.4511,0.2385,0.9904,0.0096,0.5168,0.4832
3794936292,0.2689,0.0437,0.1494,0.5379,0.6283,0.3717,0.9692,0.0308
277836681,0.0037,0.0261,0.5027,0.4675,0.993,0.007,0.0974,0.9026
727040641604034600,0.2768,0.2019,0.3399,0.1813,0.9662,0.0338,0.0339,0.9661
3327312651,3e-4,0.0047,0.2436,0.7514,0.9995,5e-4,0.117,0.883
892149131464118300,0.0744,0.2533,0.5242,0.1481,0.9213,0.0787,0.369,0.631
1176321203352588300,0.6142,0.3267,0.0482,0.0109,0.0515,0.9485,0.0121,0.9879
793015917856723e3,0.0017,9e-4,0.0342,0.9632,0.0145,0.9855,0.1752,0.8248
755227997557313500,0.0317,0.0124,0.1558,0.8001,0.7286,0.2714,0.5187,0.4813
1094255914725589e3,0.0031,7e-4,0.0878,0.9084,0.999,0.001,0.4955,0.5045
1086119702764638200,0.4784,0.1833,0.1973,0.1411,0.7867,0.2133,0.3795,0.6205
20616568,0.0106,0.0176,0.5115,0.4603,0.9973,0.0027,0.356,0.644
950807625914048500,0.039,0.2826,0.5243,0.1541,0.0501,0.9499,0.1946,0.8054
24812945,3e-4,0.0025,0.5289,0.4683,0.1284,0.8716,0.1515,0.8485
184270826,0.1628,0.337,0.3693,0.1309,0.9584,0.0416,0.0325,0.9675
2548087963,0.1235,0.0426,0.2055,0.6284,0.8171,0.1829,0.9403,0.0597
97379799719569e4,0.1095,0.2672,0.3286,0.2946,0.4057,0.5943,0.1925,0.8075
244702210,0.0264,0.008,0.2508,0.7148,0.9395,0.0605,0.3088,0.6912
807026356114563100,0.0021,0.0012,0.076,0.9207,0.9943,0.0057,0.1231,0.8769
1070549247601401900,0.0036,0.0174,0.5942,0.3848,0.9934,0.0066,0.1849,0.8151
1228069941787512800,0.1966,0.2203,0.4402,0.1429,0.8402,0.1598,0.0306,0.9694
115260788526592e4,0.0148,0.0049,0.1641,0.8162,0.031,0.969,0.3313,0.6687
3167872671,0.2623,0.4835,0.1781,0.0761,0.7469,0.2531,0.0981,0.9019
118735414,0.0017,0.0019,0.2283,0.7681,0.0064,0.9936,0.0905,0.9095
35993271,0.106,0.0401,0.2598,0.5941,0.9964,0.0036,0.4894,0.5106
1060921374422773800,0.0271,0.0152,0.2576,0.7002,0.9763,0.0237,0.5161,0.4839
1368400886,0.0664,0.0252,0.6487,0.2597,0.0334,0.9666,0.094,0.906
31605687,0.8997,0.0261,0.0135,0.0607,0.7278,0.2722,0.2749,0.7251
864230060177457200,0.2437,0.3135,0.2845,0.1583,0.9078,0.0922,0.1129,0.8871
132286315,0.0268,0.0618,0.177,0.7343,0.9924,0.0076,0.1873,0.8127
1151179474177802200,0.0068,0.0031,0.0955,0.8946,0.1875,0.8125,0.5594,0.4406
767431194589798400,0.0685,0.0599,0.428,0.4436,0.9462,0.0538,0.1509,0.8491
986518312325697500,0.6215,0.3229,0.045,0.0106,0.9228,0.0772,0.0115,0.9885
41893497,0.009,0.0058,0.6233,0.362,0.0038,0.9962,0.06,0.94
284725808,0.076,0.0073,0.2528,0.6639,0.0954,0.9046,0.5261,0.4739
2379182562,0.2048,0.2213,0.4258,0.1481,0.033,0.967,0.0545,0.9455
47777322,0.0145,0.0122,0.1323,0.841,0.9722,0.0278,0.5294,0.4706
709505904,0.014,0.0291,0.2457,0.7111,0.0368,0.9632,0.1247,0.8753
166362548,0.0116,0.0019,0.0891,0.8975,0.9649,0.0351,0.9055,0.0945
18102795,0.0084,0.0153,0.3106,0.6657,0.9923,0.0077,0.145,0.855
862429950,0.0179,0.0156,0.1642,0.8024,0.098,0.902,0.2496,0.7504
315073604,0.0015,0.0568,0.8958,0.0459,0.9999,1e-4,3e-4,0.9997
2383749409,0.0015,0.0021,0.2926,0.7039,0.9982,0.0018,0.2334,0.7666
821469619844247600,0.1565,0.1237,0.2635,0.4563,0.4561,0.5439,0.426,0.574
885001795654873100,0.026,0.0294,0.2482,0.6964,0.9089,0.0911,0.3107,0.6893
3318875547,0.3625,0.1695,0.0931,0.3749,0.8035,0.1965,0.5556,0.4444
122111073,0.0452,0.0203,0.4637,0.4707,0.0046,0.9954,0.0761,0.9239
32586298,0.0034,0.007,0.1082,0.8814,0.9996,4e-4,9e-4,0.9991
1231959940555735e3,0.488,0.3007,0.1562,0.055,0.1515,0.8485,0.0345,0.9655
788010966780969e3,0.3462,0.0363,0.1598,0.4577,0.9251,0.0749,0.8589,0.1411
296931882,0.0032,0.002,0.0359,0.959,0.0233,0.9767,0.0508,0.9492
330072048,0.6117,0.1097,0.1778,0.1009,0.8498,0.1502,0.4484,0.5516
1144424830101573600,0.7121,0.2749,0.0104,0.0025,0.2609,0.7391,4e-4,0.9996
1056969782,0.0092,0.086,0.567,0.3378,0.2765,0.7235,0.1173,0.8827
1274400731408347100,0.0023,7e-4,0.058,0.9391,0.0016,0.9984,0.3018,0.6982
93549677,0.3351,0.16,0.276,0.2289,0.9679,0.0321,0.152,0.848
1004817203609423900,0.0678,0.1723,0.6214,0.1385,0.981,0.019,0.1048,0.8952
3380466244,0.0058,0.0334,0.8666,0.0941,0.9993,7e-4,0.1266,0.8734
421152181,0.3296,0.2728,0.2116,0.1859,0.9136,0.0864,0.0498,0.9502
3246241836,0.0126,0.0417,0.6347,0.311,0.9959,0.0041,0.1434,0.8566
2318926119,0.1382,0.4433,0.377,0.0415,0.9548,0.0452,0.038,0.962
1289139078,0.0062,0.0202,0.1399,0.8337,0.9936,0.0064,0.4334,0.5666
877228420790272e3,0.0373,0.0673,0.5157,0.3797,0.9836,0.0164,0.1827,0.8173
972745405535604700,0.3494,0.3165,0.1419,0.1923,0.6911,0.3089,0.3184,0.6816
4757535874,0.0198,0.041,0.5608,0.3784,0.9897,0.0103,0.2022,0.7978
954180598083579900,0.0078,0.0033,0.2899,0.699,0.9429,0.0571,0.0755,0.9245
998903281912045600,0.0549,0.0164,0.1076,0.8212,0.9445,0.0555,0.4924,0.5076
906222176453439500,0.0349,0.0037,0.0538,0.9075,0.846,0.154,0.4901,0.5099
905669965,0.0118,0.0816,0.358,0.5486,0.8762,0.1238,0.0975,0.9025
993908479437037600,3e-4,7e-4,0.081,0.918,0.9997,3e-4,0.0994,0.9006
153283018,0.5725,0.2393,0.1572,0.031,0.2651,0.7349,0.1358,0.8642
769018224222564400,0.4514,0.1635,0.1832,0.2019,0.8405,0.1595,0.7621,0.2379
3174290591,0.5792,0.3658,0.0473,0.0077,0.1514,0.8486,0.0095,0.9905
58723444,0.4365,0.2307,0.1957,0.1372,0.8431,0.1569,0.2338,0.7662
488052234,0.0193,0.0027,0.1277,0.8503,0.4168,0.5832,0.533,0.467
1206614769974808600,0.5495,0.1768,0.1804,0.0934,0.4402,0.5598,0.2061,0.7939
81457805,0.0039,0.0255,0.2284,0.7421,0.9998,2e-4,0.0057,0.9943
2746060177,0.0303,0.1546,0.3263,0.4888,0.444,0.556,0.0828,0.9172
1205995356787368e3,0.0229,0.0139,0.2141,0.7491,0.8473,0.1527,0.7774,0.2226
1036027696373891100,0.9171,0.0212,0.0114,0.0503,0.9672,0.0328,0.1991,0.8009
59719705,0.0233,0.0276,0.5453,0.4038,0.9904,0.0096,0.2349,0.7651
1303407122017849300,0.0128,0.0194,0.4411,0.5267,0.9685,0.0315,0.2748,0.7252
1315652294931894300,0.0479,0.0103,0.1037,0.8381,0.6003,0.3997,0.9044,0.0956
844216621254303700,0.0105,0.036,0.8936,0.06,0.0301,0.9699,0.0953,0.9047
2847269129,0.7127,0.1698,0.0852,0.0323,0.8886,0.1114,0.0486,0.9514
250657681,0.0051,0.0083,0.8292,0.1573,0.0088,0.9912,0.1369,0.8631
4284222733,0.0804,0.1532,0.3034,0.463,0.9508,0.0492,0.1305,0.8695
1113257406140702700,0.0803,0.4737,0.23,0.216,0.6093,0.3907,0.0669,0.9331
560781429,0.053900000000000003,0.169,0.5422,0.235,0.9675,0.0325,0.1243,0.8757
297383888,0.1662,0.1472,0.1719,0.5148,0.5748,0.4252,0.0772,0.9228
1141588671725887500,0.0077,0.0127,0.1647,0.8148,0.8474,0.1526,0.4881,0.5119
3548306595,0.1258,0.0427,0.434,0.3976,0.9998,2e-4,0.0216,0.9784
28174446,0.0061,0.2106,0.4413,0.3419,0.7315,0.2685,0.1511,0.8489
948004601508388900,0.0612,0.018,0.2692,0.6516,0.1418,0.8582,0.8965,0.1035
456460794,0.1283,0.3685,0.3188,0.1844,0.9196,0.0804,0.1138,0.8862
494831759,0.0317,0.3244,0.5813,0.0625,0.0401,0.9599,0.0107,0.9893
1256985903068860400,0.0019,0.0039,0.0849,0.9092,0.974,0.026,0.2835,0.7165
34053771,0.0303,0.2116,0.5984,0.1597,0.4604,0.5396,0.0751,0.92490000000000006
785875289368690700,0.0021,5e-4,0.0312,0.9662,0.7648,0.2352,0.9376,0.0624
768191342950449200,0.0026,0.0017,0.1442,0.8515,0.0363,0.9637,0.3599,0.64
211908080,0.1366,0.111,0.3007,0.4516,0.8713,0.1287,0.2559,0.7441
1299755441321398300,0.0164,0.0271,0.1481,0.8084,0.1168,0.8832,0.2251,0.7749
1252622772586590200,0.003,5e-4,0.1151,0.8814,0.9991,9e-4,0.5969,0.4031
745063118707929100,0.1676,0.2154,0.215,0.402,0.9294,0.0706,0.4362,0.5638
1380473012,0.154,0.3392,0.4356,0.0712,0.5698,0.4302,0.0093,0.9907
61163172,0.3311,0.1474,0.2918,0.2297,0.7874,0.2126,0.0882,0.9118
35607928,0.0074,0.0019,0.0378,0.953,0.9941,0.0059,0.8242,0.1758
956942880114868200,0.1266,0.0732,0.3734,0.4268,0.511,0.489,0.2604,0.7396
1164209391547011e3,0.3709,0.1559,0.2218,0.2515,0.1623,0.8377,0.0284,0.9716
3302067354,0.0107,0.0187,0.812,0.1585,0.0026,0.9974,0.6579,0.3421
787318013817155600,0.0317,0.0237,0.2334,0.7112,0.0297,0.9703,0.1008,0.8992
993961088,0.0106,0.0247,0.0817,0.883,0.705,0.295,0.1796,0.8204
213871801,0.039,0.3965,0.429,0.1355,0.987,0.013,0.0223,0.9777
1023033703990214700,0.0056,0.0018,0.0453,0.9473,0.9178,0.0822,0.2772,0.7228
35414007,0.0603,0.0125,0.1661,0.7611,0.9328,0.0672,0.7674,0.2326
568184437,0.0441,0.0146,0.4052,0.5361,0.186,0.814,0.7133,0.2867
329865303,0.0596,0.0125,0.2087,0.7192,0.888,0.112,0.6439,0.3561
827886950199750700,0.5298,0.2432,0.1747,0.0523,0.2036,0.7964,0.1122,0.8878
705516860654161900,0.0259,0.0241,0.3661,0.5838,0.0124,0.9876,0.4138,0.5862
1245136792631853e3,0.266,0.1797,0.216,0.3383,0.8533,0.1467,0.7614,0.2386
111215705,0.3021,0.0425,0.2299,0.4256,0.967,0.033,0.4798,0.5202
786667746104778800,0.0128,0.0605,0.7683,0.1584,0.9886,0.0114,0.1271,0.8729
1142559891057303600,0.0455,0.0221,0.2688,0.6636,0.7201,0.2799,0.3929,0.6071
3174061508,0.001,0.6185,0.3736,0.0069,0.0038,0.9962,0.005,0.995
345629680,0.0122,0.2328,0.5795,0.1755,0.8205,0.1795,0.1454,0.8546
129867103,0.0135,0.0029,0.0212,0.9625,0.9136,0.0864,0.8513,0.1487
2765393847,0.0194,0.0023,0.0377,0.9407,0.4993,0.5007,0.9041,0.0959
1272328841516716e3,0.0494,0.1816,0.3554,0.4136,0.8047,0.1953,0.13,0.87
902111006,0.0227,0.0156,0.1625,0.7992,0.0474,0.9526,0.6503,0.3497
27087581,6e-4,0.183,0.783,0.0334,0.439,0.561,0.0186,0.9814
845002104557240300,0.0214,0.0143,0.5467,0.4177,0.6888,0.3112,0.6369,0.3631
53465535,0.0274,0.0034,0.1319,0.8373,0.7191,0.2809,0.8855,0.1145
2955483281,8e-4,0.0053,0.1093,0.8847,0.9958,0.0042,0.0928,0.9072
967944243707867100,0.0782,0.3185,0.5371,0.0662,0.7969,0.2031,0.1207,0.8793
914254440,0.0608,0.0757,0.4364,0.4272,0.9318,0.0682,0.1719,0.8281
15489148,0.0375,0.3433,0.4687,0.1505,0.0053,0.9947,0.0036,0.9964
31346042,0.0383,0.061,0.7239,0.1768,0.0083,0.9917,0.1098,0.8902
1013573084799033300,0.1687,0.0117,0.1575,0.6622,0.4204,0.5796,0.8105,0.1895
129588368,0.2238,0.0958,0.3396,0.3408,0.9085,0.0915,0.2545,0.7455
974622996672516100,0.0211,0.0288,0.2021,0.748,0.9547,0.0453,0.4314,0.5686
14176869,0.2543,0.2281,0.3911,0.1265,0.474,0.526,0.2348,0.7652
3161139356,0.1258,0.0498,0.0694,0.755,0.769,0.231,0.9113,0.0887
40840621,0.0103,0.0157,0.1578,0.8162,0.98740000000000006,0.0126,0.2374,0.7626
194333065,0.1061,0.0935,0.3448,0.4557,0.0454,0.9546,0.6678,0.3322
833817434381500400,8e-4,0.0015,0.0146,0.9831,0.9634,0.0366,0.1938,0.8062
24768899,0.064,0.0301,0.2549,0.651,0.5148,0.4852,0.3282,0.6718
1151714001933545500,0.0788,0.0294,0.3292,0.5626,0.6747,0.3253,0.8873,0.1127
865258935586082800,4e-4,0.0023,0.2536,0.7436,0.9992,8e-4,0.0381,0.9619
259705615,0.0033,0.0019,0.1691,0.8256,0.0076,0.9924,0.1398,0.8602
1318341392574328800,0.027,0.0247,0.3091,0.6392,0.5326,0.4674,0.3072,0.6928
23993813,0.0245,0.0364,0.0765,0.8627,0.9238,0.0762,0.4345,0.5655
1254840299328884700,0.0254,0.0044,0.0583,0.9119,0.8154,0.1846,0.5673,0.4327
968558731683356700,0.0348,0.091,0.4081,0.4661,0.0249,0.9751,0.2324,0.7676
974790397,0.6798,0.186,0.0656,0.0686,0.6868,0.3132,0.0534,0.9466
188855808,0.0307,0.0109,0.2636,0.6949,0.9739,0.0261,0.2917,0.7083
1138598617378426900,0.0145,0.0501,0.483,0.4524,0.0351,0.9649,0.3555,0.6445
1302419448679354400,0.0791,0.1492,0.2754,0.4963,0.9117,0.0883,0.1005,0.8995
178767953,0.0082,0.0152,0.3592,0.6174,0.0089,0.9911,0.0245,0.9755
801141429229809700,0.0043,0.0538,0.8198,0.1221,0.9917,0.0083,0.1661,0.8339
1248264409291653e3,0.0835,0.0671,0.2688,0.5806,0.8785,0.1215,0.2441,0.7559
4821420267,0.1315,0.0242,0.127,0.7173,0.8267,0.1733,0.7385,0.2615
758011007000203300,0.0364,0.0153,0.1997,0.7486,0.8955,0.1045,0.678,0.322
1165063600244789200,0.0029,0.011,0.8631,0.123,0.9998,2e-4,0.0019,0.9981
823747310723076100,0.0368,0.006,0.058,0.8992,0.1541,0.8459,0.4244,0.5756
928634914471338e3,0.0017,0.132,0.7961,0.0701,1e-4,0.9999,5e-4,0.9995
47702737,0.1156,0.0507,0.1595,0.6742,0.2672,0.7328,0.7739,0.2261
1378048946,0.4073,0.1604,0.2615,0.1707,0.929,0.071,0.1258,0.8742
1251427869013745700,0.7607,0.2128,0.0145,0.012,0.5716,0.4284,0.0322,0.9678
1239150068084531200,0.0271,0.0128,0.2132,0.747,0.0047,0.9953,0.1062,0.8938
187351126,0.5759,0.1548,0.2005,0.0687,0.8187,0.1813,0.1247,0.8753
1262875137025749e3,0.0027,8e-4,0.0496,0.9469,0.8677,0.1323,0.5651,0.4349
515744996,0.5103,0.2705,0.1342,0.085,0.374,0.626,0.0205,0.9795
549197794,9e-4,0.0028,0.0336,0.9627,0.0027,0.9973,0.1114,0.8886
160631338,0.0015,3e-4,0.0135,0.9848,0.9477,0.0523,0.5598,0.4402
4114770735,0.0122,0.0224,0.3429,0.6225,0.9327,0.0673,0.2183,0.7817
244621333,0.0048,0.0109,0.1509,0.8334,0.9946,0.0054,0.41,0.59
3252066963,5e-4,2e-4,0.0252,0.9741,0.005,0.995,0.2211,0.7789
877176157,0.0298,0.0084,0.2535,0.7083,0.9193,0.0807,0.8998,0.1002
922145054,0.0063,0.2088,0.6134,0.1715,0.1202,0.8798,0.0425,0.9575
938742338536591400,0.0299,0.0177,0.3317,0.6206,0.0165,0.9835,0.1207,0.8793
22054814,0.0014,0.0014,0.0429,0.9543,0.01,0.99,0.1314,0.8686
14167266,0.1269,0.0314,0.109,0.7327,0.8024,0.1976,0.9336,0.0664
1123882718306230300,0.0019,0.0022,0.2583,0.7376,0.9978,0.0022,0.4781,0.5219
846152197,0.1377,0.0175,0.3878,0.4569,0.0675,0.9325,0.356,0.644
1140855259,0.0451,0.0411,0.1118,0.802,0.9055,0.0945,0.8596,0.1404
838147382,0.058,0.0514,0.6776,0.2131,0.0312,0.9688,0.0463,0.9537
47344251,0.0029,0.0243,0.4784,0.4944,0.9405,0.0595,0.4181,0.5819
874678453,0.0019,0.0024,0.01,0.9856,0.9866,0.0134,0.2425,0.7575
4727238322,4e-4,4e-4,0.1882,0.811,0.9997,3e-4,0.17,0.83
352646297,0.111,0.05,0.2738,0.5652,0.938,0.062,0.3946,0.6054
791052695524311e3,0.0076,0.003,0.0133,0.9761,0.7496,0.2504,0.9908,0.0092
916025672,0.036,0.0224,0.3035,0.6381,0.9583,0.0417,0.0693,0.9307
1323801586381037600,0.0051,0.0066,0.2892,0.6991,0.0054,0.9946,0.1897,0.8103
2332512385,0.0041,0.0011,0.1203,0.8745,0.9959,0.0041,0.6794,0.3206
16463257,0.0301,0.0182,0.5957,0.356,0.6229,0.3771,0.7717,0.2283
73134729,0.0217,0.0254,0.4313,0.5215,0.0104,0.9896,0.2769,0.7231
2470641648,0.0192,0.0197,0.6172,0.3439,0.9925,0.0075,0.397,0.603
1319406813264031700,0.0329,0.0278,0.5364,0.403,0.1602,0.8398,0.2911,0.7089
26285050,0.0593,0.0736,0.5033,0.3638,0.0603,0.9397,0.1675,0.8325
31579262,0.0075,0.0017,0.0565,0.9343,0.9952,0.0048,0.8955,0.1045
15241657,0.0608,0.06,0.4046,0.4747,0.6546,0.3454,0.1741,0.8259
713657310,0.0662,0.0104,0.2971,0.6263,0.0206,0.9794,0.8801,0.1199
865376410864570400,0.5745,0.1745,0.1843,0.0667,0.2811,0.7189,0.2032,0.7968
248214882,0.0057,0.021,0.6739,0.2993,9e-4,0.9991,4e-4,0.9996
1070535656147955700,2e-4,2e-4,0.0028,0.9968,0.999,0.001,0.1202,0.8798
867248358494220300,0.0822,0.0756,0.4286,0.4136,0.0434,0.9566,0.0582,0.9418
923106269761851400,0.3718,0.1732,0.2165,0.2386,0.6297,0.3703,0.0847,0.9153
335867606,4e-4,0.0011,0.0177,0.9808,0.981,0.019,0.7382,0.2618
1323700527671222300,0.1572,0.0355,0.3939,0.4135,0.6422,0.3578,0.874,0.126
538113640,0.3185,0.2348,0.2088,0.2378,0.0853,0.9147,0.0667,0.9333
983443560249741300,0.0173,0.0206,0.3555,0.6066,0.9554,0.0446,0.1864,0.8136
982597824150954e3,0.0163,0.0025,0.0831,0.8981,0.8588,0.1412,0.5891,0.4109
155684926,0.1329,0.3016,0.4611,0.1044,0.1046,0.8954,0.0313,0.9687
37820375,0.0041,0.0042,0.4322,0.5595,0.9972,0.0028,0.3597,0.6403
1244272772739629e3,0.0088,0.0087,0.9559,0.0266,0.9853,0.0147,0.1926,0.8074
53306833,0.2286,0.3182,0.2991,0.1541,0.5512,0.4488,0.0623,0.9377
1199753098824159200,0.0127,0.0074,0.1845,0.7954,0.4775,0.5225,0.4071,0.5929
1309246610317086700,0.3217,0.1553,0.4909,0.0322,0.0335,0.9665,0.1424,0.8576
1207380313036513300,0.1438,0.1843,0.3561,0.3158,0.8708,0.1292,0.1616,0.8384
2327685612,0.138,0.0822,0.2263,0.5535,0.9182,0.0818,0.4044,0.5956
1240768425057816600,0.0545,0.2325,0.5303,0.1827,0.984,0.016,0.1525,0.8475
2687333631,0.1848,0.2607,0.2097,0.3448,0.6406,0.3594,0.0788,0.9212
868999167884103700,0.002,0.0015,0.0868,0.9097,0.0081,0.9919,0.0973,0.9027
329472573,0.0827,0.0135,0.0818,0.8219,0.9351,0.0649,0.8861,0.1139
1603171591,0.001,3e-4,0.109,0.8896,0.9997,3e-4,0.5909,0.4091
515411342,0.1159,0.2854,0.2608,0.3378,0.5868,0.4132,0.0972,0.9028
1021528102483238900,0.1741,0.171,0.2648,0.3902,0.9561,0.0439,0.0283,0.9717
751327552682078200,0.3086,0.3824,0.2018,0.1072,0.0831,0.9169,0.135,0.865
884803702820708400,0.0283,0.0087,0.2336,0.7294,0.1003,0.8997,0.4192,0.5808
1207683399462338600,0.3126,0.6076,0.0657,0.0141,0.947,0.053,0.0056,0.9944
2231988439,0.0309,0.111,0.2151,0.643,0.0294,0.9706,0.1997,0.8003
973021878129274900,0.0962,0.2121,0.3345,0.3572,0.9532,0.0468,0.0275,0.9725
70764695,0.3616,0.1473,0.3241,0.167,0.7531,0.2469,0.0718,0.9282
187563080,0.3122,0.1713,0.1826,0.3339,0.1138,0.8862,0.8464,0.1536
1317865058,0.0138,0.0272,0.2807,0.6783,0.8787,0.1213,0.5192,0.4808
891973691600388100,0.3605,0.2692,0.2313,0.139,0.7166,0.2834,0.2105,0.7895
1205311060909183e3,0.0719,0.19,0.6173,0.1208,0.7492,0.2508,0.1142,0.8858
50598105,0.087,0.0311,0.3207,0.5612,0.8583,0.1417,0.847,0.153
241932373,0.1672,0.0966,0.2056,0.5306,0.4846,0.5154,0.6141,0.3859
2700131429,0.0131,0.3332,0.6278,0.026,0.0354,0.9646,0.0095,0.9905
782006432753258500,0.0062,7e-4,0.1036,0.8895,0.9985,0.0015,0.8632,0.1368
1321473534623912e3,0.0012,0.0102,0.0608,0.9278,0.9903,0.0097,0.1814,0.8186
1239302803832668200,0.0913,0.128,0.3178,0.4629,0.93,0.07,0.3305,0.6695
532688830,0.0943,0.2367,0.5301,0.1389,0.8728,0.1272,0.0921,0.9079
1289225976765796400,0.0152,0.011,0.0838,0.89,0.8735,0.1265,0.5437,0.4563
1057717679589679100,0.0942,0.2847,0.5191,0.102,0.6377,0.3623,0.087,0.913
776582804159262700,0.0396,0.021,0.2064,0.733,0.0777,0.9223,0.1259,0.8741
993332630970974200,0.0436,0.0086,0.0233,0.9246,0.9475,0.0525,0.5537,0.4463
2416640644,0.2654,0.088,0.2476,0.3991,0.982,0.018,0.2456,0.7544
729414395638386700,0.061,0.0113,0.2165,0.7113,0.9564,0.0436,0.7201,0.2799
1159188257684492300,0.0103,0.0149,0.2216,0.7532,0.9897,0.0103,0.2377,0.7623
1281403381437927400,0.0067,0.01,0.0942,0.8891,0,1,1e-4,0.9999
1251198455764209700,0.0081,0.0029,0.0354,0.9536,0.2173,0.7827,0.8998,0.1002
87989060,0.0049,0.0018,0.0346,0.9587,0.0118,0.9882,0.3155,0.6845
2742200355,0.2283,0.0443,0.136,0.5914,0.7692,0.2308,0.9695,0.0305
800730045291475e3,0.0578,0.1235,0.3593,0.4594,0.9017,0.0983,0.4617,0.5383
2149769052,0.0699,0.006,0.2323,0.6918,0.5563,0.4437,0.6252,0.3748
15367102,0.061,0.0357,0.2935,0.6099,0.1574,0.8426,0.2674,0.7326
1192854295928025e3,0.0037,3e-4,0.001,0.9951,0.8155,0.1845,0.855,0.145
206498383,0.04,0.0108,0.0721,0.8772,0.8838,0.1162,0.6754,0.3246
25008430,0.0096,0.0079,0.6449,0.3377,0.0131,0.9869,0.0742,0.9258
908958914,0.0339,6e-4,0.0315,0.9339,0.7071,0.2929,0.9606,0.0394
771807583526989800,0.0558,0.0197,0.2506,0.6739,0.6629,0.3371,0.8992,0.1008
41664024,0.0013,0.0028,0.0987,0.8973,0.9972,0.0028,0.4553,0.5447
757245843795693600,0.2807,0.0917,0.2646,0.3631,0.7101,0.2899,0.2251,0.7749
64636808,0.0075,0.0015,0.1771,0.814,0.9991,9e-4,0.8119,0.1881
948453195004616700,2e-4,4e-4,0.0112,0.9883,0.0201,0.9799,0.9461,0.053900000000000003
1271128934407684e3,0.0701,0.0715,0.5374,0.321,0.9846,0.0154,0.2867,0.7133
1143945821240492e3,0.0085,0.0045,0.1557,0.8313,0.9976,0.0024,0.5192,0.4808
38830654,0.0066,0.0111,0.04,0.9423,0.116,0.884,0.5863,0.4137
70702271,0.0075,0.0309,0.4956,0.4661,0.9865,0.0135,0.0969,0.9031
1009207772640993300,0.0711,0.0991,0.6015,0.2283,0.5896,0.4104,0.292,0.708
342933239,0.0224,0.0865,0.2704,0.6207,0.926,0.074,0.3849,0.6151
2434045662,0.2716,0.1201,0.2676,0.3407,0.9536,0.0464,0.1159,0.8841
968328758322126800,0.113,0.0154,0.2694,0.6022,0.962,0.038,0.6449,0.3551
3433037435,0.0278,0.0043,0.0268,0.9411,0.6434,0.3566,0.8128,0.1872
870149492603007e3,0.094,0.0485,0.2598,0.5977,0.8152,0.1848,0.6602,0.3398
508306061,0.0161,0.0899,0.5418,0.3522,0.997,0.003,0.0687,0.9313
2741883892,0.0061,0.0023,0.127,0.8646,0.0165,0.9835,0.1593,0.8407
1103840177888378900,0.0013,0.0497,0.1249,0.8241,0.9953,0.0047,0.0304,0.9696
67454121,0.0228,0.0094,0.06,0.9077,0.9445,0.0555,0.8245,0.1755
1122352928969429e3,0.1797,0.0673,0.1488,0.6043,0.813,0.187,0.6735,0.3265
247312318,0.0227,0.0313,0.4841,0.4619,0.981,0.019,0.111,0.889
1282181004996706300,0.0015,0.0015,0.0086,0.9884,0.9928,0.0072,0.142,0.858
777648789196648400,0.0299,0.0173,0.1093,0.8435,0.9064,0.0936,0.7243,0.2757
3307039310,0.0399,0.2225,0.5465,0.1911,0.0226,0.9774,0.0547,0.9453
43348556,0.038,0.0166,0.2085,0.7368,0.9692,0.0308,0.1638,0.8362
1302104548484485e3,0.0032,0.0215,0.2393,0.736,0.0035,0.9965,0.0296,0.9704
785638309103972400,0.0269,0.0065,0.4187,0.5479,0.955,0.045,0.399,0.601
1306048360311386e3,0.0577,0.063,0.5026,0.3767,0.0112,0.9888,0.6356,0.3644
1136175187,0.1852,0.1345,0.3176,0.3627,0.8292,0.1708,0.505,0.495
21900762,0.1949,0.423,0.2587,0.1234,0.1169,0.8831,0.051,0.949
87989066,0.1643,0.0719,0.3113,0.4525,0.8924,0.1076,0.3605,0.6395
2783367703,0.6356,0.2563,0.0879,0.0202,0.0792,0.9208,0.0425,0.9575
1320951100338540500,0.0115,0.0038,0.1449,0.8398,2e-4,0.9998,0.0451,0.9549
267874233,0.012,0.0172,0.2973,0.6735,0.9747,0.0253,0.3661,0.6339
19261258,0.0638,0.0081,0.1096,0.8184,0.7648,0.2352,0.979,0.021
1316401886610837500,0.1662,0.0975,0.2634,0.473,0.734,0.266,0.5883,0.4117
37808197,0.1422,0.6169,0.2297,0.0112,0.0641,0.9359,0.0024,0.9976
84965158,0.008,0.0352,0.676,0.2807,0.0051,0.9949,0.1986,0.8014
1317584301337313300,0.4203,0.1658,0.2016,0.2124,0.7281,0.2719,0.5626,0.4374
444205248,0.1746,0.3898,0.3181,0.1175,0.8726,0.1274,0.0251,0.9749
756183587976646700,0.0328,0.2321,0.1774,0.5577,0.247,0.753,0.1356,0.8644
215335714,0.05,0.1323,0.4275,0.3902,0.883,0.117,0.1824,0.8176
158900614,0.0391,0.0125,0.4165,0.5319,0.9658,0.0342,0.8326,0.1674
583211607,0.4671,0.3279,0.1815,0.0236,0.1143,0.8857,0.2361,0.7639
108370360,0.1511,0.1686,0.3208,0.3595,0.9812,0.0188,0.0772,0.9228
177273594,0.0056,0.0716,0.2841,0.6386,0.0107,0.9893,0.1567,0.8433
395745827,0.0194,0.0302,0.4977,0.4527,0.9849,0.0151,0.0728,0.9272
1954925894,0.0349,0.005,0.1747,0.7854,0.9547,0.0453,0.9578,0.0422
970994586,0.2572,0.08,0.2712,0.3916,0.7446,0.2554,0.4225,0.5775
908133817587781600,6e-4,0.0011,0.0953,0.9031,0.3718,0.6282,0.0403,0.9597
17809669,0.0777,0.1334,0.3917,0.3972,0.9294,0.0706,0.1153,0.8847
2663184824,4e-4,8e-4,0.0653,0.9336,0.9549,0.0451,0.2949,0.7051
1268749167427543e3,0.0494,0.0339,0.2106,0.7061,0.8321,0.1679,0.7759,0.2241
885010722752737300,8e-4,0.0026,0.1556,0.841,0,1,0.0128,0.9872
31183094,0.0088,0.0027,0.1073,0.8813,0.9849,0.0151,0.4353,0.5647
2955326720,0.2672,0.4862,0.1632,0.0833,0.1166,0.8834,0.0839,0.9161
46475420,0.0037,0.024,0.2844,0.6878,0.9575,0.0425,0.4842,0.5158
1145702015374438400,0.0032,0.0112,0.0767,0.9089,0.9848,0.0152,0.1869,0.8131
247501058,0.024,0.0947,0.5622,0.319,0.9966,0.0034,0.0943,0.9057
1270089578511204400,0.0649,0.0342,0.1834,0.7176,0.9676,0.0324,0.5845,0.4155
2975075685,0.1438,0.0788,0.2794,0.498,0.8629,0.1371,0.6712,0.3288
785284856242696200,0.3452,0.0333,0.2709,0.3506,0.5349,0.4651,0.9786,0.0214
4491996682,0.126,0.8669,0.0066,5e-4,0.0836,0.9164,0.0012,0.9988
90688191,0.04,0.0784,0.4226,0.459,0.083,0.917,0.0282,0.9718
1250333854105104400,0.0052,0.002,0.1423,0.8505,0.9936,0.0064,0.2763,0.7237
219432850,0.0072,0.0357,0.5298,0.4273,0.9914,0.0086,0.1149,0.8851
988593192189726700,0.2018,0.034,0.2324,0.5318,0.9285,0.0715,0.3448,0.6552
895485884098916400,0.6452,0.2232,0.0889,0.0428,0.1261,0.8739,0.0413,0.9587
803518793318277100,0.0025,0.0011,0.1932,0.8032,0.9553,0.0447,0.2454,0.7546
809209289051164700,0.2674,0.2275,0.3572,0.1478,0.1094,0.8906,0.0967,0.9033
571592528,0.4166,0.1019,0.4373,0.0442,0.0095,0.9905,0.0019,0.9981
104241302,0.4282,0.3847,0.1506,0.0365,0.5708,0.4292,0.1146,0.8854
91272139,0.0306,0.0107,0.4137,0.545,0.987,0.013,0.6897,0.3103
118825734,0.0022,0.0722,0.8171,0.1086,0.0128,0.9872,0.0546,0.9454
23730725,0.4892,0.3128,0.1066,0.0914,0.7503,0.2497,0.0527,0.9473
1169104431897407500,0.0272,0.0143,0.4376,0.5209,0.9993,7e-4,0.2234,0.7766
2237995092,0.0573,0.0431,0.2135,0.6861,0.7318,0.2682,0.6443,0.3557
1014249685,0.0071,0.0917,0.2284,0.6727,0.9704,0.0296,0.3212,0.6788
1143934963,0.0615,0.4466,0.4396,0.0523,0.8509,0.1491,0.0588,0.9412
491026350,0.0353,0.0044,0.1093,0.8511,0.979,0.021,0.9788,0.0212
1212565990006935600,0.0295,0.0155,0.0944,0.8606,0.9456,0.0544,0.8834,0.1166
45682206,0.0279,0.0073,0.1273,0.8375,0.594,0.406,0.3002,0.6998
19281012,0.0339,0.0213,0.4763,0.4685,0.999,0.001,0.2321,0.7679
230285629,0.2541,0.3872,0.1665,0.1923,0.8121,0.1879,0.226,0.774
36511832,0.4508,0.3387,0.1147,0.0959,0.4853,0.5147,0.0288,0.9712
1669269121,0.1056,0.1082,0.4387,0.3474,0.1173,0.8827,0.2546,0.7454
418410620,0.0288,0.0053,0.0546,0.9114,0.6907,0.3093,0.9626,0.0374
828261857290915800,0.022,0.0548,0.7322,0.191,0.0549,0.9451,0.0812,0.9188
79816637,0.1342,0.7684,0.0861,0.0113,0.1081,0.8919,0.0096,0.9904
61791921,0.0521,0.3715,0.4629,0.1135,0.9403,0.0597,0.0147,0.9853
88398197,2e-4,0.002,0.0661,0.9317,0.9722,0.0278,0.5517,0.4483
53766511,0.0892,0.0845,0.7916,0.0348,0.2753,0.7247,0.1866,0.8134
731204530407374800,0.0217,0.0067,0.2186,0.7529,0.9791,0.0209,0.5058,0.4942
1323705636803235800,0.0362,0.0163,0.258,0.6894,0.3657,0.6343,0.2589,0.7411
805471705997213700,0.4533,0.2565,0.1878,0.1024,0.9099,0.0901,0.0705,0.9295
1321341928978272300,0.0292,0.0153,0.3797,0.5758,0.9306,0.0694,0.8627,0.1373
701188479305166800,0.0129,0.0015,0.0299,0.9558,0.8477,0.1523,0.9663,0.0337
109669240,0.053900000000000003,0.1173,0.2519,0.5769,0.0401,0.9599,0.2536,0.7464
3087507111,0.1074,0.3815,0.4204,0.0906,0.1702,0.8298,0.0462,0.9538
179976580,0.0384,0.2006,0.3176,0.4434,0.1275,0.8725,0.1814,0.8186
1316969992609501200,0.8592,0.1096,0.0226,0.0086,0.1673,0.8327,0.0263,0.9737
2950406144,0.1419,0.1697,0.3752,0.3133,0.9707,0.0293,0.0577,0.9423
482078000,0.048,0.0419,0.3883,0.5218,0.9883,0.0117,0.0668,0.9332
1169681709622866e3,0.0012,0.0088,0.1231,0.867,0.0662,0.9338,0.2749,0.7251
2594308016,9e-4,3e-4,0.0146,0.9842,0.9942,0.0058,0.4465,0.5535
548743983,0.0552,0.095,0.1906,0.6592,0.0334,0.9666,0.316,0.684
20399773,0.016,0.0504,0.5921,0.3415,0.0185,0.9815,0.0916,0.9084
2714660159,0.0118,0.0372,0.2193,0.7317,0.98740000000000006,0.0126,0.1101,0.8899
582317634,0.7821,0.2051,0.007,0.0058,0.919,0.081,0.0055,0.9945
782743639881424900,5e-4,0.0016,0.1025,0.8954,0.0117,0.9883,0.4089,0.5911
27755898,0.0617,0.0864,0.5586,0.2934,0.4553,0.5447,0.2473,0.7527
799985250428473300,0.0133,0.0531,0.8551,0.0785,3e-4,0.9997,0.0029,0.9971
997009105305780200,0.0016,0.0035,0.8568,0.138,0.9832,0.0168,0.2851,0.7149
1159969841350152200,0.0049,0.0035,0.1408,0.8508,0.9864,0.0136,0.2694,0.7306
1095739466600378400,0.1591,0.0639,0.3606,0.4164,0.6356,0.3644,0.6304,0.3696
1166011067346116600,0.0183,0.0622,0.4365,0.4829,0.0227,0.9773,0.1976,0.8024
762596852,0.0025,3e-4,0.0282,0.969,0.9944,0.0056,0.91,0.09
404852430,1e-4,0.0022,0.0964,0.9013,0.9998,2e-4,0.09,0.91
796304635,0.0022,6e-4,0.0988,0.8985,0.0094,0.9906,0.4997,0.5003
76977344,0.1545,0.1605,0.5619,0.123,0.8505,0.1495,0.1451,0.8549
1238517681990578200,0.3081,0.2045,0.1757,0.3117,0.8246,0.1754,0.4445,0.5555
238003065,0.7727,0.1981,0.0164,0.0127,0.7357,0.2643,0.0742,0.9258
809215890722082800,0.2839,0.1085,0.2507,0.357,0.7305,0.2695,0.5503,0.4497
1007084909675139100,0.0066,6e-4,0.0229,0.9699,0.7002,0.2998,0.7998,0.2002
858118388,0.0122,0.0026,0.0922,0.893,0.9912,0.0088,0.6234,0.3766
2309036718,0.0014,3e-4,0.0459,0.9524,0.1855,0.8145,0.4381,0.5619
1005390422,0.0344,0.2615,0.4329,0.2711,0.0303,0.9697,0.0749,0.9251
991113529100046300,0.2151,0.2171,0.5082,0.0596,0.9884,0.0116,0.0335,0.9665
545368833,0.0059,0.0124,0.6898,0.2919,0.0042,0.9958,0.0784,0.9216
3311637872,0.006,0.0044,0.0866,0.903,0.8114,0.1886,0.2941,0.7059
23519943,0.0023,0.0093,0.1225,0.8659,0.013,0.987,0.4097,0.5903
15085620,0.2949,0.195,0.3343,0.1758,0.7154,0.2846,0.2188,0.7812
231465518,0.1693,0.1375,0.4208,0.2725,0.9143,0.0857,0.0813,0.9187
2902838046,0.2943,0.1405,0.4088,0.1564,0.7524,0.2476,0.1639,0.8361
955467384797761500,3e-4,5e-4,0.0382,0.961,0.9983,0.0017,0.533,0.467
298681398,0.127,0.096,0.2736,0.5034,0.9168,0.0832,0.736,0.264
1237191098461642800,0.1423,0.2337,0.4209,0.2031,0.9963,0.0037,0.0711,0.9289
821031493594128400,0.0015,6e-4,0.0192,0.9787,0.0156,0.9844,0.5974,0.4026
3975692834,0.002,0.0026,0.1946,0.8008,0.9865,0.0135,0.7319,0.2681
745819912057274400,0.0246,0.0167,0.2613,0.6974,0.5099,0.4901,0.8339,0.1661
1196410290130313200,0.0099,0.0045,0.0886,0.8971,0.9337,0.0663,0.6826,0.3174
2817108419,0.0308,0.0162,0.3389,0.6141,0.0192,0.9808,0.3513,0.6487
814300323733012500,0.016,0.0225,0.3193,0.6423,0.3799,0.6201,0.1266,0.8734
56324906,0.0037,0.0214,0.4337,0.5412,0.0646,0.9354,0.0818,0.9182
51213244,0.2223,0.2878,0.2814,0.2085,0.9809,0.0191,0.0406,0.9594
763947900342710300,0.0034,0.0019,0.0538,0.9409,0.02,0.98,0.5562,0.4438
95254745,0.1153,0.7087,0.1374,0.0386,0.6797,0.3203,0.0334,0.9666
924541530,0.081,0.1141,0.5209,0.284,0.9672,0.0328,0.3477,0.6523
91668194,0.1529,0.1251,0.4093,0.3127,0.7364,0.2636,0.2302,0.7698
4230787578,0.3265,0.2855,0.2456,0.1424,0.6297,0.3703,0.6427,0.3573
2704595310,0.0439,0.0556,0.5322,0.3683,0.739,0.261,0.7692,0.2308
2878502178,0.0478,0.0654,0.3099,0.5769,0.0556,0.9444,0.0658,0.9342
1101620427141668900,1e-4,4e-4,0.0461,0.9535,0.0058,0.9942,0.2091,0.7909
472358168,0.0244,0.0294,0.3395,0.6068,0.8966,0.1034,0.3398,0.6602
11335322,0.0089,0.0063,0.0948,0.89,0.3087,0.6913,0.1323,0.8677
203957103,0.0025,0.0207,0.4436,0.5332,0.9996,4e-4,0.1809,0.8191
742828749448564700,0.0268,0.0339,0.16,0.7793,0.9337,0.0663,0.2986,0.7014
181798901,2e-4,1e-4,0.0263,0.9734,0.9992,8e-4,0.3111,0.6889
160230699,0.1492,0.0546,0.5801,0.216,0.011,0.989,0.2298,0.7702
42620847,0.087,0.1364,0.4888,0.2878,0.4177,0.5823,0.1355,0.8645
77854590,0.115,0.0094,0.0338,0.8418,0.8828,0.1172,0.9937,0.0063
1091718864952541200,0.0045,0.0036,0.2219,0.77,0.6722,0.3278,0.4904,0.5096
20294414,0.0534,0.0401,0.3132,0.5933,0.6246,0.3754,0.9148,0.0852
17744351,0.0318,0.0571,0.5163,0.3949,0.7808,0.2192,0.6335,0.3665
7558352,0.0014,0.0014,0.0442,0.953,0.9953,0.0047,0.1524,0.8476
214679889,0.0129,0.0611,0.5019,0.4241,0.9504,0.0496,0.0548,0.9452
1145866561271554e3,0.014,0.1111,0.6894,0.1854,0.9989,0.0011,0.0512,0.9488
152373515,0.0055,0.0076,0.4516,0.5352,0.9961,0.0039,0.1202,0.8798
983008646236917800,0.6743,0.0237,0.0608,0.2412,0.9118,0.0882,0.9763,0.0237
822728578588692500,0.0075,0.0346,0.1963,0.7616,0.0081,0.9919,0.3102,0.6898
464306907,3e-4,5e-4,0.0101,0.9891,0.8632,0.1368,0.2259,0.7741
2861015119,0.012,0.0093,0.6904,0.2883,0.9697,0.0303,0.1705,0.8295
830920720184119300,0.0535,0.0016,0.0516,0.8933,0.5014,0.4986,0.9927,0.0073
842493042754043900,0.0104,0.277,0.5776,0.135,0.0292,0.9708,0.0403,0.9597
4218076636,0.053,0.0151,0.1678,0.764,0.6222,0.3778,0.9579,0.0421
527080388,0.2623,0.0745,0.5047,0.1585,0.9653,0.0347,0.4693,0.5307
492935784,1e-4,0.0015,0.0185,0.98,0.9999,1e-4,4e-4,0.9996
15868005,0.0139,0.0487,0.7419,0.1955,7e-4,0.9993,0.0363,0.9637
861803498,0.0559,0.0507,0.4033,0.4901,0.9606,0.0394,0.1204,0.8796
353426909,0.0053,0.0322,0.7111,0.2514,0.0029,0.9971,0.0634,0.9366
913534321,0.606,0.3063,0.0724,0.0153,0.867,0.133,0.0104,0.9896
241883170,6e-4,8e-4,0.0785,0.9201,0.9992,8e-4,0.1218,0.8782
363898317,0.1541,0.0715,0.1583,0.6161,0.6684,0.3316,0.1011,0.8989
46046558,0.1715,0.2047,0.3721,0.2517,0.3335,0.6665,0.0495,0.9505
876432743604813800,0.0984,0.0427,0.4044,0.4545,0.0694,0.9306,0.1717,0.8283
899059525,0.0477,0.0286,0.3148,0.609,0.3002,0.6998,0.308,0.692
3885993200,5e-4,0.0029,0.0528,0.9439,0.0275,0.9725,0.1389,0.8611
321156998,0.0216,0.0045,0.1343,0.8397,0.8753,0.1247,0.9298,0.0702
1002170240548134900,0.0519,0.1316,0.5512,0.2654,0.9502,0.0498,0.051,0.949
1314929254421987300,0,1e-4,0.0046,0.9953,0.0062,0.9938,0.1118,0.8882
15943896,0.0399,0.0068,0.0728,0.8805,0.5884,0.4116,0.8371,0.1629
1149225928268165100,0.0331,0.0767,0.2847,0.6055,0.0205,0.9795,0.0219,0.9781
2407718453,0.0214,0.0133,0.0985,0.8669,0.7682,0.2318,0.358,0.642
137370150,0.0508,0.0064,0.0391,0.9038,0.0369,0.9631,0.4747,0.5253
812012369035612200,0.0472,0.0925,0.4273,0.433,0.9827,0.0173,0.2202,0.7798
706595830635991e3,0.3388,0.1219,0.3066,0.2327,0.931,0.069,0.2985,0.7015
1246487448051474400,0.0018,0.001,0.0602,0.937,0.9908,0.0092,0.2603,0.7397
1055641245924712400,0.0048,0.0021,0.1636,0.8296,0.0054,0.9946,0.4736,0.5264
45838753,0.004,0.0039,0.3009,0.6913,0.0923,0.9077,0.3025,0.6975
2429788189,0.2877,0.4629,0.1912,0.0582,0.9659,0.0341,0.0158,0.9842
1317652583058604e3,0.0124,0.0284,0.3577,0.6015,0.9892,0.0108,0.0676,0.9324
2901468152,0.0185,0.0354,0.4114,0.5348,0.9899,0.0101,0.1585,0.8415
1163282417945325600,0.0268,0.0127,0.614,0.3464,0.0203,0.9797,0.2761,0.7239
96681491,0.0197,0.0277,0.3601,0.5925,0.0346,0.9654,0.0764,0.9236
1079919206219567100,0.0382,0.1398,0.5756,0.2464,0.9912,0.0088,0.2506,0.7494
2198033347,0.0496,0.0992,0.3661,0.4852,0.0921,0.9079,0.0558,0.9442
774434361839980500,0.1774,0.5537,0.1813,0.0876,0.0758,0.9242,0.0223,0.9777
278115412,0.1221,0.1117,0.5478,0.2184,0.2051,0.7949,0.0878,0.9122
942227101968748500,0.0448,0.1148,0.4712,0.3692,0.9749,0.0251,0.0713,0.9287
3744439153,0.0563,0.1459,0.4925,0.3053,0.9347,0.0653,0.2023,0.7977
1083484590327689200,0.295,0.1256,0.3746,0.2047,0.7834,0.2166,0.1933,0.8067
860233232431939600,0.2645,0.223,0.2547,0.2578,0.6781,0.3219,0.3952,0.6048
821781392778547200,0.0534,0.0217,0.6257,0.2993,0.0044,0.9956,0.0719,0.9281
1318606920933167e3,0.1579,0.1945,0.2817,0.3659,0.9576,0.0424,0.3621,0.6379
461539835,0.4065,0.5139,0.0623,0.0174,0.1046,0.8954,0.0094,0.9906
453562127,0.317,0.2572,0.3147,0.1111,0.9134,0.0866,0.0343,0.9657
2562800055,0.2132,0.1255,0.2358,0.4255,0.8889,0.1111,0.4615,0.5385
751608497092067300,0.0697,0.0093,0.2839,0.6371,0.9159,0.0841,0.6086,0.3914
908691708052779e3,4e-4,2e-4,0.0202,0.9792,1e-4,0.9999,0.0796,0.9204
988571659,0.0129,0.0081,0.2489,0.7301,0.9883,0.0117,0.0923,0.9077
17766879,0.0171,0.0242,0.8019,0.1569,0.9979,0.0021,0.166,0.834
32513567,0.189,0.3774,0.3187,0.1149,0.0311,0.9689,0.0045,0.9955
615775391,0.0193,0.0347,0.0272,0.9188,0.0418,0.9582,0.0196,0.9804
912211013247881200,0.0175,0.0114,0.1454,0.8257,0.8248,0.1752,0.6627,0.3373
884094821178146800,0.2184,0.1498,0.2255,0.4063,0.0981,0.9019,0.1737,0.8263
308212182,4e-4,3e-4,0.0119,0.98740000000000006,0.9868,0.0132,0.2139,0.7861
749317602464374800,0.1567,0.0743,0.2981,0.4709,0.9438,0.0562,0.3176,0.6824
983139713195429900,0.032,0.0209,0.1197,0.8274,0.5152,0.4848,0.4168,0.5832
327754179,0.0011,5e-4,0.0279,0.9705,0.0869,0.9131,0.2177,0.7823
14344403,0.0087,0.0122,0.1991,0.7799,0.9933,0.0067,0.1736,0.8264
3754313593,0.0812,0.0407,0.0659,0.8123,0.7961,0.2039,0.9201,0.0799
954341039623598100,0.047,0.0134,0.0862,0.8535,0.8931,0.1069,0.1263,0.8737
565931647,0.0292,0.0113,0.066,0.8935,0.9582,0.0418,0.704,0.296
537814245,0.0952,0.2314,0.3817,0.2918,0.9762,0.0238,0.0454,0.9546
17401323,7e-4,1e-4,0.0397,0.9595,0.9977,0.0023,0.6376,0.3624
22223902,0.0292,0.1975,0.6652,0.1081,0.9903,0.0097,0.0496,0.9504
1166835280436957200,7e-4,9e-4,0.0208,0.9776,0.9894,0.0106,0.4503,0.5497
834838077063454700,0.0159,0.0078,0.091,0.8853,0.3846,0.6154,0.5363,0.4637
2517997171,0.1506,0.1947,0.2909,0.3638,0.8659,0.1341,0.1308,0.8692
3231250705,2e-4,7e-4,0.0275,0.9716,0.9849,0.0151,0.5638,0.4362
33320007,0.1208,0.1816,0.4709,0.2266,0.0895,0.9105,0.1389,0.8611
1135041667885649900,0.0156,0.0146,0.2568,0.713,0.9937,0.0063,0.4498,0.5502
3322128315,0.0487,0.1296,0.6351,0.1866,0.0191,0.9809,0.0475,0.9525
41053144,0.0228,0.7548,0.169,0.0534,0.9385,0.0615,0.0412,0.9588
1309350595703255e3,0.3517,0.0505,0.1148,0.483,0.5035,0.4965,0.9237,0.0763
1227779574005715e3,0.1447,0.1495,0.308,0.3977,0.8164,0.1836,0.5369,0.4631
242155297,0.0217,0.1255,0.5562,0.2966,0.9783,0.0217,0.1126,0.8874
96187339,0.1391,0.0651,0.0787,0.7171,0.8497,0.1503,0.9523,0.0477
848596697747947500,0.1005,0.0913,0.6933,0.1149,0.1357,0.8643,0.0488,0.9512
23241302,0.0442,0.4526,0.416,0.0872,0.0155,0.9845,0.0124,0.9876
56584237,0.0662,0.0295,0.1347,0.7696,0.9334,0.0666,0.5754,0.4246
1060072030131945500,0.0149,0.0013,0.0354,0.9485,0.0157,0.9843,0.8073,0.1927
14324200,0.2236,0.0868,0.3337,0.3559,0.8838,0.1162,0.8497,0.1503
899301623616426e3,0.5245,0.2869,0.1621,0.0264,0.7349,0.2651,0.1348,0.8652
1243692647669252e3,0.0194,0.0765,0.667,0.2371,0.9859,0.0141,0.0588,0.9412
2358576582,0.1501,0.5168,0.2597,0.0734,0.0736,0.9264,0.0238,0.9762
2229229510,5e-4,2e-4,0.0019,0.9974,1e-4,0.9999,5e-4,0.9995
334190707,8e-4,0.0042,0.0943,0.9007,0.9995,5e-4,0.0254,0.9746
941866898672799700,0.0031,0.0022,0.0428,0.9519,0.075,0.925,0.9391,0.0609
1548506839,0.0837,0.093,0.3229,0.5004,0.9713,0.0287,0.6199,0.3801
3279098148,0.0039,0.0071,0.0665,0.9225,0.9866,0.0134,0.383,0.617
1459535533,0.0096,0.0023,0.0052,0.9829,0.8528,0.1472,0.9797,0.0203
82915144,5e-4,7e-4,0.1874,0.8114,0.9998,2e-4,0.171,0.829
267881440,0.0012,6e-4,0.0398,0.9585,0.0066,0.9934,0.1772,0.8228
4827681869,0.0034,0.0013,0.0885,0.9068,0.0078,0.9922,0.1255,0.8745
3087177750,0.0516,0.0088,0.2805,0.6592,0.5939,0.4061,0.4822,0.5178
2268584392,0.1978,0.3017,0.3431,0.1574,0.2094,0.7906,0.1319,0.8681
1270766670563459e3,0.0062,0.0146,0.6767,0.3026,0.9997,3e-4,0.1106,0.8894
25631619,0.0021,2e-4,0.0232,0.9745,0.6234,0.3766,0.4238,0.5762
37032719,0.0119,0.0086,0.1481,0.8314,0.5502,0.4498,0.8032,0.1968
3634108280,0.7806,0.1692,0.0379,0.0123,0.4924,0.5076,0.0182,0.9818
374292258,0.0767,0.0493,0.61240000000000006,0.2616,0.0492,0.9507,0.2238,0.7762
811581271,0.0181,0.0202,0.1979,0.7638,0.8411,0.1589,0.9765,0.0235
1246425289560690700,0.0555,0.2413,0.5266,0.1766,0.982,0.018,0.0658,0.9342
48737905,0.8541,0.0995,0.0316,0.0148,0.6562,0.3438,0.139,0.861
129867730,1e-4,1e-4,0.0042,0.9955,0.0052,0.9948,0.0108,0.9892
25990591,0.0097,0.0204,0.8395,0.1303,0.9822,0.0178,0.1546,0.8454
815020853830307800,0,0,3e-4,0.9997,0.9985,0.0015,0.2178,0.7822
1523414748,0.0143,0.0161,0.2629,0.7068,0.997,0.003,0.5137,0.4863
2232566436,0.0408,0.0067,0.1611,0.7913,0.8873,0.1127,0.9649,0.0351
600630272,0.0053,0.0039,0.3605,0.6303,0.9849,0.0151,0.4565,0.5435
1009246449148874800,0.0361,0.0217,0.2877,0.6545,0.2521,0.7479,0.199,0.801
937126751842512900,0.177,0.0426,0.1978,0.5826,0.6994,0.3006,0.7968,0.2032
900369100375023600,0.0164,0.0102,0.2982,0.6753,0.0346,0.9654,0.2254,0.7746
157835789,0.0427,0.0153,0.2429,0.6992,0.4102,0.5898,0.696,0.304
796888461773049900,0.0661,0.21560000000000001,0.0399,0.6784,0.0285,0.9715,0.0196,0.9804
1177069279906324500,0.092,0.0723,0.4736,0.3621,0.3755,0.6245,0.4722,0.5278
21175967,0.108,0.1448,0.3426,0.4046,0.28,0.72,0.3723,0.6277
126378785181005e4,9e-4,0.0072,0.8908,0.1012,0.9998,2e-4,0.0646,0.9354
14161059,0.0069,0.0012,0.0315,0.9604,0.6552,0.3448,0.8325,0.1675
913214584948891600,0.2011,0.0757,0.2195,0.5036,0.3609,0.6391,0.9653,0.0347
981356187907166200,0.019,0.0083,0.2853,0.6874,0.8202,0.1798,0.6516,0.3484
127579280,0.0846,0.0905,0.099,0.7259,0.8759,0.1241,0.4599,0.5401
89175694,0.0224,0.2073,0.542,0.2283,0.9583,0.0417,0.1468,0.8532
21411657,0.0045,0.0261,0.1522,0.8172,0.9999,1e-4,4e-4,0.9996
20625253,0.0768,0.0454,0.4734,0.4045,0.038,0.962,0.6607,0.3393
25353979,0.0067,0.0114,0.2637,0.7181,0.9987,0.0013,0.3139,0.6861
107804798,0.0197,0.1237,0.5239,0.3328,0.847,0.153,0.3127,0.6873
22137799,0.1238,0.2164,0.4433,0.2164,0.985,0.015,0.0902,0.9098
2308461984,0.0469,0.1144,0.6048,0.2339,0.8488,0.1512,0.1847,0.8153
875011426649112600,0.0537,0.0739,0.3558,0.5167,0.0266,0.9734,0.0988,0.9012
1099843960879673300,0.0014,3e-4,0.0271,0.9713,0.9981,0.0019,0.6558,0.3442
77357314,4e-4,7e-4,0.0348,0.9641,0.9977,0.0023,0.068,0.932
845683527836487700,9e-4,0.001,0.0625,0.9356,0.0187,0.9813,0.2789,0.7211
278765621,0.5414,0.21,0.1915,0.0571,0.6366,0.3634,0.2137,0.7863
1419597456,4e-4,7e-4,0.1356,0.8633,0.9983,0.0017,0.3999,0.6001
27164836,0.1303,0.0996,0.4151,0.3549,0.9709,0.0291,0.2699,0.7301
19550140,0.1296,0.0839,0.1609,0.6255,0.6687,0.3313,0.4768,0.5232
25448819,0.6444,0.1634,0.133,0.0591,0.7723,0.2277,0.395,0.605
1238839159810330600,0.0593,0.0322,0.7175,0.191,0.0195,0.9805,0.067,0.933
498223316,0.0204,0.0245,0.2896,0.6656,0.1609,0.8391,0.3309,0.6691
1177215114,0.003,0.0018,0.0823,0.913,0.9895,0.0105,0.1593,0.8407
1245700368153161700,0.0512,0.014,0.3188,0.616,0.0467,0.9533,0.5585,0.4415
1319361207678140400,6e-4,3e-4,0.0127,0.9864,0,1,1e-4,0.9999
3138245303,0.0122,0.2848,0.5215,0.1816,0.5593,0.4407,0.1121,0.8879
719016784305774600,0.0175,0.0415,0.5117,0.4294,0.0398,0.9602,0.0845,0.9155
928408436,0.0074,0.0159,0.2085,0.7681,0.9913,0.0087,0.1447,0.8553
1195384883599888400,0.017,0.0086,0.1809,0.7934,0.7033,0.2967,0.8905,0.1095
36894919,0.0027,0.005,0.2603,0.732,0.9985,0.0015,0.2911,0.7089
1243564763348635600,0.0035,8e-4,0.0265,0.9692,0.1212,0.8788,0.2528,0.7472
15741313,0.0227,0.0059,0.1498,0.8216,0.1998,0.8002,0.2314,0.7686
1106945156,0.0973,0.1287,0.7244,0.0496,0.9726,0.0274,0.0391,0.9609
1252284708651556900,0.01,0.035,0.5575,0.3975,0.3665,0.6335,0.1982,0.8018
818315474723283e3,0.4875,0.3313,0.147,0.0342,0.8763,0.1237,0.0495,0.9505
80037303,0.0459,0.0071,0.2078,0.7392,0.9553,0.0447,0.862,0.138
269398826,0.0181,0.0055,0.2118,0.7646,0.9974,0.0026,0.8908,0.1092
15646268,0.113,0.1231,0.3952,0.36870000000000003,0.961,0.039,0.1316,0.8684
1304035325145161700,0.0101,0.0039,0.1105,0.8756,0.9934,0.0066,0.8691,0.1309
950450001691410400,0.0879,0.0518,0.1207,0.7396,0.9328,0.0672,0.6294,0.3706
909936527043698700,0.0523,0.0278,0.1554,0.7646,0.8185,0.1815,0.6503,0.3497
89302931,0.1179,0.0559,0.4661,0.3601,0.1509,0.8491,0.3329,0.6671
46344350,0.038,0.1125,0.6175,0.2321,0.0203,0.9797,0.0622,0.9378
47434886,0.0077,0.003,0.1721,0.8172,0.0288,0.9712,0.1948,0.8052
1159098465726677e3,0.0239,0.0037,0.2366,0.7359,1,0,2e-4,0.9998
1320827095027720200,0.5522,0.1307,0.1718,0.1452,0.0297,0.9703,0.0412,0.9588
1218758494142324700,0.275,0.1617,0.3017,0.2615,0.7843,0.2157,0.2369,0.7631
898817882,0.094,0.0255,0.3075,0.573,0.7564,0.2436,0.2774,0.7226
1123344065284771800,0.0964,0.0878,0.3749,0.441,0.9789,0.0211,0.1424,0.8576
1702111472,0.2549,0.1609,0.4732,0.1109,0.8343,0.1657,0.3031,0.6969
1058865688834699300,0.6736,0.2563,0.0543,0.0159,0.1023,0.8977,0.0442,0.9558
1275210292344041500,0.1083,0.1076,0.3703,0.4138,0.7628,0.2372,0.3918,0.6082
1234659884798500900,0.0214,0.0826,0.5834,0.3126,0.2947,0.7053,0.1125,0.8875
3318238316,0.0276,0.0214,0.2308,0.7202,0.0101,0.9899,0.1137,0.8863
3409529645,0.0801,0.0751,0.3052,0.5395,0.9756,0.0244,0.5369,0.4631
752493806,0.0113,0.0201,0.2015,0.7672,0.9957,0.0043,0.1823,0.8177
3419594272,0.0994,0.1341,0.4929,0.2736,0.9867,0.0133,0.0823,0.9177
109472062,0.011,0.012,0.1396,0.8374,0.4658,0.5342,0.0688,0.9312
265683313,0.3973,0.1232,0.2596,0.2199,0.8029,0.1971,0.6853,0.3147
353236400,0.0067,0.1993,0.5514,0.2426,0.9652,0.0348,0.0346,0.9654
162301746,0.0023,0.0099,0.0617,0.9262,0.01,0.99,0.3554,0.6446
18965946,0.0167,0.0064,0.0892,0.8876,0.0992,0.9008,0.9445,0.0555
1149326148586922e3,0.0094,0.0157,0.0496,0.9253,0.9978,0.0022,0.0542,0.9458
4720129308,0.0432,0.0217,0.2193,0.7158,0.5376,0.4624,0.9105,0.0895
3533323814,0.0217,0.0614,0.3908,0.526,0.762,0.238,0.2892,0.7108
29128560,0.0127,0.0135,0.1274,0.8464,0.9941,0.0059,0.3414,0.6586
1.0543829455853199e+18,0.0232,0.0525,0.5132,0.4111,0.9972,0.0028,0.2031,0.7969
140677151,0.0038,0.0218,0.6199,0.3545,0.0078,0.9922,0.0722,0.9278
3383484320,0.0041,0.0031,0.0692,0.9236,0.9927,0.0073,0.3133,0.6867
2857037954,0.0228,0.0785,0.5655,0.3332,0.0732,0.9268,0.1965,0.8035
1404014400,0.0427,0.0731,0.4514,0.4328,0.3242,0.6758,0.2481,0.7519
1401281562,0.2214,0.1112,0.2845,0.3829,0.1971,0.8029,0.2051,0.7949
1251986358538772500,0.0081,0.0015,0.0527,0.9377,0.0426,0.9574,0.6809,0.3191
1011415638672400400,0.0912,0.1334,0.3565,0.4189,0.0385,0.9615,0.0325,0.9675
465930776,0.0755,0.044,0.5443,0.3363,0.0563,0.9437,0.1425,0.8575
1395158480,0.2439,0.174,0.3778,0.2042,0.062,0.938,0.1307,0.8693
1540501554,0.006,0.009,0.0386,0.9464,0,1,1e-4,0.9999
1002614362471895e3,0.0018,4e-4,0.0186,0.9793,0.5135,0.4865,0.5466,0.4534
27113553,0.0081,0.0422,0.3486,0.601,0.2416,0.7584,0.0567,0.9433
17860948,0.0319,0.0137,0.5463,0.4081,0.0032,0.9968,0.0672,0.9328
29888553,0.0237,0.0192,0.2466,0.7105,0.9184,0.0816,0.2384,0.7616
455641939,0.1241,0.15,0.4817,0.2442,0.7698,0.2302,0.0678,0.9322
2366210331,0.0402,0.0832,0.3195,0.5571,0.0086,0.9914,0.034,0.966
936130310592331800,0.0349,0.0665,0.366,0.5326,0.0284,0.9716,0.038,0.962
1319772550717583400,0.2462,0.1868,0.2567,0.3103,0.2907,0.7093,0.1132,0.8868
1277978740643913700,0.2006,0.0175,0.0146,0.7672,0.2696,0.7304,0.9712,0.0288
4878909383,0.0058,0.0034,0.1176,0.8732,0.9867,0.0133,0.6481,0.3519
874750040,0.0081,0.002,0.016,0.9739,0.69,0.31,0.3552,0.6448
1243723917937778700,6e-4,3e-4,0.0058,0.9933,0.982,0.018,0.9439,0.0561
827974596183855100,0.1405,0.2059,0.5344,0.1191,0.7977,0.2023,0.3361,0.6639
984570229496864800,0.0044,0.0077,0.4801,0.5078,0.0334,0.9666,0.3517,0.6483
722508677488324600,0.0078,0.1045,0.7995,0.0882,0.9957,0.0043,0.1205,0.8795
1177296983435989e3,0.3139,0.3624,0.2614,0.0623,0.5481,0.4519,0.0491,0.9509
2845794910,0.0468,0.0083,0.6285,0.3163,0.9997,3e-4,0.0128,0.9872
107980048,0.0019,0.0034,0.3685,0.6261,0.001,0.999,0.3097,0.6903
1205168479252500500,0.0091,0.0128,0.275,0.7031,0.9519,0.0481,0.2711,0.7289
3287498719,0.1254,0.0323,0.0884,0.7538,0.5419,0.4581,0.7855,0.2145
528837552,0.0272,0.0168,0.3057,0.6503,0.6854,0.3146,0.4712,0.5288
907092902899105800,3e-4,2e-4,0.0352,0.9642,0.9001,0.0999,0.7954,0.2046
920120467,0.0416,0.1376,0.748,0.0728,0.9359,0.0641,0.1226,0.8774
286370193,0.0606,0.2878,0.4387,0.2129,0.1113,0.8887,0.1711,0.8289
1280859646043943e3,0.0376,0.0291,0.1398,0.7935,0.0768,0.9232,0.3429,0.6571
47491556,0.1513,0.0554,0.1571,0.6362,0.8208,0.1792,0.8741,0.1259
1881869352,0.0011,0.0116,0.1773,0.8101,0.007,0.993,0.1827,0.8173
914381868694466600,0.3043,0.2671,0.29,0.1386,0.9896,0.0104,0.1668,0.8332
1366422668,0.0648,0.0318,0.3975,0.5059,0.0335,0.9665,0.6554,0.3446
1392999812,5e-4,3e-4,0.03,0.9692,0.1998,0.8002,0.4248,0.5752
1257719485,0.4318,0.5324,0.028,0.0079,0.2434,0.7566,0.0017,0.9983
1234567890,0.0645,0.0147,0.1019,0.8188,0.9253,0.0747,0.9208,0.0792
1234567890,1e-4,0,0.0042,0.9957,0.9992,8e-4,0.764,0.236
1234567890,0.0013,0.0107,0.3111,0.6769,0.9944,0.0056,0.459,0.541
1234567890,0.0154,0.0096,0.1469,0.8281,0.9263,0.0737,0.6472,0.3528
1234567890,0.0125,0.0324,0.2488,0.7063,0.1931,0.8069,0.1656,0.8344
1234567890,0.0046,0.0034,0.1728,0.8192,0.9868,0.0132,0.4945,0.5055
1234567890,0.009,0.0412,0.2189,0.7309,0.24,0.76,0.2217,0.7783
