id,name,screen_name,description,lang,img_path
329865303,Brittani Ford,__BrittFord__,Wife 💍 Momma 👑 LV Addict 👜 Adrenaline junkie🏁Dog mom🐶 ❤️1 Corinthians 13:13❤️,en,
602935385,🇺🇸🇺🇸brett grant 🇺🇸🇺🇸,_brett_grant_,"the hero this city deserves, and the hero it needs. 23 years old. ESU Graduate #maKEITHappen",en,
1129237991040462849,Gemini ✌🏻❤️ 🙏🏻,_Gemini_33,💍Wife 💕Mom 👩🏻Daughter🙏🏻Christian 🇺🇸 #MAGA,en,
1161969401362599936,I'm A Coronavirus / Covid19 Survivor,_KevinSteele_,"I was an Committee Member & Delegate of the #DemocratParty @TheDemocrats. I'm trying to get surgery, thank you. 
 https://gofund.me/12a568ec",en,
525750541,Kim D ⚖️🇺🇸🦅🗽,_Kim37,"Conservative, pro-life, Trump supporter. l followback likeminded twits. I block idiots and liberal trolls/ bots!! @kimd37 on Parler | http://gab.ai/Kim",en,
352645385,kelly ladenberger,_kladenberger,Psalm 22:28 ⭐️,en,
790689646384517120,LilLisaB,_LisaBailey,"Catholic
Pro-Life 👶🏻
Pro-Gun 
I ❤️ My Husband, My 3 Sons & My 🐱 🐶.
🚫No DM's‼️",en,
15669795,Marsha Leigh-Klaatu barada nikto,_marshaleigh,Retired American Air /writer L.A. Palo Alto Rev @PACPR Santa Ana River Rev @SARR_UCR-Featured DigitalArtist-Painter-🇺🇸🙏🏻 ✝️apologetics Liberty Freedom,en,
132644117,PuddinTang,_PuddinTang_,"( http://cash.app/$GNIXG ) #MAGA2024, I love America!.. HIT THAT FOLLOW or I’ll find you!",en,
68568046,🇺🇸PuppyTears🇺🇸,_PuppyTears,"Crying back at the #Crybaby #Snowflakes

#AmericanPatriot and Proud Deplorable 🐘🇺🇸 
#BackTheBlue #MAGA2020 #KAG I love @realDonaldTrump",en,
748976897313411072,Shay,_shayde2,"Software Engineer. Life survival advice: smile, be kind to one another and don't take anything personally ❤️ |  Parler, Gab: @Shay2",en,
1201682575783280641,Simona Francesca,_Simona_F,"🇺🇸🇮🇹 
Italian born, American raised",en,
253637278,Yvonne God is on the move 🇺🇸 🐻,_YvonneBurton,We are the media now...stop legitimizing the fake news,en,
253637278,Yvonne God is on the move 🇺🇸 🐻,_YvonneBurton,We are the media now...stop legitimizing the fake news,en,
874678453,0nly4U2c,0nly4U2c,"Advanced Degree in Hanging Out with some post-doctoral work in Poor Decision Making.
KAG.",en,
788100118704717824,Patrick,0spfinsib,Blessed Husband Father & Grandfather #MAGA an objective born out of a necessity Disenfranchised Floridian #DefundPP #2A,en,
766260505195544577,1/1024 Dem,1024Dem,“Political Correctness Is Fascism Pretending to Be Manners”—George Carlin 🇺🇸🇮🇱🇺🇸🇮🇱🇺🇸 MAGA/KAG/Deplorable,en,
502225187,Deplorable 10is,10is3,🇺🇸I support 45 🇺🇸Born Again Christian ✝️ Tennis bum 🎾🎾🎾🎾,en,
61885356,Jeanne -- 46isNotMyPresident,11JeanneDarc,"Christian Capitalist Courageous Constitutionalist

America 1st

#TrumpWon2020

#DrainTheSwamp

IFB

Gab & Parler: @11JeanneDarc
IFB; IBDMs",en,
472184651,Pax Tecum- The office of President Elect Pax Tecum,1231tab,"TLM/Maronite ❤️Catholic, Wife, Mother of 3, Grandmother to 8,Pro-Life, Conservative. I block liberals. I normally don’t unfollow #StopTheSteal #TrumpWillPrevail",en,
37808197,Lola 🦁,125LolaLola,Stand up Be heard 👶🏻PROLIFE 🇺🇸Patriot my❤️belongs to @Swamp_Voice,en,
1400935111,June PISSED OFF Cleaver 🇺🇸,12Tulip3,MAGA ~ Blocked by Patricia Arquette  ~ Shares a 🧠 with @RieMcAz NO Whores Follow me on Parler @JuneCleaver123 Gab @JuneEvelynCleaver,en,
1626725082,Gene,151_gene,"Make the move to Parler, 🇺🇸 U.S.M.C. Veteran, #USMC, Never Forget 9/11",en,
515125776,Follow The 🐰 WHITE RABBIT 🐇,17s_WhiteRabbit,"Leading you to Rabbit-holes
The choice to know, will always be yours
          Banned from facebook and I/G
https://parler.com/profile/WhiteRabbit1776/",en,
23024891,JS™,1ChordWonder,"I do NOT shut up! 
Parler: JS™@1ChordWonder
Calling out #MSM #PublicOfficials #Perverts #Abusers #Greed #Apathy #LookAlikes #TunnelDwellers",en,
2780033225,1PupLuver!,1GOLDNGIRL,"#Luvdogs💛#ADOPT🐶 #dogrescue#Volunteer💖
#MAGA🇺🇸 #KAG2020👍🎗#supportourmilitary🎗👍#supportourveterans✌ 🇺🇸
#EAGLES🏈🏈",en,
1257343456365731840,1HoodPower,1HoodPower,"1Hood Power is a social advocacy organization, affiliated with 1Hood Media, committed to building and demonstrating power in Western PA’s Black communities.",en,
1223356417,Sandy🌻,1Sandy_N_Austin,"Life student, #AI #Code #IoT #ML #CyberSecurity
Follow/share Luv/grow together!

#Gab & #Parler: 1SandyNAustin",en,
1140855259,Norman Firebaugh,2_Firebaugh,"Backup Acc. for Norman Firebaugh, Gun Owner,Lets Save Our Republic, Please follow my Main Account @FirebaughNorman NO LIST'S https://t.co/tcPuDTJJdz, Parler@nffire1945",en,
2489085240,deborah cairns Hart 🇺🇸,2006Cairns,"I’m just a deplorable that loves her president. #TRUMP2020 and #TRUMP2024 and #TRUMP2028.      I am happily married to my husband, a mother of 4 and grandmother",en,
252615715,Best_ME_Dimples,207_Melissa,Lifetime in 207 🇺🇸 Happily Married ❤️ 5 amazing daughters & 3 grandkids 🧡 Daughter US Army 2/4/2020 #GodBlessUSA 🇺🇸,en,
53465535,Truthseeker 2020,20TruthSeeker,"I prefer to be true to myself,even at the hazard of incurring the ridicule of others, rather than to be false, and to incur my own abhorrence.Frederick Douglass",en,
284716581,Dave Hayes,20WIN12,Father. Husband. Catholic. Patriot. Conservative. Wake up America!,en,
89796116,katkat,222Katkat,proud chump,en,
89796116,katkat,222Katkat,proud chump,en,
1391563946,Winston Smith of 2717 Productions,2717PRODUCTIONS,"LA-based production company which will soon be in production on 4 HORSEMEN, an epic script Hollywood satanists (Lost writers) bastardized&put into 3 franchises.",en,
1215739804475850753,Vladd,2991acinrazop,"Serbdom, Orthodoxy, 1A, 2A, 10A, Medical Freedom.",en,
1207683399462338564,Freedom Fighter,2free4you,#Freedom,en,
3193282733,worst of shire,2scooooops,nunya,en,
903678570698039296,🇺🇸Angel🇺🇸,36Angeldb,#Christian #Conservative #MAGA #IStandWithTrump #ReaganConservative #Constitution #Politics #NewsJunkie #PrayForAmerica #ProIsrael #Military #Vets #TCOT #2A #1A,en,
19948559,Deplorable Chump,3dogmary,"#Resist #PatriotParty
 #ConstitutionalConservative 
back up acct: @bad3dogmary
Parler @3dogmary GAB @3dogmary",en,
43288319,3GenCalifornian,3genCalifornian,"Catholic Wife & Mother, dog lover,
native plant appreciator",en,
793325095129317376,Timothy Ferriss,4_hourworkweek,"Author of 3 #1 NYT/WSJ bestsellers (The 4-Hour Workweek, etc.) | #Meditation | #Investor",en,
31570570,Less Cracker,48yardline,One of the 75mm+ assaulting deep state lies with truth. #VoterID #TermLimits #MAGA,en,
1241445415293259777,4acrooster,4acrooster,The greatest among us is a servant to all.  #GG33 4LP #Rooster #Grinberg2024,en,
765978736290304000,Brian,50grey50,Independent. We’re more alike than not. Opposing views welcome. Proud father of LEO. #BackTheBlue #1A #2A #USA #ProCannabis #Trump2020,en,
1238337211428372480,SixOClockShawn,6_OClockShawn,Hard on Equipment...,en,
3364519641,b1end 7n,614_679,"It's easy, just don't get tested...
Freedom is never granted by the oppressor. It must be demanded by the oppressed.",en,
1556231095,Pro-life_MommaBear,6Here2InHeaven,"#Catholic #Prolife #Conservative #Patriot Actress/Singer/Voice Over Talent, Married since 1996, Homeschooling Mother of 6 children; Miscarried 2 precious lives",en,
41664024,Will Durban🇺🇸,72ndnyvi,"Living in California, trying for the American Dream.
Love this great Country, and hope to restore Honor & Truth back to it. Big time Gun Nut, & into Nature.",en,
2760395261,Kumbaya,78cuiserFJ40,"🇺🇸 I retweet stuff, all kinds of stuff, so you can see it. 🇺🇸 ‘In Twitter Land it feels like I’m the kid at the lunch table nobody hears..’ #ComcastSucks",en,
4018747773,Marie,7eights2nine10,Deuteronomy 20:4 🌴☘️🇮🇪🇬🇧🇺🇸✈️🐶🐠🏄🏻‍♀️🚴🥊🐊🐙,en,
3150743012,Lucy,925fairy,"Catholic, Traditional Mass, Wife, Mother, Patriot, MAGA, The Dogma Lives Loudly Within Me",en,
570886014,KWTO 93.3 FM - 560 AM - News - Analysis - Opinion,933KWTO,KWTO 93.3 FM - 560 AM News - Analysis - Opinion Studio Line: 417-862-9977 Main Office: 417-862-5600 Email: 933kwto@radiospringfield.com,en,
198464696,🕊Larkspur Lane 🇺🇸 🗣,9LarkspurLane,"Truth matters.
Beware of unintended consequences.
Think for yourself.",en,
515744996,Allison Sammons,A_M_Sammons,"Christ follower. Native Tennessean. SC transplant. Proud nerd. Politics, sports and true crime junkie: college football (#RollTide) and baseball (#ChopOn🪓).",en,
780903255891075072,Galen Thomas 🇺🇸 MAGA,A7XfoREVer9,"America is like, epic. Let's save her from those who wish to see her destroyed.",en,
1643747220,David Hyden,Aaknard,"Christian, Patriot, Conservative, Retired Naval Aviator, Volunteer",en,
343871222,AK,aakobel,"Hometown: KC Interests: Sports and your Mom Teams: AZ Cardinals, Suns, Diamondbacks. #magaforever",en,
939566344449781761,Aaron Starcher,AaronDX2K,"District Manager/Sales Supervisor for Team Elite. Husband, father and son. Fan of all things Pro Wrestling. Gamer, film lover, content creator.",en,
30482055,Andrew Bennett🇺🇸,abennett3,#twitterphilanthropy,en,
1075181267035971584,A Repentant Soul/Romans 6:6,ABibleFascista,"Christian, Husband, Father",en,
3386114832,Be-That-Change🇺🇸⛪️❤️🇬🇧☕️ 🇳🇬 🇮🇱,ABNewwine,"Legal Immigrant=Proud American, pro-2A, Pro-Life, Defender of Truth, Allergic to Socialism, On Christ, the Solid Rock I Stand 🇮🇱",en,
1249611702,DK Miki,aboveknowledge,"HE LIVES! Love God, Family, life and freedom.",en,
1142559891057303552,Chelsea Chris,Abramski_C,"Chelsea, Vegas & Houston sports. English Premier League enthusiast. Poker. Awake. Student.",en,
759279244832862208,🇺🇸AC 🇺🇸,ACarr818,I voted for Trump. I love Jesus. Proud Wife & Mom. Dog Lover. NCAA Basketball enthusiast.,en,
138870199,BIBLE MAN ✝️ Daniel Farey Eschatology Expert,acceptjesusnow,"Jesus' #Rapture Prophecy The Last Day. 
This is the only correct explication of the Rapture ever published. 
http://acceptjesustoday.com/2622.html",en,
825107061922897922,Enoch Anderson,ActualEnoch,"Notably deplorable:  hold PhD, live in California, but voted for and support Trump. Born April 15.  #MAGA #KAG #VoteRedToSaveAmerica #SaveCalifornia",en,
717747419413405696,CuestB❤️🇺🇸,Acuest123,"Mother, conservative #MAGA #KAG 🇺🇸🇺🇸🇺🇸🇺🇸 #Resistsocialism",en,
1243518575715004418,Ada,AdaMarvellous,Smart and unique,en,
839916084601958400,Adam Eldridge,AdamEldridge13,"Follower of Jesus Christ...

Lifelong Miami Dolphins Fan",en,
37820375,vice president elect - Adam Garon,Adamgaron686,A hyper human - #unitedwestand #WhereWeGoOneWeGoAll #TakeTheOath #dirtyskibum #trump2020,en,
3305821185,Adam Piersen,AdamPiersen,"Security and Forensics Consultant. 2A Supporter, Occasional Gunsmith. Confounder of those who don't know what 🚫 means",en,
883946452338196480,Blue Checkmark McGee 🦄,AdamVerecundium,Went 2 college to study art...only learned about Postmodernism. See my ANTI-LEFTIST art at http://ArgusInkArt.com,en,
1059163988779548674,Christina Moore,AddConfessions,"We did it. TY, America. NC-05 waiting for the day Virginia Foxx is out of office.",en,
808007134738673664,Adeline Blue,AdelineBlue1,"Author of The Entanglement Series. Writer, dreamer, creator of worlds - ice cream aficionado, inventor of the spaghetti sandwich - that witty, fun friend!",en,
23068977,Adi Cortez,adicortez,Enjoy everything beautiful that crosses your path. Laugh at everything that you find funny and absurd. Nightfall comes quickly enough.,en,
192680100,adkins,adkinsh02,tarheels !!!!!! #tarheelnation,en,
3347497853,anthony🇺🇸,admarchitect,Father Husband Son Brother Uncle Architect #tcot #Trump2020 #MAGA #usa #QFD Parler: @admarchitect44,en,
134993271,Joshua 🇺🇲,aDrowsyPoet,Maranatha,en,
1264636450424778753,Advance Truth,advanceTruth,"I'm New to Twitter but not New to the Truth!
I'm an American!
I'm here to spread the truth!",en,
29082715,John Lichtenberger,AdvertisingLaw,"#Christian | #lawyer (Ret.) Tweets on Christianity, law, politics, conservativism, tech, social media. Author/publisher (Ret.) advertising law, #FTC. #MAGA #KAG",en,
7595362,🏴‍☠️Advertocracy,advertocracy,Agent of chaos. I build ideas for a living.,en,
1127718509880807425,Nicole A.,AF77176913,Who’s asking?,en,
709443025311830017,Its the Lenten season. See you all in April.,afcchampsagain,#IMPEACHBIDEN 🌈 I’m taken #RomanCatholic ❤️ #Vets🇺🇸 #AmericaFirst🇺🇸 #ResistBiden #ResistSocialism Wicked Boston Fan,en,
1143934963,America has Fallen,aflyingmonk3y,"“During times of universal deceit, telling the truth becomes a revolutionary act.”   ― George Orwell 🚂🚃  Noticer of Things",en,
16476144,❌AFMom❌ (Parler: AFMom),AFMom,"9th Generation American with God, Family, Country FIRST! Staunch supporter of 2nd Amendment rights & Pres. Trump. Proud Mom of a Veteran/First Responder",en,
1028448934681821186,𝐚ģ𝐀ᗰ ķcỮᖴ™️ᴀɴᴛɪꜰᴀ ꜱᴏᴜᴘ ᴄᴏᴘꜱɪ🚔,agamkcuf,"artist of the lowest magnitude, Army Veteran 
F*ck MAGA F*ck Republicans",en,
602827004,J-man,agdude69,American Patriot just doing what I can to save our Republic!,en,
921193314283589632,Agent99,Agent99usa,"God Bless Texas, President Trump & the USA🇺🇸 on Parler @Agent99usa",en,
374008576,Agent Politico,agentpolitico,I work in pro sports. Due to my job I have to lay low politically. This is my outlet. I'm a free market capitalist. For me the action is the juice.,en,
3251833699,Special Agent Sean Mulder 🇺🇸,agentseanmulder,“Show me all the blueprints”- Howard Hughes. Made in the USA. #DogeArmy,en,
1002614362471895040,Aggie,AggieLINY,#Resister I block magats,en,
373774653,A Girl in Pitt,agirlinpitt,Question everything. #WalkAway✌🏻♥️🇺🇸 #MAGA,en,
785897675103297537,EyesWideOpen 🇺🇸,AH241315,"Concerned mom, wife, surgeon, citizen of the United States of America, “all that is necessary for triumph of evil is for good men to do nothing”",en,
4706245283,Aidan Clark,AidanLII,Phills 08 WS Champs🔔              Eagles Super Bowl 52 Champions🦅 Philly Lifestyle 💯,en,
1093355466208436224,In God We Trust 🇺🇸,AIisTheFuture,"Thinker, writer of politics, world affairs, US-China relations. Proud 🇺🇸 American. Pursuing Truth, Defending Liberty and American values. Calling out BS.",en,
549619562,Aimee Elizabeth,AimeeElizabet63,"Best Selling Author of Poverty Sucks! How to Become a Self-Made Millionaire. A homeless teenager who retired at 38, & how you can too!",en,
4738367540,Aimee Harvey,AimeeL28,"*All* Lives Matter *Equally* -
Christian - Patriot - I follow back Patriots! - I will not apologize for something that I never did, and I only kneel before God.",en,
824406896488673285,Brian Lee,airhart2208,♓️ a AMERICAN born citizen. a PATRIOT and sick of what is really going on in the US.,en,
827403793281146881,Erik David,airikdavids,let justice roll down like waters and righteousness like an ever-flowing stream - Amos 5:24,en,
947954909474799616,AJ,AJ_Aria031729,My name is AJ. I live in Winnipeg with wife (Heather) daughter (Aria) and son (Logan). Love Disney! https://www.youtube.com/channel/UC-hwxETSMI9nJ2TXmDH5vwg,en,
2179492525,Joseph,AJMC_117,Bankrupt Build Back Better= COVID-19+Great Reset,en,
84705013,Anthony J Paletta,ajpaletta,"Happily Married Father of 3, Adventure Seeker, Co-Owner of AP2, Marathon Runner, NHL WPG JETS Season Tickets Holder & Life Lover",en,
114245688,A.J. Wagoner,AJWagoner,"Man of God...Poet-A man set to bring change to the world with rhythm and rhyme; a Kingdom-breather all the time! Son, Husband, Father, Adventurer.",en,
1001152153606537216,Amber Krabach For WA,AK4WA,DECLAS is COMING!  #HoldFast 🇺🇸,en,
1001152153606537216,Amber Krabach For WA,AK4WA,DECLAS is COMING!  #HoldFast 🇺🇸,en,
42805134,Kara,aka_Hadley,"Mom, wife, avid book reader, love life, my job and friends.",en,
32463552,kelsa,akellypie,"Wife, Mother, Patriot🇺🇸Las Vegas🔥",en,
1247552048632967171,ktc,akgrownktc,Believer ♱ | TRUMP 2021 🇺🇸 | Patriot,en,
972745405535604736,Akila | #blacklivesmatter,akila_auset,Autism // Gamer // Critical Role // Critical Thinking // Don't Drink Bleach //(she/her),en,
4875114297,PrettyAcquitted2,AKSMT18,"Wife to the boss, mom to the best, Queen of my world, leader to some, slaying demons, women have a uterus, not famous #freebritney",en,
922223220220203008,AT 🇺🇸,akt7860,"""Socialism is a philosophy of failure, the creed of ignorance, and the gospel of envy, its inherent virtue is the equal sharing of misery.""  - Winston Churchill",en,
58723444,Abraham Dabit,Aladd7n,"I'm a lowly, detestable, filthy sinner believing in the blood of Jesus Christ, the Son of God. Come, Lord Jesus!",en,
275398150,Alan Endicott,AlanEndicott,"patria cara, carior libertas",en,
91272139,❌Alaskans4Trump 🇺🇸❌,Alaskans4Trump,#Trump2020 🇺🇸 #MAGA 🇺🇸 #Trump2020KAG 🇺🇸 #Trump2020LandslideVictory 🇺🇸 #2A 🇺🇸 #Trump2020ToSaveAmerica 🇺🇸 #BackTheBlue 🇺🇸,en,
1180514694,AlbertoV05,albydrama,"Husband, Father, Athlete, Storyteller | Free Thinker 🇺🇸🇵🇷
It's kind of fun to do the impossible. -Walt Disney",en,
93380289,Ali Araújo,Aleka1462,"I am who I am by design, HIS design. Christian Music always in my heart.. Favorite Songs 10,000 Reasons (Bless The Lord) & My Story",en,
93380289,Ali Araújo,Aleka1462,"I am who I am by design, HIS design. Christian Music always in my heart.. Favorite Songs 10,000 Reasons (Bless The Lord) & My Story",en,
2250716347,Alen Glavan 🇺🇸,AlenGlavan,"God first. Catholic, Conservative, Patriot, PRO-LIFE 


Philippians 4:13 🙏 Isaiah 14:27",en,
2897840779,Alex Van Zandt,alex_zandt,"Identitarian, vidya streamer, fashy larper,  meme magician",en,
1135041667885649925,Alexandra,Alexand45461110,"BA in Journalism, 1982 (when reporting = objective facts & not leftist activism). Andrew Breitbart fan. Humor lover. Optimist.",en,
74936528,Alexander Rogge,alexanderrogge,"Science & engineering, Freedom and Learning, Photography & News, Big Data, Public Safety, All-Source Hazards & Risk Mitigation",en,
1345758930,Silvergirl20🇺🇸,alexandraheuser,"If my people, which are called by My name, shall humble themselves, and pray, and seek My face.. then I will hear from heaven..",en,
938742338536591360,Alex Hamilton,alexhamilton74,Resist,en,
45092806,alialexander.org,alialexanderorg,"Account is run by @Ali’s team. Ali is a popular political consultant, forecaster and occasionally teaches philosophy.",en,
1616756011,A. Mitchell,AliM8370,"🇺🇸. Proud mom of a US Marine. Mostly here to read the rude comments.Thankfully healthy,& employed. Supporter of our Military, & our LEO, 🇺🇸",en,
27901877,Alisande,Alisand3,America has fallen.  I miss my followers that Twitter has kidnapped.  I demand their release.,en,
1263787851810050048,Alicja,AlkaLalkaAlka,Designer.Builder.Activist.      Transforming environments 🇺🇸🇵🇱,en,
29791844,Allan Rivlin,AllanRiv,"CEO Zen Political Reserch; CEO Whirled Peas Kitchen; Editor Centered Politics; former Partner, Hart Research Assoc. (Democratic polling and strategy)",en,
973980656,All Digital,AllDigital_,Thomas - Everything you need to Go Digital #EMarketing #SEO #SocialMedia #tech #innovation #startup #emarketing #growthhacking #CDO #digital #brandcontent #seo,en,
21786530,DEFEND THE REPUBLIC,Allenhardage,Christian Patriot warrior.,en,
161452409,AllieTooWhiteMaRIEEEEE😼💃🏼🥓🥩😽🤗🙏🏻🤷🏻‍♀️🧐,alliemarie777,"Mom, Imperfect Christian, Animal lover, #RESIST #ProLife #2A; Favorite quote: “Get busy living or get busy dying”, Andy Dufresne Shawshank Redemption",en,
177314037,Allison Adams Redfern,allisonadams28,I’m not afraid to take risk. 🇺🇸🇺🇸🇺🇸 supports MEGA🇺🇸Trump🇺🇸and the US Constitution ❤️🇺🇸❤️🇺🇸,en,
521112927,🇺🇸🧜‍♀️ALLi💍♥️2️⃣🅰️ 👉♈️OTER🆔🇺🇸,alliwoowho,Wife38yrs 4Sons 2D-inLaw Gma3Boys FamilyAboveAll MX~YZ250 Beach🏄‍♀️ Shoot.357 .45/70 .45ACP Physio&Neurology♥️RetweetW/comment BitSnarky VoteRED,en,
863914610864386049,Best Location in the Nation Love Catturd,Allmercy007,🇺🇸🇺🇸🇺🇸🇺🇸🇺🇸🇺🇸🇺🇸🇺🇸🇺🇸🇺🇸🇺🇸🇺🇸,en,
1438434624,Alon 2T,Alon2T,"Merchant of Fine Art & Antiques Film-Event Prop Rentals 40 Years NYC Presence. 100's Of Film Tv Stage Credits   
 - 9/11- Responder.     NYC 2001",en,
2605653674,"Arlene 🇺🇸MAGA, AGAIN!!!",ALove4USA,“We Gonna Do What They Say Can’t Be Done” It’s Happening. #HonorTheFallen #GodBlessAmerica 🙏#LetFreedomRing,en,
2574054954,Al Sciarretti,AlSciarretti,I'm in 1103.,en,
1091718864952541186,altCensored.com,altcensored,"Unbiased Community Catalog of 123K+ ""Limited State""/Censored and Deleted YouTube videos: ""we show what they hide"" #FreeSpeech 🔎 Send channels to monitor!",en,
4902092081,Alternative Teaching Strategy Center (ATSC),AltTeaching,"Founder&MD of ATSC. #Autismparent 2 a #nonverbal son w/#autism.Writer w/Integrity &Inspirational,Speaker,Consultant,#Advocate Trainer #AutismResearcher",en,
27152825,Dr. Grizzly,alwayswithTrump,"I do not like angry, mean people so no leftist, elitist Socialist, or liberals! It is still my freedom to dismiss you.",en,
751608497092067328,Ambrosia,AmberLiberty45,✝️ American Patriot🇺🇸,en,
756318805278674946,America First,AmericaFirst17,Patriot / Conservative / American / #TRUMP2020,en,
803906484,Thomas Crown,american_crown,Family. #Bitcoin,en,
1219783514125631488,Tiffany 🇺🇸🍑💊♈,American_made07,"Just trying to learn Twitter #ProLife
#pro2A #Mom #wife #conservative",en,
913214584948891648,AC,American4sure,“The sole meaning of life is to serve humanity.” 🕊 Personal pg. Views are my own,en,
1223661793131880449,🇺🇲Deplorable🇺🇲,AmericanBlood80,Proud supporter of Trump always | Army Vet | Paramedic | Just your average American | #MAGA #KAG,en,
926394883,American Freedom,AmericanFreedo2,"#IVoted for @POTUS @realDonaldTrump 

#BidenIsNOTMyPresident 

#Honored & #Proud to be a #TrumpSupporter

🇺🇸🔥🚨🚒👨‍🚒#FireFightersForTRUMP👨‍🚒🚒🚨🔥🇺🇸",en,
31346042,GA Girl🇺🇲,AmericanGaGirl,"#ProudAmerican, Baffled by the Liberal insanity, Hoping for a miracle in this country!",en,
847612931487416323,Joe Woody 🇺🇸,AmericanGr8ness,"Love God, Love Family, Love Country, Love Freedom - if we put those things first everything else will be great. MAGA",en,
32586298,AmericanMom🇺🇸🇺🇸,AmericanMom66,Proud Mom Wife & Grandma. 🇺🇸🇺🇸 Conservative #Republican#Christian#GodBlessAmerica,en,
215504885,American So Woke 🇺🇸,AmericanSoWoke,author of sci-fi action thriller: trucker. former hollywood exec.,en,
756183587976646656,Patriot 4 A Free USA,AmericanTo1630,"IFBAP  #MAGA #WHITEHATS
#JesusIsLord #Trump2020 #KAG #Israel #GeneralFlynn  #ΜΟΛΩΝΛΑΒΕ
Followed by Brigitte Gabriel, ACT for America",en,
880527055879667712,American Trumpette,AmericanTrue7,"Sinner saved by #Jesus. God, husband, family, country, constitution. Passionate RN #TruthSeeker #PeacefulWarrior. Trump won. I'm on Parler & Gab. Same handle.",en,
868461757756350466,Zach Heilman | Parler @ZachHeilman,AmericasKeepers,Co Founder of Thin Blue Line TV & Red Voice Media: http://evrl.ink/tbltv,en,
1108020727775670272,🇺🇸 🦅 American Standard News Network🗽⚖️🌎🌍🌏☮️,AmerStandNews,"🇺🇸 National News-Global Insight-Facts-Opinion-Discussion
RTs, L,& follows don't equal endorsements
United we stand. Divided we fall!
💞🇺🇸💞🕊️🌎🌍🌏☮️ 🗽⚖️",en,
1108020727775670272,🇺🇸 🦅 American Standard News Network🗽⚖️🌎🌍🌏☮️,AmerStandNews,"🇺🇸 National News-Global Insight-Facts-Opinion-Discussion
RTs, L,& follows don't equal endorsements
United we stand. Divided we fall!
💞🇺🇸💞🕊️🌎🌍🌏☮️ 🗽⚖️",en,
3273686822,President Trump Forever,AmmeGrimaldi86,"NYC❣️Catholic 🙌  #MAGA, 🥰 DJT 🇺🇸NO DMs🚫
Joeker Biden is an illigetimate President! ✝️",en,
546623315,The Other A. Sharpton,Amy_Sharpton,Entrepreneur; Strategic Partnerships Mgr; Social Connector; Author; Pit Bull lover; Sports nut; Proud to Be a Buckeye; O-H!,en,
2808922709,T🎃🧡🍊🎃🧡🍊🎃,Anamericangir12,Women for Trump 🚂🚃🚞❤ 🇺🇲 No RINO's🦏 Back the Blue 💙 Stop animal cruelty ❤🐾🐴 Adopt don't shop🐕Twitter amateur,en,
922145054,Marissa Roldan 🌴🌟🇺🇸💖🙏🏼,AnaRoo111,"💖 Jesús, prayer warrior, wife, mom, conservative Latina, love my country!#MAGA #draintheswamp #GodBlessUSA #HealOurLand",en,
1212565990006935552,AndikaTheHun🇺🇸,AndikaTheHun,"Serial entrepreneur, love my husband and country!",en,
79850022,AND Magazine,ANDmagazine,"Politics, Foreign Policy, National Security, & Culture.
Gab: @ANDmagazine  Telegram: @AND_Magazine",en,
1126267031114997765,Andrea Clark,AndreaC11138732,"Quirky, fast thinking, pretty easy going.",en,
18102795,President-Elect Andrea 🇺🇸,Andreajl0624,I'm a housewife and mother of 3. Supporter of our 2nd Amendment #Texan #ProudMarineMom 🦅🌎⚓️#Trump2020 #MAGA 🇺🇸Stand for The Flag🇺🇸,en,
501060187,andrea kaye 💥🧨🍩🇺🇸,andreakayeshow,"Don't stop the combine for the field mice

Typos are my own",en,
501060187,andrea kaye 💥🧨🍩🇺🇸,andreakayeshow,"Don't stop the combine for the field mice

Typos are my own",en,
321719882,Andrew Parker ن,Andrew_Parker7,I prefer dangerous freedom over peaceful slavery. third generation jeweler // former poli sci + ulm alum // who dat // ישוע †,en,
1022894576158302209,Andrew,Andrew69274604,married here to get real people opinions on politics and news support #MAGA all the way support our president,en,
1470409188,Presidente Electomundo —Andrew Managh,AndrewManagh,"believer in freedom, small govt, America First. Blocked by Rep. Keith Ellison, @therickwilson #JoeBidenSDirty",en,
295995195,Andrew Mandujano,andrewmandujano,"Follower of Jesus 🙏🏼 defender of all things life and liberty, tennis and golf specialist, Boston sports fan. #TakeBackOurCountry",en,
2252280320,Andrew McLain,andrewmclainwho,Host of Non-Award Winning podcast “Over The Line” • #MAGA #VFL,en,
867827224300224512,Andy,andy80396649,TRYING to be fair and unbiased while fighting for humanity and democracy.,en,
260398846,Andy Furniss,andyfurniss,"Dad, Husband, Businessman, many opinions, music lover and player",en,
19922075,"President Elect Mother of Dragons, PhD",Angela_Bow_Ma,"Lover of God, family and freedom. Hater of BS.",en,
311241090,🎄🇺🇸🦅Deplorable Patti,angels8000,"God, USA, Kids, Police, Army & Air Force,#KAG #MAGA, In God We Trust, Protect our Constitution! -DeplorablePatti@Parler-",en,
632501391,IMPEACH BIDEN_ TRUMP IS MY PRESIDENT,AngieCompton7,"@Speedyweezie Parler and Gab
☆God-Country-Family☆
Proud American & Follower of Jesus
Wife-Mother-Gigi
🇺🇲🇺🇲Trump 2020🇺🇲🇺🇲
Happily Married ♡ No DM's #MAGA",en,
955855613959032832,ANG,AngiePark74,I resist resisting because I'm no fan of Koolaid  ...,en,
26501703,Patriotz17,angieselvage,"#walkaway.. recently red pilled, pissed at all the years of lies and bullshit!! 🇺🇸🇺🇸🇺🇸 #KAG #Trump2020 ❤️",en,
15236446,Angry_Traveler,Angry_Traveler,"Love Harley Davidsons and Sea Ray boats. Orig from North Carolina, banished to the Democratic Peoples Republic of Michigan. Patriotic Conservative. Home brewer.",en,
550784516,DR. MAGA LIZARD 🦎🇺🇸,Anguscattlegirl,Boymom•Wife•Cowgirl. Raised Right! Passionate about agriculture+livestock. God🙏Family❤️Country🇺🇸 Same handle on Parler #Trump2020. #NRA #MAGA,en,
1107004729039691777,Anita Nelson,AnitaNe79523878,"old woman  that loves God, her family, country and alabama football",en,
3287498719,Angela 🧡🕊,anjeleena_lee,"Healer, Patient Advocate, Healthcare Navigator, Educator, and Consultant",en,
760581414471380992,Carl Cox,anjin1966,"Parent, amateur poker player, and online gamer",en,
616211109,Anna De Leon,annadeleon247,"Christian, happy wife of Frank Luna Jr., Mom to fur baby Lily (our mini-schnauzer/little girl with a beard) and Attorney who loves our Country and Constitution.",en,
3834650237,Ann Ahmerican - On Parler @MagaAnnAhmerican,AnnAhmerican,"Patriotic American. Business woman.  Will never support election fraud or those that do. Trump supporter.  Proudly blocked by Cindy McCain, Christine Brennan",en,
962707370655862784,“DOCTOR” Anna,AnnaStr76,"Conservative-Believe in American Exceptionalism,-Trump REPUBLICAN -#MAGA #KAG #AmericaFirst🇺🇸 #1A #2A NRA member #resist46 #bidennotmypresident",en,
1238314142093553666,!!!!!!,AnnieBthree,Poet,en,
469551079,Annie Mae,anniemae1000,"Love equine sports, especially Thoroughbred racing. Proud grandmother to 6th generation Americans. Conservative. Daughter of Navy pilot, granddaughter of cop.",en,
833767236531793921,Annie,Annieyellamo,believer in the constitution... 🇺🇸🇺🇸🇺🇸,en,
913241125950955522,Anne,annmarcox,"Mom, wife , Animal lover, Believer & Patriot ( Twitter is my guilty pleasure ) 😜",en,
428356194,DeplorableMe,AnnMorrison3,"I love God, I love America. Jesus is Lord. I’m not here for a date. No lists. I follow back! #Truth #GreatAwakening #MAGA #KAG #FIGHTBACK ❤️🇺🇸🙏🏻🇺🇸❤️",en,
3302067354,dirty leg 🇺🇸,anondirtyleg,"Infantryman that bleeds red white and blue. America first - Libertarian -Buddhist, not Christian for my haters. #MAGA",en,
18785984,AnonymousAda,AnonymousAda,"President-Elect Ada
Oh! What a tangled web we weave, when first we practice to deceive.",en,
4481837592,Kennrick,anotherlobbyist,Former Dem that walked away from the lunacy and hypocrisy. #Patriot #Conservative #escapedNY 🇺🇸,en,
884094821178146822,anthony white,anthony19689953,I hate sjws bleeding heart liberals and feminist,en,
1120157691911884801,Anthony Mejia,Anthony54144242,Hi,en,
77854590,AnthonyEhrhardt,AnthonyEhrhardt,I'm a 48 year old former Pastor with the Assemblies of God who left the Institutional Church to do organic church. I'm an awesome dad and Coldfusion developer.,en,
1034516515981283328,Anthony Sisk,AnthonyJSisk,"Entrepreneur, Political Strategist, Business Consultant, J.D. Candidate — My #1 (and favorite) job is being a Twin Girl Dad. I’m a diehard Chicago White Sox Fan",en,
2190879877,Build It Back Better,AnthonyPJasper,So liberal I did drag for a week and didn't even know it 🙃 🤣💃,en,
305271381,Anthony Salom,anthonysalom,Husband. Father. Sports fanatic.,en,
1207509771043188736,Anton Chigurh,antonchigu,"Sales, Wine, Rescue Dogs.                            Parler: DrAntonChigurh",en,
138727147,Antonio Albano,Antonio_Albano,"Vietnam Veteran --
   Conservative Graduate of Antioch College --

   Master of Public Administration--Member Federalist Society - #MAGA",en,
77670648,anton kasabov,antonkasabov,"Martial Artist , Actor ,Producer",en,
17368164,apackof2,apackof2,"Follower of Jesus, Bible & Gun Clinging Conservative, Blogger, Friend of Israel, Tea Party Organizer,dog mom, tcot RVer,Hiker,Adventurer",en,
506660426,WatchDog® 🇺🇸,APBTerrier,"The Vision of America's Founding Fathers, the true American Dream, is still alive and waiting to be renewed. Make a decision to be a part of restoring it!",en,
801365910267236352,Protest Ant 🌱👀🦅✝,apictureofa,"""Go to the ant, you slacker! Observe its ways and become wise."" Proverbs 6:6",en,
4850899749,Apljak,apljak6502,"Husband, Dad, Grandfather, conservative, Constitutionalist, American Populist, anti-CCP, pro-lao baixing, small business owner, كافر, Molón Labe",en,
28435461,Jodi,APLMom,Typo Queen. #KLRN #TheRedWhineShow. Waiting for the thought police to come. Hoping re-education camps are in tropical locations 🌴Love Your Neighbor,en,
1095398868466974720,TheVoiceOfCommonSense,ApollosFootball,In a world where common sense is not so common....,en,
830903197015216132,Kitsune 🐶,ApplauseRick,"#BestFriend 🐶/
🇺🇸/ 🌎/@umichbball/#ProLife/#1rstAmendment",en,
172999008,FlyEaglesFlyNC,AppStateJen,"💚 sports, #Eagles, #AppState #UNC, #Orioles #BidenHarris2020 #FBR Resistance. I only follow tweeps w/original tweets.",en,
1360581206,April Bean 🇺🇸,aprilmbean,"I reject the #NWO, and I will fight to the end to defend my #freedom, my family and my @potus45! Happily married and blocking creepy DMs. 🚫",en,
18426969,Aquila7,Aquila7,It doesn’t matter!,en,
107980048,AQV The Deplorable ❌,aqv21,#Conservative - Wife of #USArmy Veteran - Vietnam #ProLife #TCOT #NRA #CCOT Molṑn labé #TheDeplorables #DrainTheSwamp #KAG #MAGA @AQV21 on Parler,en,
1009246449148874755,Aaron Lockhart 🇺🇸,arabbitorduck,Husband to @binkytatyana. Anti-Marxist. Opinions and views expressed are my own.,en,
20625253,Bob Oliver,arbyoliver,Golf Writer and actor who happens to have a real job in a parallel universe. Thoroughbred owner. Peace.,en,
23540181,archangel2,archangel2,My Eyes on Politics Always! Conservative  NO LISTS! Attack posts will get U blocked. Trump 2020! KAG!,en,
1248014318198816768,Armani Gracia,armanigracia,20 | Clemson | Retweets ≠ Endorsements,en,
21373306,Chris Armington,armsmagee,Zags Sox Pats Nets..Former GCW Champion..#MAGA..Beer God in training..Kombucha all day every day..#prudencecat #bebopcat..Nakamura impersonator..hummus,en,
47680298,Artemis,artemis360,"Technologist, Poker Player, Arm Chair Politician, and Coffee, Wine, Cigar Enthusiast. Oh, and a former interrogator and body language expert.",en,
902040648,MiBellaPJ,ArtistJohns,"Always learning. #ForeverGrateful. Patriot. Conservative. #MAGA I support Trump. Love My Country, Freedom and Constitution. Patriot. I believe in miracles.",en,
1392999812,Greig Leach,ArtofCycling,Painting what I love and loving what I am painting. #cycling #wielrennen #cyclisme #ciclismo http://theartofcycling.blogspot.com,en,
400458442,Laurie White,artworkbylaurie,I'm an artist specializing in drawing and painting portraits.,en,
1072668983969628161,Rider_10🇺🇸,AsbRider_10,"Accurate facts matter, read everything, question who paid for ""opinions"" and VOTE!",en,
949108783254515713,Ashley Gonzalez,AshAlb1217,"Paralegal, Student & Aspiring Lawyer",en,
21220612,Ashley Hayek,ashleyhayek,Proudly former Team Trump 👍🏼  #ForeverMAGA,en,
753745919674384384,Ashstoo,AshS13122613,Hoping for a brighter tomorrow!,en,
727363025649471488,Ashlea Skeen,ashskeen,"Love God, family and friends! Momma of two! Love our crazy fun life and so blessed",en,
2815441674,Ashton H. 🇺🇸ᵀᴿᵁᴹᴾ 2020🇺🇸,ashtonh0824,🇺🇸Trump2020🇺🇸👶Pro-life🍼 🇺🇸ProAmerican🇺🇸 🥇AmericaFirst🥇 🇺🇸Conservative🇺🇸🇦🇸Pro-gun🦅Patriot🦅 🇺🇸President Elect🇺🇸,en,
4827681869,President Elect floridagal,asims0808,"😇  Christian, Wife, Mom, the 3 names I'm blessed to have!
NO DM's please.  I'm married, I don't want your money or pics of your hoo-ha.",en,
35028052,Bill Sᵛᵉʳᶦᶠᶦᵉᵈᵀʳᵘᵐᵖ,AskYnow,Freedom loving conservative Boomer~talk radio aficionado~following fin'l mkts & culture~Restore America's Values! #MAGA #KAG @COSproject Parler = @AskYnow,en,
1012205435884113925,Alex Sykes,ASykes88,$DOGE,en,
1025399466,Steve Athanasiou,AthanasiouCccp,Capitalism leads to economic democracy. Socialism leads to the economic dictatorship of the elite.,en,
3088857280,President-Elect Atheen - TRUMP4EVER! 🇺🇸,Atheen_,"Happily married to USAF Vet. Proud Trump supporter. Follow me on Parler!
🔗 LINK:  https://par.pw/profile/atheen/posts

Twitter won't let me follow back atm. 😒",en,
3088857280,President-Elect Atheen - TRUMP4EVER! 🇺🇸,Atheen_,"Happily married to USAF Vet. Proud Trump supporter. Follow me on Parler!
🔗 LINK:  https://par.pw/profile/atheen/posts

Twitter won't let me follow back atm. 😒",en,
15694426,Pray For Israel,athelass,"Christian, Navy/Marine Mom. Homemaker, anime fan! #Jesus is the only Answer. #tcot #ccot #teambuck #MAGA #KAG #2A #Dodgers #animetwitter #AlAnon Instablock DMs",en,
15694426,Pray For Israel,athelass,"Christian, Navy/Marine Mom. Homemaker, anime fan! #Jesus is the only Answer. #tcot #ccot #teambuck #MAGA #KAG #2A #Dodgers #animetwitter #AlAnon Instablock DMs",en,
1552236626,Athene's Unholy Luluser,AthenesLulu,"I bring doodles, sparkles, and salt. Aspiring Electrical Engineer. #TaiwanNumberOne 🇹🇼 #nobodyartistsclub #AnimalCrossing Boomer. FFXIV: Miss Derpina@Lamia",en,
19930519,Atlanta Intown,ATLINtownPaper,"Atlanta Intown is a monthly magazine featuring news, arts & culture, business, food, real estate and more.",en,
40047146,At Whose Expense?,atwhoseexpense,"""You've gotta ask yourself one question: 'At whose expense?' Well, punk... WHOSE?"" - Henry Hazlitt, Economics in One Lesson #IFBAP #MAGA",en,
139172366,Vivienne C,Audrakat,"Please #spay your #cats & #Dogs, it stops urine spray & odors. Have fresh water & Dry food avail 24hrs. Please keep your pets indoors only. #AdoptDontShop",en,
977369697145556992,Audrey M,AudreysAmerica,"Independent former democrat.
America first. 
'In a room where people unanimously maintain a conspiracy of silence, one word of truth sounds like a pistol shot'",en,
258329912,Headly Westerfield,Aunty__Em,10yrs newswriter Citytv; Prior: 15yrs freelance investigative journalist & Cultural Gadfly for analog mags. 15yrs in 'Merka after 35yrs observing from Canada.,en,
880850336206004224,Austin Frisch,Austin_Zone,"For news junkies like myself: https://t.co/t8PDtZe192 
| YT: https://t.co/ur1XDcAOne
| Twitch: https://t.co/K5fKwjPecn
| Trovo: https://t.co/qRRsTMW1N7",en,
393512716,Austin Gisriel,AustinGisriel,Writer. Swing dancing and baseball are passions. Fortunate to have a wonderful family and so many great friends.,en,
345675342,Underachiever,autoneuroticZEE,"Increasingly overlooked under achiever seeking to cross next ridgeline, stacking rocks as I pass. Day job Nuclear/Mech Systems Engineer.  1982 photo on Rainier",en,
345675342,Underachiever,autoneuroticZEE,"Increasingly overlooked under achiever seeking to cross next ridgeline, stacking rocks as I pass. Day job Nuclear/Mech Systems Engineer.  1982 photo on Rainier",en,
163632330,Kevin Autrey 🇺🇸,autrey_kevin,"native-Texan, film, photography, avid follower of anything politics and weather #Trump2020 #MAGA #AmericaFirst",en,
1208860445001551874,Autumn🐝,autumnshaw_,𝟐 𝐂𝐡𝐫𝐨𝐧𝐢𝐜𝐥𝐞𝐬 𝟕:𝟏𝟒 ✞ • patriot 🇺🇸 • music addict 🎸 • #HereWeGo • #LetsGoPens • #GoBucks • #HEATTwitter,en,
1240444067412090881,Patriot X,AwakeGenX74,Now Awake!!!!!,en,
722918508724551680,Averil Heath,averilheath1,organic micro farming for 30 years,en,
118427896,Don Averitt,averitt_don,"Patriot, Constitutional Conservative, Election Fraud Reform. America must prune the graft & corruption. Freedom of speech. Vote. @Averitt on Parler",en,
1418329327,Mark Christoph,AwesomeLADude,❤️ Los Angeles & SoCal beaches @Dodgers #Trump supporter-DON’T F WITH US! #Trump2024 #BidenNotMyPrez #SupportthePolice 2 awesome girls in pic,en,
1418329327,Mark Christoph,AwesomeLADude,❤️ Los Angeles & SoCal beaches @Dodgers #Trump supporter-DON’T F WITH US! #Trump2024 #BidenNotMyPrez #SupportthePolice 2 awesome girls in pic,en,
1418329327,Mark Christoph,AwesomeLADude,❤️ Los Angeles & SoCal beaches @Dodgers #Trump supporter-DON’T F WITH US! #Trump2024 #BidenNotMyPrez #SupportthePolice 2 awesome girls in pic,en,
910731482,Alison Fleming,AWF0210,TruStage Program Specialist,en,
821264052110393345,Average Joe Politics,AvJoePolitics,Just an average Joe talking about politics and current events. #IFBAP #Kids2 #watchmytruthdoc #justice42coreys #istandwith2coreys,en,
3291910119,Adam Wood,awood785,"Former activist, Capitol Hill staffer, and campaign manager.

Views are my own and typically very bad.",en,
1055641245924712448,Nate,Axiss32,OH .The Ohio State University‼️Proud American 🇺🇸🇮🇱Christian ✝️ 2A supporter,en,
331253491,Alan,AyeAresk,ONLY GOD KNOW HOW I LIVE,en,
3310185230,AZ4Trump,AZ_4_TRUMP,#Arizona ❤️ #Trump! #MAGA #AmericaFirst @xAmericanPridex/Gab @AmericanPride/Parler  @American_Pride/MAGABook  😉,en,
27878160,AZLeatherneck,Azleatherneck,I support ALL flavors of people who are Americans First. I pray for peace and plan for war USMC combat Vet. List=Block 100% Taken by @AmillionAshley,en,
81750480,ៜυʍʍεʀ ɸẜ ℓɸ⋎ε 🌵🐞🌻 ☮️🌲✌️🇺🇸,aznatyve,🐘🇺🇸 | Free Spirit 🔮 ☀️ 🌲 👣 Born/Raised/Live in Arizona ♈️ | Wife | Momma to 2 Great Human Beings | Memaw to 2 Sweet Little Girls 💕 | Gen X | 🚫DM |,en,
1024424549792792576,B Booth,B__Booth,#OYFE,en,
2416640644,obedient citizen,bakedunderarock,ℹConfirmed Russian Bot,en,
173247432,Lakeshia Flowers✝️⚖️🦉,BallerMom2020,🙏🏾KEEP YOUR FAITH IN GOD🙏🏾 (revival is coming),en,
173247432,Lakeshia Flowers✝️⚖️🦉,BallerMom2020,🙏🏾KEEP YOUR FAITH IN GOD🙏🏾 (revival is coming),en,
276115813,Gay Bama conservative Happy New Year! 🏳️‍🌈,bamabailey42,Conservative gay man living in Alabama. Roll Tide! Retired School Teacher 👨‍🏫Single. #Bidencheated,en,
967947759113322496,Robert Bubba Jones,Bamabubbajones,"Just some old fart with too much time and a new phone. Seriously, put down your phone and go fishing.",en,
35993271,Bamaguy,bamaguy67,I work around young people and they are keeping me young. :),en,
21199833,Jessica,bamajessiej,Alabama Born-Florida Bred. Ovarian Cancer Survivor. Proud Patriot. 🇺🇸♥️🇺🇸♥️🇺🇸♥️🇺🇸,en,
1173618348,Tench Coxe,BanGunFreeZones,"I support restoring the Unabridged Second Amendment #2A, Repealing the #16A, Abolishing #IRS. Repeal #ObamaCare & Mandate & Penalties Retroactively.",en,
310729330,🔹Daniel Courtney🔹,BanzaiDanielsan,#AZ🌵 #RealEstateInvestor #MovieMaking #BBQ #LakeLife #Cigars #Straka #Presler #PatriotParty 🇺🇸 #ShopLocal #BuyAmerican,en,
1242367966949359617,BaolinoLe,BaolinoLe,The Game has changed - #SaveAmerica #Trump4Ever - Follow me at Parler @BaolinoLe,en,
1248999867269013504,💥PatrioticBabette💥,Barbara85522321,"Original Acct @barbarabwatkins
locked by Twitter. Joe's not my President! Conservative, MAGA! Stop Censorship🇺🇸",en,
19665006,Barbara L. Roshak,BarbaraRoshak,"Mom, Grammy, retired teacher/counselor",en,
162204416,⚓ Truth will Prevail 🇺🇸,barbiebrox,"  Truth will ultimately prevail where there is pains taken to bring it to Light.🌅
George Washington

Both parents served in the Navy!!⚓
Freedom & Liberty 🇺🇲",en,
143311631,President Elect - Barbara M Gonzalez,BarbiG_tea,Drain the Swamp. Thank you President Trump.,en,
140390268,Michael Barkulis 🇺🇸,barkloud,"we are the music makers, we are the dreamers of dreams",en,
963419833806319617,Rick Barrett🛡⛪️ 📻,BarrettBrief,#Catholic. I’m here to drop Gif’s & spit truth & I’m all out of Gifs. Blocked by  Steve Skojec & Lizzie Reezay Titus 2:11-1,en,
525834343,Barry Huizenga,BarryHuizenga1,Retweets are mostly for my wife to win arguments with her liberal mother,en,
1153086003374100481,BasedBurger 🇺🇸🇻🇦,Based_Burger,Based American Catholic Weeb Gamer ACAF,en,
870422721909342208,America First,BasedDub,Gab = https://gab.com/BasedDub #ECV #Squibob 👌🏼👍🏼🇺🇸 (~};},en,
3420848757,BasedImmigrant🇺🇸,BasedImmigrant,"American, immigrant, brown skin, Red White & Blue heart, fed up with the politicians & lying media! #MAGA",en,
740207118062628864,Savannah,BasedSavannah,"Vanderbilt Alum, Nobody loves an attorney until they need one. LLM, SJD Parler: GAB: TheBasedSavannah",en,
746792468167917572,Baseball_Junkie,basher_baseball,"30 years coaching, teaching and promoting young men in the game of baseball.",en,
171737535,Jim,Bassmaster12,"Reagan Conservative

#StolenElection
Biden #NotMyPresident 
#BidenNotMyPresident
#Resist
#MAGA",en,
3140800256,Grimm Bastard ☣,BastardGrimm,"I am the terror that flaps in the night, I am the batteries that are not included!

Software Developer, Silicon Valley Girl.",en,
2402553290,Benjamin A. Ware 🇺🇸,BAWare9,"Conservative. Christian. Hoosier. #MAGA 🇺🇸 #KAG I love the USA. #Patriot #2A #tcot Thank you, President Trump!",en,
370983383,Matt,baybeepowder,34 year old 4 year old...,en,
480632328,Darrell Batiste,BayouProfit2000,Mark 8:36 - For what does it profit a man to gain the whole world and forfeit his soul?,en,
21495581,Pat Mahoney,bbmom12,"Wife, Proud mother, blessed grandmother, daughter, sister, female, American citizen of multiethnic heritage and a Christian 🙏🇺🇸",en,
775778666022252544,🇺🇸BCKNBLK1⚡️,BCKNBLK1,Donald J Trump is still MY President #MAGA I am AMERICA 🇺🇸 THE BEST IS YET TO COME ❤️🤍💙🇺🇸 UNITED WE STAND 🇺🇸#TrumpWon #BidenNotMyPresident,en,
828631407312457729,Torri (K)✝️🇺🇸🇮🇹🎩The Mad Retweeter,BCM_SOLT,Yeshua Hamashiach👑🕊✝️🙏*Married to Vietnam Vet💥Daughter of WWII Army Vet💥Sister of Vietnam Army Vet💥IFPB💯🇺🇸👊💥Parler @BCMsolt🚫Porn/List,en,
219353922,Mason Jarcum,bcmarjac,"Conservative Christian who loves God, his family and his country!",en,
23334401,Brandon Phillips,BCP229,"Fmr GA Director for Donald J. Trump for President, RNC Delegate & Managing Partner @WinWSG Original #TeamTrump 2015 #MAGA",en,
1252427500967407616,F Duncan,beachgirl45fd,Christian Patriot  GOD FAMILY COUNTRY  1st A 2nd A  Constitition Truth Seeker,en,
1256733672050434050,Beach Life Patriot🇺🇸,BeachlifePat,"#True American, #Family First, #Trump Supporter, #MAGA🇺🇸",en,
819396930,Andrew Beadles,beadles_andrew,"Husband to my beautiful wife, Preacher, Assistant Pastor at Calvary Baptist Church - Coldwater, MS, Graduate from @PBCmaverick class of 2017",en,
1141096866496446465,Da Bear ****TEXT TRUMP TO 88022,Bearcen1,"Jesus (Yehoshua) Is Lord, Married The Love Of My Life, Torah Keeper, Bible Believer, Prolife, Conservative, #MAGA, #KAG Patriot, Trump 2020 🇺🇸🇮🇱🕎",en,
916114570833551360,Beard Vet,Beard_Vet,"Beard Vet...
USMC Veteran, DAV Lifetime Member. Opinions are OURs! 0811 C 1/10",en,
1380473012,deplorable Linda,beariz96,"MAGA  ,love this http://country.My dad served in World War II ,raised me to be a patriot❤️I ride the Trump train! proud to be a chump for Trump",en,
1180168114069295104,Et Beatz 🇺🇸,BeatzEt,Et Beatz,en,
27087581,MarvelousMargaret😘🦊🏜🇺🇸🙏🍀📸📚🦋,BeautBoulevards,"Photographer! Mom! Lover of FREEDOM, Movies, Books & Adventures! Huge History Buff! Goofball! Disco Dancer! Am also AdventuresInMovieland on tumblr.....:)",en,
987176803,Shaun Wolchinsky,beautybysw,"Beauty obsessed. I've participate in WWD CEO Summits with Marc Jacobs & Zac Posen in NY. I've been published in WWD, Lucky and more. I Blog for Panache Co Salon",en,
3087177750,Phoenix SEO+GMB Optimization by Pulse Marketing,BeavDaniel,"We do: #SearchEngineOptimization #SEO #MarketingAgency #InternetMarketingService #SEOAgency 
Arizona SEO Company 😎🔥
Free SEO for 30 days | Visit our website.",en,
44510049,Rebecca Williams,Beck0497,"God, Family, Cheyenne Brown's Momma",en,
44510049,Rebecca Williams,Beck0497,"God, Family, Cheyenne Brown's Momma",en,
36576058,BeckyCifuentesAbrego,beckuchac,Look like a Girl.Act like a http://Lady.Work like a Boss. Proud Momma! USMC Wife http://God.Family.Country.,en,
800996570,🇺🇸❤️ President-elect BECKY in FL 💙🇺🇸,beckydorman3,"Concerned patriot, happily married mother of two, living and loving life in Florida. ❤️POTUS #Trump2020 🇺🇸 #MAGA",en,
62019025,Beebs_NotBeforeCoffee,Beebs1955,"Lover of God, family, #USA 🇺🇸, great #music, porches, sweet tea, furbabies of all kinds, and a good book.",en,
16544735,Bee Jay,BeeJayMatson,"Maryland native. Proud father of 2 boys. ""You are not the President. No one who leads so many could possibly kneel so quickly"" --Zod (Superman II)",en,
107039908,Bell Boyd,Bell_Boyd,"Second Life Kunoichi,Walkure,
Classical pianist,Robot & Weapon manufacturer.
[fav]Bach,Mozart,Schumann,Wagner,Boulez,Gould",en,
23723528,Bea #Resist46,belynda13,#ProudDeplorable #MAGA #KAG2020 #ProLife #BackTheBlue #Israel #2A #TCOT #BuildTheWall #Benghazi #WalkAway #SupportOurMilitary #JesusSaves #FightLikeDomsMom,en,
23723528,Bea #Resist46,belynda13,#ProudDeplorable #MAGA #KAG2020 #ProLife #BackTheBlue #Israel #2A #TCOT #BuildTheWall #Benghazi #WalkAway #SupportOurMilitary #JesusSaves #FightLikeDomsMom,en,
23723528,Bea #Resist46,belynda13,#ProudDeplorable #MAGA #KAG2020 #ProLife #BackTheBlue #Israel #2A #TCOT #BuildTheWall #Benghazi #WalkAway #SupportOurMilitary #JesusSaves #FightLikeDomsMom,en,
23723528,Bea #Resist46,belynda13,#ProudDeplorable #MAGA #KAG2020 #ProLife #BackTheBlue #Israel #2A #TCOT #BuildTheWall #Benghazi #WalkAway #SupportOurMilitary #JesusSaves #FightLikeDomsMom,en,
474579264,ben guinan,Ben_G_IA23,"anime, tv shows(especially DCTV and Doctor Who), movies, superheroes, video games, and book nerd. born in Colorado Springs and raised in Iowa. hi snoopers",en,
1207869448469786624,j boy,bendover45678,Merica 💪🏼🇺🇸,en,
468523366,Bernabe Covarrubias,benfcova,"Native son of The United States of Texas. Scrum Master and Business Analyst. Personal account, and all opinions are my own - thank goodness.",en,
973992565484728322,Ben Harris,benjaninja2033,"Interests: NFL, Classic Rock, Games, Politics",en,
1604161819,Ben,benkraken,"Constitutionalist, American Patriot, Animal Lover, Smart Ass, Digital Marketer and Indy Sports Fan",en,
159188971,=======🇺🇸,Bennny1,"Who put the Tyrants in charge
Get Real",en,
825103731553423360,Benjamin Reidy,benreidy_3,My tweets do not represent my employer. Opinions are my own.,en,
478899060,Bernie Enloe,BernieEnloe,"September 11, 2001 :
(3) Towers x (2) Airplanes = False Flag
---
DJT + Q + AJ = Save USA ~ World",en,
799985250428473345,Bernadette,BernyTx,"A Christian,  love Jesus, my family,  my country. Hard working productive member of society.  PROUD NATIVE TEXAN! Daughter of LEGAL immigrants #MAGA  No lists",en,
1265746952966361094,#RIPDNC™,bestrepublican_,"Yes, I’m a MAGA troll. I enjoy pissing off liberals ❤️ I will shitpost and spam wojaks instead of having an actual discussion with you 😊",en,
957682971086962688,Beth,bethcahillshow,"Be someone who has the courage to stand for what’s right, even if you stand alone. Salem Radio Host - download my podcast here👇",en,
1252821199907766272,BethFis,BethFis,"100% Medical Freedom & Bodily Autonomy! Masks are useless and we need America OPEN #MAGA #RedWave2020  Patriot #2A  #BACKtheBLUE
Proud of my President#45!!!",en,
1273558332,Betsy,betsy_olsavsky,"Proud American🇺🇸Conservative, Family of Vets (WWI & WWII) 🇺🇸 Wife of Vietnam Vet 🇺🇸  Back the Blue, Mom, RN, Pro-Israel, 2A 🇺🇸",en,
1273558332,Betsy,betsy_olsavsky,"Proud American🇺🇸Conservative, Family of Vets (WWI & WWII) 🇺🇸 Wife of Vietnam Vet 🇺🇸  Back the Blue, Mom, RN, Pro-Israel, 2A 🇺🇸",en,
323331530,Ernie Pitochelli,betterbenefit,Specializing in #costsavings for #SmallBusiness #voluntarybenefits http://www.pipromarketing.com/ #MAGA #AmericaFirst #Trump2020 #Bitcoin #blockchain,en,
69768385,Hollywood Resistance,BettinaViviano,Film/TV Producer/Literary Manager. Owner Accelerate Entertainment.  Hollywood Resistance Because We're Not All Lefties!  #MAGA,en,
69768385,Hollywood Resistance,BettinaViviano,Film/TV Producer/Literary Manager. Owner Accelerate Entertainment.  Hollywood Resistance Because We're Not All Lefties!  #MAGA,en,
298523602,Bettsy A,bettsya70,Make America great again!,en,
1053326702888304640,Beverly (New account. Who dis?),Bevroley,"Wife. Woman. She. Her. Hers.
 #maga #ilovefloridalife  #GirlsJustWantToHaveFunAndBeFit 
I am me. If you don't like it, move along.",en,
263273177,Brian Farley 🇺🇸,BFar0320,“May I burn in Hell if I betray my friends in The Family”,en,
1963785919,Biehlkm,biehlkm1,Twitterverse is crazy,en,
705577366253236224,Stop CHEATING Trump out of the Win,bigbabygravycab,Christian. Contrarian. Complimentarion. Complainant. Concierge. Cultural Ombudsmen. Cabbie. Contender. Black TRUMP voter. NASA is fake. Instincts are real.,en,
305904374,Stu DiMeglio,bigbluestu42,"Fan of the Giants, Yankees, Rangers, and Knicks",en,
1062697671268409344,Kristy Fra,BigBrofannnn,Cooking is my passion. Cooking to please the ones I l♡ve! Povitica is my favorite bread to make!,en,
860996986006364162,Eric C.,bige2tcb,Whoever would overthrow the liberty of a nation must begin by subduing the freeness of speech.,en,
1170429567980527616,TheBigGrabowski_In_5D,BigGrabowski5D,🇺🇸 Father • Patriot • Digital Warrior • Truth Speaker 🇺🇸 I FOLLOW BACK ALL PATRIOTS. 🗡🛡Longing to hear the words: “Well done thou good & faithful servant”,en,
938230837476233216,ToxicMale Clarence Carter,bigHinkleslim,I would rather die on my feet than live on my knees.,en,
46512949,KEITH ROSSKOPF,BIGKROCK08,"Die Hard Vikings, Knicks, and Islanders fan",en,
821185208024236032,Bigly Bunny,bigleaguebunny,Pancake bunny auto-retweeting @realDonaldTrump + ◊@POTUS — following Trump so you don't have to. Is it better hearing it from a bunny? No. Is it worse? No.,en,
194075021,Scott Thompson,BigLeagueScott,"Christian, Conservative, father of 4 beautiful & wonderful kids, USAF Vet, SB owner, & too many interests to list.",en,
565673259,Greg  Ledford,bigledmachine,Make America Great Again ! Drain The Swamp !!Trump2020. #AmericaFirst,en,
2434045662,2021 A New World Begins...,BigTimeToro,"Great American blessed to be a natural born United States Citizen.  Added bonus, son of the great state of TEXAS!",en,
924519457,All of Us United,bikes_r_fun,‘It’s the lies that undo us...’,en,
636933399,trishalicious🟠🔸🟠,bikinimowing,the mom of the most greatest of danes on earth,en,
2186802668,Bill Schult,bill_schult,publisher of http://CatholicInDepth.org,en,
352646297,FreeThinker,Billc1984,#ProLife #Pro2A,en,
1177215114,Real Bill K,BillgometsBill,Husband Dad Big Sports fan Mets Cowboys Nets Penn St. Football DePaul Hoop Doesn’t mix politics with Sports #DrainTheSwamp.,en,
6165492,BILL HAFT,BILLHAFT,Radio Talk Show Host,en,
36577601,Bill Paul,billpaul17,"#SavedbyGod Jn 3:17, #FreedomFighter 2Cor 3:17, #TruthWarrior Eph 5:11, #TruthSeeker Jn 8:32  #LeadRight  #MAGA
Staff Volunteer @AMAction",en,
2273680110,Bill Weinberg,Billydub420,"Journalist, blogger, ranter, raconteur. Pragmatic anti-dogmatic anarchist. Obsessive copy-editor. Support my podcast on Patreon. https://t.co/M4LhCfW4u2",en,
111697515,BillyFletch,BillyFletch,"American Pit Bull Terrier father/ambassador/activist,pats,tats,new media,profitable business, harleys,lifting,freedom,stocks",en,
467836717,BingoTheGringo,BingoThaGringo,"Lifelong student of #science, #climatology grad, #astrophysics nut, outdoorsman, thrill-seeker, moto/car enthusiast #Atheist #ProChoice",en,
789834700172828673,Robin 🐸🐈🐕🐇🙉🙈🙊,birdygirl75,"I'm a wife, mother, and Noni living life to the fullest. Replies with words, gifs, and emojis in no particular order",en,
1254464291312287745,Biter_Steve,Biter_Steve,"“There can be no neutrals in this war, only patriots and traitors.” #WeThePeople",en,
453562127,Barb Casciani,BjCjoey,Carnegie Mellon University alumni; Retired Chemical Engineer; Proud Republican; Animal lover.,en,
226502720,BlackKnight,BKNJR7,It's always been a lie.,en,
40492707,Blue Knight 4,bl2sphere,"IT pro 🇺🇸Constitution, Liberty and America 1st 🇺🇸#MAGA 🇺🇸 #Trump 🇺🇸 #TruthWarrior 🇺🇸#Navy #VET #StarWars #RedWave #Vote2020 #MUFON",en,
535662532,cyndie black,BlackCyndie,"Proud American, Christian,Wife,Mother,Grandmother known as Meme          Deplorable #MAGA",en,
16654326,BlackHeartNY,BlackHeartNY,INCOGN17O 2323712371,en,
755227997557313536,Real Black News🍑🧐,BlackNews4Real,"Unbiased news despite the media censorship!  #Omnivore #YBLS
 #BlackHistoryMonth #Blexit heading towards #BlackSuccess #BlackTwitter #WalkAway #BlackPower #Woke",en,
21621661,1776-2021,BlairAllen,Justice will not be served until those who are unaffected are as outraged as those who are.  Benjamin Franklin,en,
76654973,BlameItOnBrenda,blameitonbrenda,Proud native Texan! #MAGA  #TrumpLandslide,en,
1023960086945968129,blang07,blang071,Style NFL DIY & Home Parenting Lifestyle Personalities MLB Humor Industry News Fashion & Beauty,en,
2183233649,Nina Ledkovsky,blinachka,"Registered Nurse (NYS corrections) Horse racing!! Horses, horses & more horses! Love them. Especially thoroughbreds! Did I mention horses? 🏇🏾❤🦄🖤❤️🖤💙🖤",en,
1172488512547020800,BlindingFlash,BlindingFlash2,"A force for sanity, providing a flash of insight here and there! #KAG #TRUMP2020 #SCIENCE #NUCLEAR #AEROSPACE #2A #NRA #USA",en,
101114553,A Name in AmERICA (Parler @eholbrook09),blingstrings,Conservative mom for school choice! TRUTH IS NOT A LEFT WING VALUE! Good people need to FIGHT BACK!,en,
4289404998,Brady,blkfiredrag,"IT Manager - Server/Networking Admin. Conservative, we all bleed red-white-and-blue =)",en,
1239351907816275969,BlockOfWood🧢🏝,BlockofLumber,Chasing Altcoin Pumps and Stacking #Bitcoin since 2017   Follow me on my Journey to Freedom,en,
967850890576179201,Michele Blood,BloodBrief,"Freelance writer.
Words in @amconmag, @FDRLST, @TownhallCom, @realDailyWire, @DailyCaller, @LifeZette
Libertarian-ish | Civilly Disobedient |Panpartisan gadfly",en,
1055998140317343749,KingsKid,blpickett2,"Wife, Mother, Proud American, Child of the King #Trump2020",en,
21044127,Howard Notelling,BluegrassPundit,Conservative blogger from Kentucky. Bluegrass Pundit blog. #TCOT #MAGA Retweet is not endorsement.,en,
163269552,🌜bluemoonrambler🌛,bluemoonrambler,"If you're going through Hell Keep on going, don't slow down If you're scared, don't show it You might get out Before the devil even knows you're there.",en,
1251612903565717505,MyPillow groupie,BlueSkyftr,"#Patroit Lion
Obsession MyPillow collection  
#MyPillowgroupie",en,
1148688546129219586,Misty,blueyedlvrgirl,"Mom, wife, sister, daughter, liberty loving American, and Trump supporter. I love my President and my country! #MAGA  @blueyedlvrgirl on Parler",en,
1046139314982117376,pappy 🇺🇸,BLUNDERINGFOOLZ,Patriot | Husband | Father ——————— Living life to it’s fullest!,en,
410544656,Blynn,BlynnRT,Conformity is the jailer of freedom and the enemy of growth ~JFK. 🇺🇸 #MAGA #KAG,en,
583211607,FakeBidenBehindALatexMask,bmac_4Trump,"Jesus is my Lord and Savior, and my first teacher. I know the truth will always be shown. #AlwaysDoTheRightThing #ProLife",en,
20423163,Bill Porter,BMack764,"I Follow Pro Football. I use Twitter to convey, useful information. Twitter is a powerful tool. Warning: Voracious readers only! Voluminous tweets! 🏈🎸✈️💻",en,
19422460,❌Brenda Morris❌ PROUD MAGA #RED WAVE RESISTANCE,bmorris16,#MAGA #Americans are dreamers too #ScottBaiosArmy. #BOYCOTTLIBERALBULLSHIT. blocked by fat Rosie O’Donnell and patty arquette . blocked by hillary pix,en,
42620847,Brandon Murray,BMurray1376,"football playin, NASCAR lovin, Crimson Tide watchin country boy...love a good country song",en,
462590875,Bo,bo_ecker,blessed to have family .Farmer. imperfect Believer in Christ. 🇺🇸🇺🇸🇺🇸🇺🇸🇺🇸🇺🇸🇺🇸Davell Gardner jr’s & Bernell Tremmell’s life mattered,en,
29763145,Ralph Ward,Boardroominside,"Editor of Boardroom INSIDER, business writer, speaker, leader of Boardroom Masterclass seminars, author of ""Board Seeker"" & 5 more books, traveler, curmudgeon.",en,
16511208,Eye Miss Rush Limbaugh,bobdirects,Hard working regular guy,en,
626847832,Bo Biteman,bobiteman,Wyoming State Senator. True Conservative.,en,
1113257406140702721,BobLo 🇺🇸,BobLo33,"Be strong and courageous. Do not be afraid; do not be discouraged, for the Lord your God will be with you wherever you go. Joshua 1:9",en,
3138245303,Alexander D.,bobobiettore,HL.·. 83' Grand Lodge | Winemaker | psir | Mises Instute | Austrian School | Texas irfanı | boxeur | usta,en,
940095038855397378,BobRaf,BobRaf4,guy in Florida,en,
98621885,Bob the Berean,BobtheBerean,Follower of Jesus Christ. http://ow.ly/ti6dj 7th day Sabbath keeper. http://ow.ly/pWsWO Searching the scriptures daily. http://ow.ly/ti6iH ﻦ,en,
273615244,BoilerPhin,BoilerPhin,"Lifelong and forever loyal Boilermaker, Dolphins fan, Patriot and American citizen.",en,
983443560249741312,🧘‍♀️🙏🏼Beautiful✨Soul 🙏🏼🧘‍♀️,Bonita_801,Stop 🛑 Playing Their Games... $BeautifulBella11,en,
762252876,Bonk,BonkPolitics,"Democrats' greatest trick is convincing millions of morons the GOP is guilty of shit they, themselves are doing.





If you 'reply and block' you are a coward",en,
1395158480,Bonnie Johnson,BonnieSalm,"What we do in life echoes in eternity.
she/her",en,
726792847,Rise above!,Bookwithbecky,#Walkedaway in 2014 when the Dems left me! Don’t troll me I bite back!,en,
45150815,Joseph Crook,BoomerJoeOU1,"God, Family and Sooner football! Looking for #8 nat ship.",en,
1245136792631853057,Boomerwench,boomerwench,Constitutional conservative tired of the attempts by leftists to destroy our country. #FightBack #resist #NotMyPresident #StoptheSocialists,en,
768666112795959296,Mario,boosteau,ABTY 🦅,en,
94272424,Bo P,BOPGA08,"Out here working. bopga08@gmail.com

Satellite Estates Music 

#selfmade",en,
1192094954480373760,HOLD THE LINE,borderactionnow,"⭐️⭐️MAGA⭐️⭐️ 🇺🇸 Secure Our Borders ✝️ Conservative Faith Action Group 💯 President Trump 🤔 For Common Sense, Against Nonsense 🙏 IN GOD ALONE WE TRUST",en,
2742200355,Conservative49erFan,born4building1,Constitutional Conservative.  They stopped the count to rig the election.  We also saw it happen.  Its time to stand and fight. #Trump2020 and #Trump2024,en,
282834921,Lisa,Boston119,All opinions and thoughts are my own.,en,
214049965,Brad & Britt Cast,BradandBritt,"Spotify:http://spoti.fi/2VguZ0i iTunes: http://bitly.com/1uxWdMg iHeart: http://ihr.fm/2tjMuMb Amazon store: http://Shop.BradandBritt.com 
http://paypal.me/Brad",en,
20793457,Brad Flook and Rosamaria,BradFlook,"Brad Flook, Revivalist, Author, Husband, and Dad. Preaching the word in demonstration and power! http://www.paypal.me/bradflook text “give” 407-410-3134",en,
986518312325697536,Brad Rush 🇺🇲,bradrushcpa,"CPA with an opinion, my own. Catholic. Patriot. Tired of so much government.",en,
1224887539,Ben,branchman68,Reformed Christian. Husband. Dad. Conservative. Digital asset speculator. 🇺🇸,en,
974797257987051520,Brandi🇺🇲,BrandiMarie8707,"Mom. Proud American🇺🇸. MAGA.
Psalm 23:4✝️",en,
179621873,Brandon Weaver,Brandon6918,"Proud Single Conservative Patriot With Two Teenagers, I Love God, I Love My Guns, I’m An Avid Hunter And Fisherman, Love All Sports, Dog Lover, NRA Member #MAGA",en,
230281354,Branimal,BranimalDrums,Musician/Drummer.,en,
282625514,Southern Mama,Brazzie5,"Southern wife and mama, old enough to know I'm not gonna put up anyone's crap, anymore. (gab @brazzie5)",en,
550410660,Deplorable Breeze,BreezeBebe,"Bisten Litches #NeverGiveUp ~ The Comeback Is Always Stronger Than Thee Setback! Timing Is Everything, Sloppy Acceleration vs. Military Precision - We Got This!",en,
1048406090092670977,BrendaBGodwins,Brenda74021975,I Love Trump,en,
1001254470800424960,Bre * Bring On Justice #TrumpWon,BrendaA24168120,"""Here to Support ""The #MAGA movement.""  
DJT = #BestPresidentEver & #JoeBidenIsAFraud.
'PRO-LIFE'  #DrainTheSwamp  #BackTheBlue 
On GAB: BreBringJustice",en,
1001254470800424960,Bre * Bring On Justice #TrumpWon,BrendaA24168120,"""Here to Support ""The #MAGA movement.""  
DJT = #BestPresidentEver & #JoeBidenIsAFraud.
'PRO-LIFE'  #DrainTheSwamp  #BackTheBlue 
On GAB: BreBringJustice",en,
1245069176345178114,Brenda Adkins,BrendaA50866495,Big Wine Snob & Seed Planter My YouTube Channel http://www.youtube.com/c/SeedPlanter,en,
56121320,Ancora Imparo,BrendaDoolin,"Professional Watcher, 
Passionatety Curious. 

GAB and Parler: @BrendaRenee",en,
842073985202442240,Brenda Jesky,BrendaJesky,"""Trump IS my President""",en,
153283018,woman,brendanoe60,Love,en,
1167573151712186368,Cache Money 👨🏻‍💻,brendelphius_,Developer and Degenerate ... http://github.com/VonStein7,en,
18840206,Brent,BrentAtwood84,#JobsNotMobs,en,
353236400,Brent Dyer,BrentDyer,23 ♉️ Nationalist. No More Wars.,en,
914381868694466560,Brenwood Parrish,BrenwoodParrish,"Love the Lord, America and Home!",en,
89491245,Bret Jensen,bret_jensen,"Founder @biotech_forum.  Get 50% off (regularly $99, yours for $49) from our friends at The Dividend Hunter for your 1st year by clicking https://bit.ly/3rGwYro",en,
1253011800,Brett Y.,brett_yokum,America first 🇺🇸,en,
2771678740,BrewCitriot,BrewCitriot,$RAMP $MXX $UTU,en,
4836706416,JDB 🥃,BREWcorpSoCal,"Christian, father, son, brother and Trojan...ENFJ ""Sometimes the only way is through.""",en,
520411638,Bruce,brewtoyoutoo,"Faith, Family, Freedom, and French-pressed small batch Guji roast. Independent.",en,
617554173,Brian Boru 🇺🇸,Brian_Boroimhe,🇺🇸 Lt. Col. US #ArmyRetired #Redleg #TheConstitution #2A #NRAGoldenEagle #Alabama 🚀#BehindIronSocialMediaCurtain  Parler: @BrianBoru,en,
865376410864570368,Briana O. The Crusader 🇺🇸✝️📜,BrianaOsborn13,Proud follower of Christ and Constitutional conservative activist! follow me for great political opinion&news. Homeschooled with posts from science-White House!,en,
19028707,Brian Daley,BrianDaley,"Strong Deutan | Dad & Husband | 25 years experience in AI, machine learning, block chain, VR, IOT, big data, quantum computing, micro services, and buzzwords",en,
461506323,Texas Kraken Released,BrianDAnderson1,Constitutionalist. #MAGA2020,en,
2196758628,Brian Decker,brianddecker,"Husband, father, guitar player, audio engineer",en,
5514802,Brian Griffiths,BrianGriffiths,#Catholic; @MbernadetteE's hub; Dad2x; @capgaznews column; @TheDuckpin CEO. @OldLineWiffle Commish; @FCPSen Part Owner. #MDPolitics #ProLife; RT Not Endorsement,en,
14312506,BMAC,brianmacdon1,Man of God. Loving husband. Entrepreneur. Human Optimization Researcher🥋 Founder of:http://lovesurf.com http://fitbunny.co...,en,
2707645759,Brian NJ,BrianNJ1989,"Sincere Conservative, former radio operations coordinator for @glennbeck and @theblaze, big Yankees/Mets fan",en,
816823935316725760,Brian McIntyre,brianpmc1,"Pro God, Pro Life, Pro Gun.....American",en,
1139029234163245056,Brick Suit,Brick_Suit,AMERICA FIRST - Supporter of border barriers to reduce drug smuggling and human trafficking. Instagram: BrickSuit,en,
29475311,Brittany,Britsabby,Love doesn't make the world go round; it makes the ride worthwhile.,en,
1476092084,Britt,Britt_Blu,Wouldn’t you like to know? 😉,en,
1265431649329664000,Joel Brizzée,BrizzeeJoel,I worship Jesus. I love dudes. I like Trump. America is amazing. Log Cabin Republican/Contemptible Gay. ✝️🇺🇸🐘🌈💥 (no/nah/nope),en,
938227747,charlotte brown,brn_ann,Hello! I’m a mom/wife🇺🇸 I love God & my Country! 🇺🇸 I’m a patriot! 🇺🇸 I love my 1st & 2nd Amendments 🇺🇸 #MAGA 🇺🇸 #Trump2020 🇺🇸 #KAG 🇺🇸,en,
192725624,Brock Martin,brockemartin,Constitutionalist to the core. Warrior of the truth. Enemy to all simps. Catalyst to the new roaring 20’s.,en,
989162753133858816,Brooke PATRIOTS VS EVERYONE,brooke_schroder,http://stopthesteal.us Find me on Parler @freedomfighter1111,en,
1010147876578656256,New Renaissance with Rick,browntown1776,"Born in Colombia. I am proud to be an American and will defend the constitution against all enemies foreign, and domestic.
youtube: New Renaissance with Rick",en,
421152181,Tim McGuire,Browntruck1980,"Luv Jesus, Mindy, Mom, Dad, Ava & Sam. Retired from UPS Formerly The Voice of @BGSracing for 17 Years The Madhouse. Panthers PSL Owner/Canes STM Go Wolfpack",en,
500276896,Bruce Ayers,bruce_ayers,eat...sleep...fish....and ride Harley's. retired. Trump/Pence 2020. MAGA! KAG!,en,
836571402325078018,Bruce Ellerstein,BruceEllerstein,"X-platform media sales, strat & brand dev consultant. Prolific writer of letters to the editor.",en,
2566096568,Bruce Novozinsky,BruceNovozinsky,"OG Shoe Dog since trading my PF Flyers for Puma Clydes. Then I discovered the daughter of Pallas and Styx & sister of Kratos, Bia & Zelus; her name...Nike.",en,
445719650,rlee🇺🇸🎃,brunito06,"proud American , proud legal immigrant, God fearing and God loving, Constitution Strong, independent thinker, believer that all lives matter 🇺🇸",en,
1633853574,Bryan E. Leib,Bryan_E_Leib,"Political Director, @Newsmax Insider, Former 2018 Republican Congressional Candidate, Forever a Proud Jew from Philadelphia.",en,
47804650,Bryan from TX,Bryan1949,"Husband, father, retired engineer, rancher, and animal lover. #MAGA #KAG, #KAG2020, #1A #2A #NRA #GIGEM #YOGA IFBAP 🚫 DM",en,
39866930,Bryan,BryanMills21,parler = @BryanMills21 http://gab.com/bryanmills21 http://instagram.com/bryanmills21/ God Bless!,en,
973508108440907777,Bryan Sandlin,BryanSandlin4,#KAG,en,
562124338,MW1,Bstn14Trp,Independent Thinker • Independent Voter,en,
16834614,Parler: BTownBoiler | #TRUMP2024,BTownBoiler,"Purdue fan living in enemy territory. Proud Deplorable Conservative American Metalhead, NRA member and Equal Opportunity Offender. Parler & Gab: @BTownBoiler",en,
827713107854245889,Ana Scott🇺🇸,bucharest98,"American first.  Cherish and love American freedom, self-made, family first, traditionalist.",en,
28386110,Gabby,buck1eye,"Catholic and supporter of my faith. Proud wife (USAF, Ret.), mother and mamaw. Queen City native and proud of it. West side is the best side. MAGA. KAG",en,
61621659,BuddBomb,BuddBomb,Money follows me. https://www.haasonline.com/?ref=13596,en,
250778554,Buddy Hardin,buddyhardin,"Married to Barbara J. Hall. 7 children. Owner of MMCS,Inc. (private probation services). Formula 1 Fanatic. Political HACK. BYU!",en,
2567949599,Kenny Farren - www.buildsellgrow.com,build_sell_grow,"At Kenny Farren, we pride ourselves on first building trust. We sell guarantees, in the form of what matters to growing relationships within the community. ",en,
26592941,Don 🇺🇸⚾️☘️🌴🌲,Builder26,"dad, husband,homebuilder,foodie, dog person, 2_A",en,
2339809627,fādvilən🇭🇹🇧🇸,Built_by_Saints,I'm nobody,en,
927926919596830720,NewHavenHomeGirl,BulldogNewHaven,"intoxicated people, children and leggings always tell the truth.",en,
1560813024,I Am BULLISTIK® 🇺🇲,Bullistik,"LOYAL TO A FAULT in this order: moi,  my husband, who/what I consider family and/or friends, USA, TEXAS,  Conservatism. #MAGA #KAG #Trump 'Til Death Do Us Part'",en,
1560813024,I Am BULLISTIK® 🇺🇲,Bullistik,"LOYAL TO A FAULT in this order: moi,  my husband, who/what I consider family and/or friends, USA, TEXAS,  Conservatism. #MAGA #KAG #Trump 'Til Death Do Us Part'",en,
160230699,Glen Goodrum,bullslapper,"Studying health, aging & diabetes are some of my hobbies that I want to share with you in the ebooks I have published.",en,
32276984,✨Bulma 🍷🇺🇸✨,Bulma__Brief,Buckle up https://gab.com/Bulma,en,
16018878,꧁ We n d ψ ꧂ 🥀🌷🌹,BunnyTN,Adopted by 3 🐈 in 2019. 💞Good MoJo: 🧟‍♀️🏍🦠📚🧶🧵 #Cult45 #TrueCrime🕵🏻‍♀️🇺🇸❌#FollowTheWhiteRabbit🕳🐇,en,
954399180209913856,Burt Fister,BurtFister,Proud Conservative deep in Liberal territory | Not at all PC | #1A Free Speech | #2A ΜOΛΩΝ ΛΑΒΕ | Proud of my country and not ashamed to be American,en,
722925619042865154,Sabina Foreman,BusyBeena,"Las Vegas, NV love my family ❤ my son and husband are my life!",en,
16321148,John,BWCAJohn,Canoe. Kayak. Boundary Waters. Camping. Music. Paddling.,en,
132743629,KByrd,ByrdsEye66,"Love Is A Mystery to me, Life Is A Mystery to me, I Wake Up Each Day, Mystified at the Mystery of my Life. ~ KByrd ~",en,
490887500,Connor Knight,C_Knight_2332,Christ Follower // NSU 21 // Morgan♥️,en,
185906955,Johanna,C0nservativeGal,"SAY MY PRESIDENT’S NAME 😘 Conservative~To The Right Of Rush and To The Left Of God~Jesus Is My Savior, Do You Know Him? No DMs #MAGA Parler:C0nservativeGal",en,
1142970203783008256,Gregcee31,cabella_greg,Philadelphia Eagles 💚🏈 | San Jose Sharks 💙⚫🏒 | Florida Gators Football 🏉 | Philadelphia Phillies 🔴⚪⚾️ | Brooklyn Nets ⚫⚪🏀 |,en,
25685281,California College Republicans,cacollegegop,Official youth wing @CAGOP | @GOP | 20+ chapters | Founded 8/29/63 | 🟢Featured in @buzzfeednews @latimes @time @washingtonpost @dcexaminer | #Trump2024 #MAGA,en,
2866075717,Offically left the Rep Party 1/7/21,caddie92,will be leaving Twitter the day Biden is sworn in or sooner the day Trump is on Parler.,en,
702960756405493760,Christopher Freeman,CaddieMan1974,"http://Parler.com
Caddieman1974",en,
31409241,Dr. CaesarGirl,CaesarGirl392,"Wife, No longer a Republican, #MAGA, #BackTheBlueForever, #Freedom, #TrumpForever, #HunterForPrison",en,
702033150176841729,John,CaesarXIV,Just another patriot fighting for freedom and election integrity.,en,
303331273,CAGirlyQ,CAGIRLYQ,"I believe in freedom, love, truth, and critical thinking. EST. 1978",en,
54694066,Brenda 🇺🇸,Caiophora,"Mother, wife, skier, cyclist, Constitutional Libertarian.",en,
16272976,calfit32 (same @parler),calfit32,#NEVERBIDEN Green Corruption Files 👇🏼 followed by @michellemalkin @RealJamesWoods @cvpayne @AACONS @nypost /Jesus Saves 🙏🏽 USA🇺🇸 Bodybuilder Gladiators 90,en,
1205708677933453312,╰⊰✿♔♛Aimee♔♛✿⊱╮,CalifNewsworthy,"USPressCorp*IFPO*CA Info Officer & Staff Svcs Analyst*CSUN,AIFS Kensington,Imperial College Alum*FormerFOXABCNBCNews*Pro GI&1st Respdr*=4All*T2D*CANative🇺🇸♔♛",en,
1559703943,Susan Dietz 🇺🇸🦅🦁,Calim1701,🦁MAGA2020🇺🇸Trump2020🇺🇸Patriot💯🇺🇸BACKTHEBLUE 💙 /  🖖Trekker,en,
125180516,Cali Red-Pill,CaliRedPill_,"Proud #American, proud and loving father, international traveler, #NRA, #2A",en,
4449592332,Vincent Salvatore,CallMeVincenzoS,Forget tiger blood. Its all about that Dragon Energy.,en,
26063708,Just Another Dog,calvin1272,"UF’95 Go Gators 🐊🐊, Dad, husband, dog lover",en,
184270826,Madison,Camelot1963,"Naturalized Cuban AMERICAN 
Conservative mom & wife.  ❤️TRUMP !  
#MAGA

He that is good at making excuses is seldom good for anything else. --
Ben Franklin",en,
882445868749737984,Jaz,camixgirl_,@lanaratera♡,en,
248048605,Cameron Kelly 🇺🇸,camrkelly,"Wife, Mother, Don't Tread On Me, Christian, No DM please.",en,
121291327,Ty & Charlene Bollinger,CancerTruthNews,"Ty & Charlene are Christians, parents, health freedom advocates, & film makers working to save the world one film at a time. #TTAC #TTAV #MAGA",en,
1311223778,Candice Dodge,candicedodge,"Owner/Broker San Diego Real Estate Associates DRE#01261282 Realtor, Senior Real Estate Specialist, Optimist Club, Big Sister, Lamp of Learning, Author.",en,
259705615,Candice Vega (Parler: @Firecrackercan2),candicevega,Restore the constitution! Restore liberty!! #VoteRed #DrainTheSwamp,en,
15516536,CanineC,CanineCt,"Proud American Woman. Had to change name/pic due to threats from 'tolerant' liberals. I follow all Patriots. 
Trump will always be my President.",en,
564012190,Vic Vega,CapitalisticPig,"Defender of freedom-Employer, husband & dad to 3 girls-Psalm 23:4-Live Free or Die- Molon Labe - On GAB as @CapitalistPig2",en,
838202276166647808,BACin412,CApitt02,"Conservative Wife, Mother & Business Professional. Pro-Life, MAGA 🇺🇸, Blue Lives Matter.  My Preferred Pronouns are AMERICAN & PATRIOT! #BuildTheWall",en,
1166436288,CaptSchark,CaptSchark,Proud American Patriot who loves his country. #1A #2A #CARNIVORE #GAMECOCKS,en,
23114105,Carl,carl731,"Business Owner, IT Guy,",en,
2711780581,Carla Coon,CarlaCoonAuthor,"Author, editor, non-Profit Coordinator, Wife, Mom of 8, Nana of 11, Master of none. Please DO NOT Message me on Twitter.",en,
893521010267443201,Carlos Reyes,CarlosJReyesFL,"Husband, father, grandfather, patriot.",en,
776582804159262720,Carol Ann,CarolAn89887859,"Common sense conservative, 🇺🇸#Freedom 🌟No DM🌟Twitter is censoring Trump supporters.",en,
2229229510,Carol Dillon,carolgdillon,"Thankful for God's grace; daughter, wife & mom of Army Vets; Conservative, outdoor enthusiast, rarely cooks edible food! #KAG! on parler, too",en,
525641456,Carol★Hello,CarolHello1,.•°★Constitution★°•. #Military #RonaldReagan #ClarenceThomas #AntoninScalia #SeanHannity #TeaParty #AndrewBreitbart Cheerful★Blessings,en,
894012093434810368,Carolina Dave,CarolinaDave94,Carolina is a great place to be!!! Love the mountains in the West and beach in the East! #MAGA 🇺🇸 Trump 2020 #KAG,en,
4831989513,CarolinaGuy 🇺🇸,CarolinaGuyYall,"To God Be All Glory.

PRO #FREEDOM

PRO #USA

PRO #MAGA

PRO #TRUMP

PRO #TRUMP2024",en,
775366566338662400,CarolinaPixel,carolinapixel,"I am a Christian, wife, mom, yaya, artist, designer, photographer, conservative, patriot, entrepreneur, idea genie, and all around queen of comfort",en,
1401281562,"Sistah Gwen, Citizen",CarolinaSistah,"Christ✝ follower. Diversity Exec surviver. Conservative by faith -not party. 🚫DMs/Lists/Trains
#HBCU #NC11 #TrumpWon. Please follow my other acct @ncsistah.",en,
2248490589,carolington,carolington,Conservative and unapologetic capitalist. Living in the DC area for many years gives me superpowers to see through BS. America is finally catching on.,en,
822678533944332288,Carolyne,carolynetweet,"Christian, Married, Patriot 🇺🇸JerUSAlem🇮🇱 For the LORD will go before you, And the God of Israel will be your rear guard. Isaiah 52:12 🙏🌍",en,
264437847,Commander-in-Thief KAG #2020🇺🇸🇺🇸🇺🇸🇺🇸,caronbrady,Working mom..🇺🇸.#MAGA 🇺🇸..loves reality TV!,en,
299259224,Carrie Mae,carriedaway16,"Law Student, Chihuahua Lover #LegallyBlonde #GoNoles #GoBucs",en,
304853972,Cary Cheshire,CaryCheshireTX,"President & CEO of Texans for Fiscal Responsibility. Catholic, conservative, and craft beer connoisseur. Called a Conservative Purity Czar by the Leftist Media.",en,
3246256409,moni,casarez_moni,Proud American. http://stopthesteal.us,en,
550258666,MD,casaulycasaul,Bred born raised in Brooklyn a real NYker Cigar lover Harley Lover hard worker ❤️NY ❤️my Country 🇺🇸 no MATTER WHAT Republican/conservative/capitalist mindset.,en,
1065051167225536513,Casey Dee Watkins,caseydeewatkins,"I am a mother of three wonderful girls, a strong believer in our Lord and an avid supporter of the Trump administration!! #MAGA🇱🇷",en,
45682206,✌🏻🖤🌻,CaseyLynne12,🇺🇸,en,
515411342,BloodLust,Castiel_Cullen,"I Got Problems: Agoraphobia, OCD/Germs, Severe Anxiety...
My Meds Keep Me Sane'ish. I Adore Anything Twilight, Dead By Daylight Or Supernatural. Gay Republican!",en,
2440009922,Catherine,Catherine3684,"I was a liberal...and then I got sober! Passionate Conservative for putting America first, loving God as I know him, and Gun rights. Realist. #KAG #MAGA",en,
43348556,President Wolverine 17,Cathgirl31,"Xiden sucks | Totus Tuus Regina... crush the Serpent, Mamma Mary! | Marxism = Satanic | 4 + years |🇺🇸",en,
469664661,Oscar 🇻🇦🇺🇸🇸🇻,cathsalvadoreno,"Anti-abortion and anti-porn
Anti-aborto e anti-pornografia
Anti-avortement et anti-porno
抗流产和反色情

DM's open for prayer requests.

🇫🇷🇧🇷🇨🇳",en,
24229387,Cathy,CathyCeiger,"Catholic wife, homeschooling mom, indie filmmaker & mezzo-soprano. Love Jesus & Mary, family & my work, trying my best to keep it in that order :)",en,
1245700368153161730,MAGA-Supporter,CathyHa46687253,"Happily married retired teacher, very active in my community, church and family. I want children to grow up in a safe environment. #MAGA #BlueLivesMatter #KAG",en,
765550434643619840,Cathy M.,catmaj040,"Adoring wife, proud mom, & hard-working businesswoman...retired teacher.",en,
202846498,CatNelsonPatriot,CatNelson75,American loving conservative. Trump supporter. Tennessee Titans fan. Same handle on Gab.,en,
3257125194,greeneyedcat,catseyecouture,Conservative Catholic (pre V2). All life matters. A literal Constitution. #MAGA  On Gab as @greeneyedcat. On Parler as @Catseyecouture.,en,
1260208356515434496,Maya,CB42501148,Tabula Rasa ~John Locke,en,
2502466327,Christopher Bouzy,cbouzy,"When I was 9, I started coding on a Mattel Aquarius computer. I developed several products in my 20s & 30s, and then in 2018 I launched http://BotSentinel.com",en,
2427849750,CBlair,CCCBlair,God Bless America 🇺🇸 God Bless Our Military 🇺🇸 Proud to be an American 🇺🇸🇺🇸🇺🇸 Student #ProLife Christian #KAG,en,
920798336,ccdirtdawgs,ccdirtdawgs,"Mother, grandmother, hillbilly sled dog musher, God bless America! Romans 8:28",en,
37826242,CCGAMES🕹🎮🎢,ccgamesceo,"http://youtube.com/ccgamesceo
 XBL CC Games CEO 
PSN ccgamesceo
Game Store Guy Podcast 
on the VGO app",en,
1149345434449731585,CC Nieukirk,CcNieukirk,My father was a Democrat bundler. ZHcontributor. Antique dealer specializing in Chinese porcelain. Posting political views across the spectrum & quirky stuff.,en,
787863502941622272,Maria,ccpetsitters11,"GOD 1st. 🙏 Happily married for 20 years.🎊 TrumpWON🇺🇸 #unbornlivesmatter🤰🏽👣 Steve Perry, Casting Crowns, Jeremy Camp, Chris Tomlin.",en,
498223316,Conservative Daily,cdalerts,We are a community of constitutional conservatives who believe in the founding fathers vision. Our toil is resisting socialism and its ideology.,en,
3364848593,MAGA 💯,cdeencourage,A Christian woman #JESUS #MAGA #CONSERVATIVE #Christian #PATRIOT #TRUMP #FBTS I am a Proud #republican in God we trust #TWGRP 🙏🏽🇺🇸🙏,en,
1008138976547561472,CptDorkery,CDorkery,🤓,en,
862429950,Captain Merica,cdparrott,"Patriotic Father, Christian, and Grandfather. Life Coach and Master Social Worker. Alt: Parler @parrottchristopher Gab @cdparrott",en,
18084430,“Doctor”,cduerksen,"Health writer, editor and digital/social media strategist for NYTs best-selling doctor; mom; truth seeker; parler@CoulsonDuerksen",en,
327611556,Cece Asencio,cecenj,All Views Expressed Here Are My Own. No DMs Please.     #attemployee,en,
1531185990,Cecil Choate,Cecil3695Cecil,🎬🎥| Actor | 25 years old |📍Los Angeles | Thanks for following my journey 😎| ✉️ Business Inquiries: cecil.choate3695@gmail.com,en,
636540671,CRJ_JR.,Cecilray32,As sliding down the banaster of life remember me as the splinter in your ass,en,
4002102525,ccaldwell,ceincici,Christian wife and proud stay at home momma!,en,
1257719485,Celery Caraway,CeleryCaraway,Multicultural through my life experience. Compulsive retweeter due to enduring culture shock. Lifelong Democrat. #BlackLivesMatter #StrongerTogether,en,
1176919666624778240,DeplorableTeta2 ~Just here to Tweet for POTUS45,CelesteHolsing,"Proud American Mom, Back-up Account~Twitter suspended my 1st Account.  Followed by Patriots like Scott Pressler , Alveda King, and others!  #MAGA #LawAndOrder",en,
822711373293559808,💯PatrioticWarrior🇺🇸,celindgren77,"True believer of Jesus Christ as my Saviour! Stay at home mom and married to the hardest working man I know! Pro God, Pro Life, Pro Gun, Pro Constitution= TRUMP",en,
3301022112,Celtic Crab,Celtic_Crab,"Navy Veteran, 2 AF Veteran Brothers, Son of a Veteran, Grandson of a Cop 
Former Radio News Anchor & News Director ~ Community College Instructor",en,
803346400553664512,Jimmy Lee,CEOJimmyLee,🇺🇸Disabled Veteran CEO designer @ClubVest Club Vest® Patriot® Motorcycle CCW Vests Jackets leather https://t.co/urkjODcMsk Harley-Davidson rider since 1976 Married 31yrs,en,
4727238322,Lisa F 🇺🇸,cgirl703,"Originally came 2 Twitter 4 Reality TV recaps & 2 complain about Septa, I live in Philly it's what we do, I stayed for the political entertainment  🚂🚂",en,
18173566,Craig G 🇺🇸,CGNiner9,"Cybersecurity Sales Professional. Patriot 🇺🇸Husband, Father of 2 amazing kids, 1 dog. Thoughts and opinions are my own 🇺🇸",en,
3752079317,Chad Burns,ChadBurns19,Republican Conservative. Packer Fan. Looking for a big change in government #Trump #MakeAmericaGreatAgain #FixOurCountry,en,
829706524230561792,Chad McLin,ChadMclin,Glory to God! Son Father Brother Friend Entrepreneur Patriot. Believer in Truth Love Hope Faith. Enjoy Family Friends Learning Creating.,en,
829706524230561792,Chad McLin,ChadMclin,Glory to God! Son Father Brother Friend Entrepreneur Patriot. Believer in Truth Love Hope Faith. Enjoy Family Friends Learning Creating.,en,
17414618,Charlie Chambers ✈️🇺🇸🇺🇸,Chambec,"Parler @cedw New Business Development Manager - Aerospace Industry. Unv of Michigan (MBA) & ECU Alum. Lived in SC, VA, Michigan, Boston and now home in ENC",en,
1033522893249032192,💥CHAMP2525💥,CHAMP25251,🇺🇸GOD BLESS THE USA🇺🇸 🦅🇺🇸,en,
2930437504,5th Generation 🇺🇸,chance852006,#Christian #Husband #Father #Patriot #ConstitutionalConservative #2A #1A #SexualAbuseSurvivor #SayNo2Socialism #WalkAway #MAGA #TrumpPence2020,en,
1258927829367918592,Bannon’s War Hair,chanel_chair,I’ve been carving you to see what form you’d take.,en,
797672744749961217,Dog Caregiver,Chanel4646,#Christian 🙏 ✝️#MAGA Dog Caregiver on Twitter to support Pres Trump. Protect Western Civilization at all costs. STOP the Socialists and Communists .   ❤️🐕 ✝️,en,
940385118031679494,littlekittysez❤🇺🇸,Charlatte121117,Me & my beautiful Mama. DM's ignored. I follow back most. Will source info if not easily found. I do not support the corrupt clowns who stole the '20 election.,en,
27303015,Charles Fowler,charlesfowler,I am in 100% support of President Donald Trump until  hell freezes over! I will serve in any manner needed to assist the Patriot Party to Save America. #MAGA,en,
49534373,Charmm,Charmm001,Shining the Light on Those Who Would Destroy ★AMERICA★ & ✡ISRAEL✡ #Conservative #ProIsrael #MAGA #KAG #WalkAway #RedPill #BestAwesomeTweets awarded bY Charmm,en,
933277127503482880,Chase mitchell,Chasemi65610638,"Working for minority rights all over world. Fighting against Nazi terrorist cancer in many countri, they should not be treated any different than ISIS or Al-Qa",en,
31445882,Chase Proctor,ChaseProctorXLI,Redhead. @Colts fan. #TeamVickiSoto. Toon Link main #SmashBros. Craft beer junkie. Opinions are strictly my own and ONLY mine.,en,
164859835,Chasing Starz -Trump is my president 2020!,chasingstarz,Concerned Citizen. Truth is hidden in plain sight... so is evil. One corrupts the other. Removing the wool from my eyes 1 Question at a time.,en,
2188868281,Kriz,chatandcutt,shit and 2 makes 8,en,
44677010,President-Elect Verdoux,ChazChase,"Living Proof That No Good Deed Goes Unpunished * Former Teacher * Aging Actuary * Aspiring Author * Devout Christian * Proud, Ugly, Deplorable, Trump Chump!",en,
41759177,caroline 🇺🇸🏩⛪️,cheeryxcaroline,Christian ✝️ Jesus is King 🙏 USA Patriot 🇺🇸 Mommy🤱🏻 Nurse 👩🏻‍⚕️ 🏩Year of the Dragon 🐲 World Traveler 🌎 Food junkie🍔Coco addict 🍫 Snow queen🏂,en,
340033776,Dee 🇺🇸#FightForAmerica,chefelf1,"Jesus, Character over Skin, Conservative, #ProLife, #AMERICAFIRST, #2A, #MAGA - Still ChefElf1 on GAB - President Trump Won",en,
340033776,Dee 🇺🇸#FightForAmerica,chefelf1,"Jesus, Character over Skin, Conservative, #ProLife, #AMERICAFIRST, #2A, #MAGA - Still ChefElf1 on GAB - President Trump Won",en,
1005247620799819776,Chelly Verria,ChellyVerria,fReE sPiRiT~~FoOd NeRd~~PoSitiViTy FReAk~~SeLf SuStAiNinG~~ExCiTeMeNt CoNnOiSseur~~GoD’s PrOdiGaL DaUgHtEr,en,
56174050,https://gab.com/chelenenightin,ChelNightingale,"Twitter deleted my followers, trying to rebuild.  Please follow, thank you.  2010 California Candidate endorsed by Ron Paul. #MAGA Love Jesus! #Homeschool",en,
1246910309534535681,AmericanPatriotParty🇺🇲ChelseaLynn💫🇺🇸💙,Chelsea25563518,"Simple ol gal. 🥰 Mom, Fiance 🇺🇸Patriot🔎💙Friend, 💯 Human❤
Survivor, wanna be farmer,🌱 sunrises☀️ music, flowers,🌼 mountains, believer of Angels 😇cook 🍽",en,
777262617907691520,Cherry🍒,Cherry1O7O,#MAGA🇺🇸 #KAG🇺🇸 #DaAngels😇😇CloserNation OG #BackTheBlue🇺🇸 #NRA🇺🇸⚓️Corpsman⚓️#GoNavy💪Navy Mom🇺🇸,en,
25334726,Chery1 🇺🇸,CherylG2020,G🐸b with me at CherylC and Me_We cherylgoodwin2 Ole Miss Alum’,en,
66649601,📚 🦄 Cheryl 🐾 🧢,CherylMorrisW,"🚫Trumpism 🚫Brexit 🚫GOP 🌱Non-Human/Human Rights 
🦄 Indy 🏴󠁧󠁢󠁳󠁣󠁴󠁿 🏴󠁧󠁢󠁷󠁬󠁳󠁿 Pro-EU 🇪🇺 Ecology🌳 Wildlife 🐿 🦜🐦 💚
🚫Tories 🚫LNP 🚫UKUnionists",en,
16043205,Trump 2024 TruthTeller 🍊,CherylReynolds,#Resist * #NeverBiden * Gab @Exigence * Parler @CherylReynolds * Trump since the escalator * Backup: @ElegantExigence * Opinions are most decidedly mine 🌻 🇺🇸,en,
64429619,CherylsWay,Cherylsway,Proud Mother of 3 amazing daughters. Business owner. God & Country 🇺🇸 Free Speech #BackTheBlue 💙 #2A #REPEALObamacare,en,
1191460160,Juliet 🙏 🇺🇸❤️,chglatitude,Jesus is my Savior 🩸✝️ Faith & knowledge are my pillars Laughter is my medicine Functional Medicine #MAGA #BendedKnee #BDAD #Biblical,en,
459445951,North Side Anthony 🇺🇸,chicagoanthony_,"Sports, Politics and Whatever Else. Land of deep blue. Love the city, disgusted by who runs it. #demmachine has ruined this state. Pronouns Your / Mom",en,
763864434716573696,MAGA Forever 🇺🇸 ✨✨✨,chiccabear26,Proud wife and mother to 3 blessings. Conservative. Catholic. Proud American 🇺🇸 I love my country and I love our President / Trump 2020 / 🚫No DM’s,en,
1251592356073295874,President PAIN 🗣,chicityderby,bring the PAIN,en,
1253388885146636291,To The Moon 🚀🚀🚀,ChickieNuggetts,“The tree of liberty must be refreshed from time to time with the blood of patriots and tyrants.” - Thomas Jefferson,en,
126701416,Robbie,ChiefsFan23,"Retired Military Veteran,die Hard Kansas City Chiefs/ Royals fan!! Proud Republican!!!",en,
874575252,JellyBelly🇺🇸,Child6of8,"Catholic, conservative, pro-life, wife, mom, executive, business owner, Packer fan....",en,
46806111,Susan,Childlikefaaith,#Christian #Wife #Mother  70's girl🌺 Waiting for #2022 and #2024,en,
775136569510375424,Annopoly,Chilon_Sparta,Politics du jour.📅Patriot 24/7/365🇺🇸 7164045,en,
394995007,Jeannette,chiplover44,I love working with disadvantaged kids. Die hard Redskins fan!! #HTTR #RedskinsTweetTeam,en,
814300323733012480,Boo,ChowLabLove,http://Gab.com/HereIAmAgain 🇺🇸,en,
28151887,Chris 😎😛🤣😂😃🇺🇸🏳️‍🌈,ChrisBergold,Hello There ! 🏳️‍🌈 (Pic is the late “loveable” Albert. 2007-2020) Lighten up and don’t take Social Media to seriously. Have fun and be happy!,en,
929117666,President-Elect Key,chriskeyy,Proud American/“Dad”/Future Republican Candidate 🇺🇸 47th President of The United States of America,en,
931543948081774592,Chris Mahan,ChrisMahan14,"Hard working, America loving conservative that loves Trump and his family🇺🇸🇺🇸👍🏽",en,
863437334347481089,Ohio Governor-Elect Mac,Chrismc80839284,"Catholic, Conservative, libertarian leaning, broke father to 5 girls (2 with 4 legs). Recovering Professional Political Operative. 🇮🇪⛪",en,
1018647634125492224,Chrismm,Chrismm29492461,"Patriot, Conservative, Pro-life Catholic Christian, NRA supporter",en,
4386338182,✨Deplorable Chris🇺🇸✨,chrisroxx22,✨Ready To Take Our Country Back👊Let's make AMERICA Great Again TRUMP2016 🇺🇸🇺🇸🇺🇸 #MAGA 🔥,en,
3471981,ChrissMari,ChrissMari,"Unapologetic dogooder, Penitent, and Radical Catholic Leftist. MSW Student RTs != Endorsements and My Thoughts = Mine and My Cat's alone #mcfc #ODAAT She/Her",en,
1262913169036460033,Christianview.blog | Gab: @Smartobella,ChristianviewB,#MAGA #KAG https://t.co/aMOfZjfZWz  I reached my limit of people I can follow as @TeresaManning_1 This is my 2nd account. Believer in Jesus Christ; my Savior & Lord.,en,
778258438925279232,Christina Whitman,ChristinaW54321,Proud #deplorable since day one. #MAGA #KAG #Trump2020,en,
173945478,Christine Muller,ChristineRN70,"Nurse, Wife, Grandma, and Mom to a Marine Corps. Veteran",en,
1030593792334864385,Christopher Boen @PresidentElectBoen,Christo22263422,Christian. American Patriot. Trump Supporter. Israel Supporter. Philippians 4:13.,en,
1019267587476152320,its me.,christo76943670,🇺🇸,en,
3796860628,Christopher Laurence,ChristopherSQV,"I founded a website (http://SiQuaVirtus.com) 

(Popular) Culture & (Traditional) Catholicism. 

http://patreon.com/SQV

http://SP3RN.com/ChristopherSQV",en,
22210717,CZ,ChrisZNC,"#Christian #Father and #entrepreneur. #82nd #Veteran #Patriot #2A #1A. NO DM plz. RT=convo, not endorsement. #originalintent #rumble #parler= @TEZ3 IFB",en,
809626770,Comic Book Guy,Chuckhere250,I Support and Defend the Constitution of the United States of America ! God ! Family ! Freedom ! #Conservative #ProLife #AmericaFirst,en,
115705376,Chuck Muth,ChuckMuth,"Conservatarian political activist, author, speaker, blogger, publisher, campaign consultant & full-time dad to Kristen, Jenna and CJ.",en,
588097588,Chuck Richter,ChuckRichter70,"Entrepreneur & Consultant ● Italian 🇮🇹 German 🇩🇪  ● Family Man ● Dog Lover ● Wine, Bourbon & Cigars ●  Lift 💪 ● God & Country 🇺🇲 Angels ⚾️ Seahawks 🏈",en,
1048789086704750592,Cigar Mode,CigarMode,"smoke ‘em if you got ‘em ⭐️ God-fearing Catholic patriot, because America ✝️🇺🇸💪🏼🥃🦅⭐️ - ❌ guns, cigars, meat & whiskey ❌ - (#KAG & ALL the RIGHT hashtags)",en,
1021501729425252359,Cindy Ann Willis,CindyAnnWillis1,"Support TRUMP, US Military🇺🇸VETS Law Officers, KANYE
Christian Conservative 🙏 ✝️        Constitution FREEDOM
Blue Lives Matter PITA
https://t.co/5YElXqTiNh Cindy@CindyAnn",en,
3232837242,⚜️ Cindy ⚜️ 🇺🇸,CindyB_717,"I Love God, Family, Country, President Trump & Flotus 🌹 #TRUMP2020 #MAGA 🙏🎚🇺🇸 Parler- @CindyB717",en,
88689348,Cindy Colbert,CindyColbert,"Bible Preacher, Teacher & Writer Who Is ""Purposely Living Life Overflowing With Love + Hugs = Joy"" While Equipping Others With Why & How They Can & Should Too!",en,
37926263,Cindy Adams,cindyderossett,🇺🇸❤️🤍💙✝️🙏⭐️  Parler: @cindyderossett,en,
143120827,Cindy Graves,CindyGravesFL,"Proud American Dreamer too, Mom of 4 amazing adults, Past President @FloridaGOPWomen, retired radio host, wanna-be chef, happy Floridian & seeker of truth. 😎",en,
45228692,Southern🍑CindyLou,CinUsa22,"Christ follower, WIFE, MOTHER,DAUGHTER,SISTER & patriotic American ❤️🇺🇸 Isaiah 40:31",en,
2503590801,conrad isoldi,cisoldi99,LFGM,en,
1139675666784366592,Citcat,Citcat21044337,"Patriot🇺🇸
Cam model💃
Crazy Catlady🐈
420💨💨💨

https://onlyfans.com/citcat21044337",en,
927754342660153344,Amicus,CitizenofOld1,America First,en,
1243692647669252102,Citizen Sanctuary,CitzSanctuary,"Join us to learn about principled conservatism, to share stories of forgotten American, and to take action. Facebook: Horowitz Citizen Sanctuary",en,
943872068117987329,Citizen Jane,CivicViewPoint,"""Blessed is the nation whose God is The Lord.""

I don't RT profanity or bad grammar.

#Christian #Conservative #ProLife #StopCommonCore #1A #StopHR1",en,
88377399,🇺🇸 John Adams #WeThePeople #BuyAmerican 🇺🇸,CivilityWanted,"I stand for freedom, liberty, love, justice, grace, peace, and above all the proclamation of biblical truth and the fear of the Lord! Go Gab & Parler!",en,
742067080397197312,Christallized,cjamwash,Business Owner / Real Estate / Music🇺🇸🇺🇸🇺🇸💯💯💯👱🏼‍♂️,en,
758342511840538624,President-Elect Cormier,cjcormiergolf,God and family first. A patriot and true conservative. #MAGA #idontkneel #Isaiah 54:17,en,
1044663875000504320,Devil's Child 🚜🚜🚜,CJDanielsFarms,"“Mitch is a dour, sullen, and unsmiling political hack, and if Republican Senators are going to stay with him, they will not win again."" - DJT",en,
492802122,CJHerod,CJHerod,"Christian, Husband, Father, Voluntarist.
I love America. I don't love her government.",en,
4004558778,Libertus,ClasikLiberal,Boomer +2A +1A MAGA TRUMP2020 Parler @4All,en,
91435441,claudia chaves,clauchachaves,"Comunicadora social - Periodista
Investigadora en Comunicación Extraterrestre
#YTodosTanFrescos #RetoExtraterrestre #PalabraManipulada #LocasTeoríasConspi",en,
4311982647,Clay Conboy,Clayconboy1,"Follower of Jesus.  Strong Patriot, Husband, Father.  Conservative, No Trains Please",en,
2232314554,Clay Man ✝ 🇺🇸,clayman0414,"God First, Family, Veteran, Patriot, Sooner Born, Love Fútbol!",en,
1252622772586590208,CLE mama 🇺🇸,cle_mama,🇺🇸 Wife 🇺🇸 Mom 🇺🇸 Faithful Servant 🇺🇸 Patriot  “College Educated Suburban Woman”,en,
99095270,RealityCzarCleanSweepUSA,CleansweepUSA,"🇺🇸 🐕🐣🐖🐮🐥🐘🍓🍎🍉🥑🍏✝️
🎶🌴🏖️🌅💚 #RNC2020Delegate #CancelAnimalAg #WalkAway #Vegan",en,
3418880782,🇺🇸TrueTalk🇺🇸,Clear_Honesty,Navy Veteran and concerned (Proud and Hopeful) citizen of the United States. #MAGA,en,
868297606816026624,Blonde Polish Chick,Clements37167,"Wife, mom, business owner & community volunteer. Could not do anything without a whole lot of Jesus & a little coffee. #WeThePeople #TruthTeller",en,
41893497,HardToHandle,clingingtomygun,"Happily Married, Mom of 3, NaNa to 1, and Libertarian Leaning Republican - Live & Let Live",en,
1155903129554161664,Clinically Evil,ClinicallyEvil,Facts matter. Science matters. America matters. The campaign to cut the cancer of anti-democratic actors and misinformation profiteers has begun. Vaccinate!,en,
1199735220016230400,Clone Commander Bly,CloneCMDR_Bly,"CC-5052/Star Wars Stan, Cyberpunk 2077 Fan, recovering Destiny habitué, Soldier, LGBTQ ally - Trans lives matter. MAGAs Fuck off.",en,
722928727,Mostly Peaceful 😉,closetconservLA,just a woman working to Escape LA one day and Vegan for the Animals 💕,en,
904525544892514304,CloutHub,clouthub,"A social network created for civic, social & political engagement. Returning power to the people!",en,
3252066963,TrumpYankee27,cm67cooper_m,"proud Momma, Trump supporter and Yankees fan❤️🇺🇸⚾️Parler account cm67cooper (TrumpLovingYankee)",en,
874116060194254848,Chaun,CMBNOFEAR,"~INTEGRITY is doing what is right and truthful, and doing as you say you would do~
●#IWalkedAway
●#PatriotParty
●1000% American
●#MAGA #KAG
●#TrumpWon2020",en,
2315854633,Don Schwartzer,Cmdr10HenryRet,"LAPD retired - Husband and Father, very proud American",en,
286760522,CMMV,CMMV_vt,"She/her - Mom, wife, teacher, politically left of center, social justice advocate 🏳️‍🌈",en,
712270543475515392,CMRanger,CMRanger1,"#WWGOWGA American Sovereignty, 2A, Borders, Voter ID, LTD Govt, US Constitution, Bill of Rights, Manners & PC are NOT equal, A Good Laugh #MAGA | ΜΟΛΩΝ ΛΑΒΕ",en,
157495665,Cyndl,cmtwx,"Native N.Y.er who lives in Las Vegas NV interests: Vegan, music,arts,entertainment, reading, learning, kind of a political wonk, cat lover, 3 cat household",en,
583261182,Mike Langley,coach_miked,There are 2 seasons in a year.... baseball and hunting.,en,
175404992,Josh Fosdick,CoachFoz,Contents of this account are my own.  Co-host of The Plugged Lie Podcast @PluggedLiePod,en,
250945282,Jim Lussier,CoachLussier,Proud Husband and Father.,en,
865953314323615744,Lauren Elizabeth,Coast__Coast,"Cycling my way through Maricopa County, Arizona. I despise those pesky unnamed sources. Don’t click on clickbait. #TrumpisMyPresident #MAGA #KAG",en,
901076874,Coastal Escape,Coastal_Escape,Floating is the only way to truly let go....,en,
1433650188,janie lloyd 🐊🏈🇺🇸,coco_chanel1970,"3 most important things in life: Faith, Family & Football 🏈 UF is the only college in the state of Florida! 💙🐊🏈",en,
560781429,Courtney,coco2love_,"Shampoo dealing, mama, free thinker, Jesus lover & Trump supporter. give me a follow down this rabbit hole.",en,
4064337137,Patty,cocogigi,#MAGA 🇺🇸,en,
1257742946461515779,Mrs. S,Coffeeclutch20,"Suburban Housewife.  here for some light political drama and casual trolling. The left says I’m a bot. 🤷🏻‍♀️
 ☕️💅🏻💁🏻‍♀️🇺🇸",en,
32370979,🇺🇸☕️CoffeeBreak🥩🦅,Coffeee_Break,"Outside the target demographic, I build things 🏘 & 🌳🌱🌎 needs CO2 @ ~ 1000 ppm 🍀Carbon Rights Now! 💯 Gab is @coffeeBreak",en,
1093683285291544576,coffeegirl,Coffeegirl_Mt,"Practical  Influencer, Amazing and Hilarious!!",en,
2361358164,K I P C O L B O U R N E,ColbourneKip,"Azusa Pacific University Graduate | SoCal | Upland, Ca.",en,
93420401,Cole,cole3565,My skin is better than yours 🤪,en,
1136163416857546753,Colton Turner,Colton_Turner48,Jesus is either Lord of all or not at all // Probably at a dirt track somewhere // DBU ‘23 // #enditmovement❌,en,
21450325,Mike Rosenthal,ConciseInvestor,"Priorities: #1 faith, #2 family, #3 business. The real secret is understanding they're all related. REALTOR/CDPE. Equities/Options/Futures Trader",en,
406483952,🇺🇸California Condor🇺🇸,Condor_Law,"Writer, Poet, Historian; Prof.AmLit & ConLaw #Patriot 💯American 🇺🇸 Fmr.CIA; Pronouns: 1A 2A μολών λαβέ #BackTheBlue⚔️Semper Fi⚔️ Fluent in Smith&Wesson",en,
1056149912675667968,PatriotPartyPresident❤ 💪 🇺🇸,ConlonTisch,"#ProLife 👣❤👣 #MAGA
🇺🇸Donald Trump America First 🇺🇸
#IndependentConservative 🇺🇸


Commies, sissies & snowflakes will be 🚫 No lists",en,
22855346,CHGold,ConnaGold,"Wife, Mother, Adventure Hunter, American🇺🇸Retweets are not necessarily endorsements.",en,
4893597615,Mikey Connell 🇺🇸 👨‍👧,connell_mikey,"Dad, NYer and loyal Yankees fan! These opinions are my own and not of the imaginary man in the sky...or my employer. Favs: planespotting, wxspotting, retweeting",en,
15275232,connerhuff,connerhuff,"I can conjure up the most unique business ideas, full of twists and turns that only the most brilliamennt could imagine.",en,
34157839,ConniePrays,ConniePrays,"-Christian Black AfricanAmerican ProLife
-Follows/RTs/list do not imply endorsement
-Twitter sadly prevents this acct from following YOU
-Profanity gets blocked",en,
4616697135,MakeAmericaTolerantofUs,conservativebuy,Your opinion of Trump reveals what’s in your heart. Examine your ❤️& Choose love over fear. I Sell Trump Stuff...click my site... #MAGA #KAG #Trump2020 🇺🇸,en,
38982431,Debi J,Conservativist2,Supporter of our President and conservative principles. tired of being force-fed fake ideas from a fake media,en,
938150885120790528,Shay Shay,ConservWarrior,"I am a Conservative Warrior looking to keep it ""real"". I will call you out when you're wrong or just ignorant. You will be educated! TCB....",en,
1035944559715536896,Fuck Biden,Consofcooking1,"Socialism is slavery 
Freed slaves worked harder than they had as slaves to buy their families freedom, I will not give mine away for a Government freebie.",en,
287766113,Merely Me,contemplating2,A middle class working lady. Sometimes I just need to ask why?,en,
49140090,Contessa,ContessaLoves,for it’s the horrors in her heart which cause the flames in ours & she was always willing to burn for everything she has ever loved. Faith ✝️ Family Freedom🇺🇸,en,
1697485568,🇺🇲Nette🇺🇲 Dems & Rinos are domestic terrorists,cook_2281,"🇺🇸Patriot Party🇺🇸 MAGA❤🤍💙
Patriot🇺🇸Conservative🇺🇸Christian😇ProLife #1A🇺🇸#2A🇺🇸Always Stand for the🇺🇸 BackUSMillitary🎖#BackTheBlue🚓#OurRescue",en,
168363561,Shawn Cooper,coop626,I can do all things through Christ who strengthens me...Philippians 4:13,en,
259621836,Mary Copes,Copesee,"WWII Vet's daughter-Born & raised in Phila, Pa for 55 yrs- TN transplant since 2015🔴TRUMP 2020🔴  Wife, Mom of 8, Memom to 16 grandkids. Parler acct @Copesee",en,
306540692,Coral Haug Blanchard 🇺🇸,CoralBlanchard,"Originally from North Dakota, mom to UGA student. Love all music/Smooth Jazz my favorite! Christ is my Savior! Conservative Patriot! #Trump2020 #MAGA 🇺🇸⭐️🇺🇸",en,
920753827334074368,Mamamenniti,Corieann2,"Wife, mom, Cali native “I’ll keep my guns, money and freedom, you can keep the change” #MAGA #TRUMP2020 🇺🇸",en,
15741313,Cornfed,cornfed_farmboy,"Pro Military, Veteran, Law Enforcement and 2nd Amendment.  Dog Person 🐶",en,
1261190879798321152,•Corn Pop’s Leg Hair•,CornpopsLegHair,"“We hold these truths to be self- evident. All men and women are created, by the, you know, you know the thing"" -Joe Biden-",en,
590006305,Delana,CoronaCaliGrl,I am whatever you say I am... 🐇 #DelanaCaliGrl #ÅngelsBaseball,en,
45860124,FreeMansArmy 🇭🇹,CorruptFreeMind,Let's Continue to achieve understanding this for Spirit while continuing to Grow our Purpose,en,
15702380,corsa1,corsa1,IT Consultant,en,
58632867,Cortney Wilmering,cortneywilm,"Proud American/
MSU Spartan/
Catholic/
PhD/ @Outkick Copy Editor

Parler: @cortneywilm",en,
1155556585252499457,Lillian Cosner,CosnerLillian,It’s hard to be a diamond in a rhinestone world 💎 🌎,en,
773312477048233984,Coughing Hillary ™,CoughingHillary,"Attorney, Ex-DC Lobbyist, Senate staffer. Swinging my XXL bat at BigMedia, BigTech, Globalists, Academia, Hollywood, and FBI corruption. Proud Jew. #2A #DukeLaw",en,
1151338542968311809,courtneyshaver,courtneylshaver,Proud wife and momma who loves Jesus and America!,en,
3060311297,Walz Lies While Your Grandma Dies,CourtneyRyannMn,A Fighting Irish soul raising 3 Warrior Princesses in this upside down world. Catholic Conservative. #GodisGreat #MnVikings #MnTwins,en,
1160294424733261825,CouveGirl,couvegirl,Stands for what is right!,en,
913550041,President-Elect & Official Source Kathleen Hassan,CowboyKate49,"Loves Life; Believes in the Individual;  Equal Justice & Respect for the Rule of Law, Moral Integrity and Faith in God.",en,
1220316524,John,CoverYourBrew,"Resisting tyranny anonymously so he doesn't get cancelled by leftists. Also, engaging in asymmetric investment ideas #U308, off-shore oil, tokenization.",en,
821940491952340992,Adorable Deplorable 💕🇺🇸🚂,covfefethoughts,#MAGA #KAG2020 #AmericaFirst☝🏽#BUILDTHEWALL #2A #prostraws #tastyliberaltears #latinasfortrump,en,
227001361,We are all Donald J Trump Now,cprforamerica,"To paraphrase a founder, either we hang together, or we will all hang separately. #MAGA #1A #2A #Trump2020",en,
16685443,cr_clark,cr_clark,Account I use to follow and comment on the news.,en,
1107211395731517441,Cracka Chatta,CrackaChatta,"Satire news and sketches. Attempting to take comedy back to the 80's and 90's. No political correctness.
 
https://parler.com/profile/CrackaChatta",en,
21411657,Craig Adams,craiginjersey,"Member Foreign Policy Research Institute, Lincoln Project, Cornell Ornithology Lab.  No policies, no issues, no candidate. One goal: remove Trump",en,
39859832,Discerning Looter,crayzlikethat,Dad • Cuban American • Finance • Gamer • Poker • Patriot,en,
220627281,Nakia Anderson/CreativeVerve Media,CreativeVerveM,"I'm a #gay woman who is a #patriot, indep. voter invol. in & passionate about #Media & #politics.  #Writer #Creativity #GayRights #LesbianPatriot #USA #WalkAway",en,
31686840,Just a California Chump😎🌟🌟🌟,crescentrn,Proud American! ICU nurse!!! #MAGA2020,en,
1251298796014694400,Cynthia,CReyes240,"🙏 ❤ 🇺🇲
God is in Control. Mother. Project Manager. Pet Lover 🐕",en,
602951862,Criminal lawyers MI,CriminalLawInMI,Criminal Lawyers in Michigan is a directory listing of criminal lawyers in Michigan listed by lawyers specialty. If your in need of a criminal lawyer in Michiga,en,
1052986122228383745,Nick C. Pillion,crimson_pilli_n,Our United States of America is the best Country on God's green Earth!  #changemymind,en,
827886950199750656,CB,CrisB_13,Logical thinker. #RuleOfLaw. #EVERYColorMatters #NRA #ProLife🙏 #Stand4Our🇺🇸#AmericaFirst ❤️45 #MAGA Patriot Forever,en,
991733543427592193,Crisine Kennedy,CrisineK,"By the grace of God, I am what I am.",en,
712665171697799170,Lynn 🌹🌷🥀,crossroads52,#MAGA🇺🇸#Christian🎚 #Mother #NRA #Potus45 Best President #45 🇺🇸        ❤️Veterans,en,
190762684,President-Elect DOCTOR Carol 😳,crowbahr,"God First. Mom, Pistol packing Grandma & Patriot. Wife of once a marine always a marine. Daughter of WWII USS Nashville gunner #MAGA #redpilledwarrior #Jesus",en,
263879823,JAC,crowley11111,994O942 🌎,en,
751989746,Southern Girl Golfer,CruiseLoverDBW,"Proud to be an American! 🇺🇸🇺🇸Conservative #MAGA Mom and Happily Married Grandma. Love God, Family and America! 🇺🇸and then Golf....NO DMs.",en,
49446566,Pajama Mama 😷 The Earth is round & 2+2=4 🌊,CruzTalk,"Ex-pollworker, politics junkie 🐢 My views 📎 #JournalismMatters #TeachCivics #TruthMatters #GumboDiplomacy #WordsMatter #Disestablishmentarianism 🚫DMs",en,
1702111472,Chris 🇺🇸,cryptochris369,makin’ due & gettin’ through,en,
998378383154311168,crypto jim,cryptojim8,"Cryptocurrency junkie looking for my news fix.
 https://join.robinhood.com/jamess17834",en,
3040202438,Crypto$tockton 🇺🇸,CryptoStockton,#12 #Crypto #Trump Gab: @Cryptostockton,en,
861803498,Patriot RN 🇺🇸,CrystalRN23,#Prolife🤱🏼 | Constitutional Conservative | #MAGA #KAG | God bless President Trump | God bless the Chicago Cubs | #TheBestIsYetToCome,en,
706595830635991040,Crzynrsmom,Crzynrsemom,"Mom, RN, Patriot ❤️🤍💙 IFAPB 🇺🇸",en,
44760588,🇺🇸 Independent Girl Citizen 🇺🇸,csmith92,"🇺🇸Proud supporter of the Constitution 🇺🇸  🇺🇸
🇺🇸",en,
1259932296850714625,CStylezz,CStylezz83,"Father, Husband, Patriot. 

#KAG",en,
239856368,CTBlchrCreature🇺🇲,CTblchrcreature,"Dad, Husband, Hockey Fanatic,Yankee Fanatic, RIP Sec. 39, Craig Janney is the 🐐, NYR, NYK, AFC, Cowboys *Views/opinions not associated with my employers*",en,
82040401,catherine triomphe,ctriomphe,"Journaliste, cheffe du bureau de l'AFP à New York, ville-symbole de diversité et ville natale de Donald Trump.",en,
872560804910030848,cuatromom,cuatromom1970,"Wife, mother, political junkie, Bravo super fan",en,
272150198,La Presidenta Elect,CubanaAmerican,"Born in U.S. w/Cuban parts.Thankful for the courage & sacrifice of my parents.Raised to be strong, independent woman & conservative. FLTXGIRL on Gab.ai",en,
457140529,Rosie ❤️🎃🙏🇺🇸,CubanRepub1231,Accounting & Tax Business Owner. Certified Business Specialist in Accounting & Budgeting. Licensed Real Estate Agent.,en,
251469950,Millennial,cucumber1emons,"Advocate of free speech, even if it offends you or me. “If liberty means anything at all, it means the right to tell people what they do not want to hear.”",en,
32506039,Jennifer Feigl,cuddlebunny626,"Wife. Mother of 4. Animal lover.  
#trumpsupporter #MAGA",en,
1221460081319075841,Cullen Mastin,CullenMastin,Faith. Family. Freedom. Pizza.,en,
24105698,AbrahamWoodhull,CulperSpyRing76,Leading member of the Culper Spy Ring during the Revolutionary War,en,
708668323538411520,Sandy Welch,Cult45Boomer,"Love God, Family & USA. #BasedBoomer #Trump2020 #MAGA #KAG #PrayerMovesMountains",en,
128360486,CultureKill,CultureKill,"#IStandWithTrump #NeverConcede #NeverBiden
#IllegitimateElection = #IllegitimatePresident
Find me at http://Parler.com - http://CloutHub.com - http://Gab.com",en,
166134301,Curtis Hebert ✝️,CurtisHebert,"“It is impossible to conquer a nation determined to be free!” Cajun Heritage, Catholic, Married",en,
911452507653726209,Debbie Cusman,CusmanDebbie,"Wife, mother , dog mom, online business, love politics and Pres.Trump. God Bless USA",en,
2528714604,Custom Rogue,customrogue,Love The Constitution and The Foundation Our Country was Built On ~ Rebuilding Started on 1/20/2017,en,
25228648,🇺🇸CutterQ-Midnight Rider🇺🇸,cutterko,"#BIDEN2020😭🤮🤮🤮🤮🤮
 Loves family and God, Oh & I'm a Lady #2A #NRA",en,
17552416,cvc415 #StopTheSteal #CountEveryLegalVote,cvc415,"❤️🤍💙🇺🇸 Pro Trump Conservative Christian, Pro America, Pro Life, Pro 1st and 2nd Amendment, MAGA, KAG #AuditTheVote",en,
80918962,Chad Runge,cwrunge,Lover of Jesus.  Husband to my best friend.  Father of 5.  Business owner.  Farmer. Coach.,en,
1234687264497770497,cyberpunk_fixer,cybe_rpunkfixer,#cyberpunk #cyberops #AI #boxing #jujitsu #OSINT How to be a Cyber Punk style over substance attitude is everything take it to the edge Break the Rules,en,
720664083767435264,CyberScoop,CyberScoopNews,"CyberScoop, a @ScoopNewsGroup property, reports on news and events impacting technology and security.",en,
883023758856007681,Cindy Chafian,CynCity_USA,Founder Eighty Percent Coalition - It’s amazing what we can accomplish together! #Unity #FightForAmerica Guided by angels. Transmute negativity. Speak truth.,en,
610121498,cynkirkland,cynkirkland,"Just a loving wife, snarky mom and kick arse Nona.",en,
206498383,cynthia hennig,cynthia_hennig,Specialize in Real Estate 20 years of experience of proven Savvy negotiation skills selling in unparalleled markets in DFW / Multi-Million sales. #MAGA,en,
1254798527357693952,No longer Republican Da Bitch iz in da house,Cynthia43112603,"Sexy, gorgeous, constitutional conservative #donaldtrump #backtheblue #MAGA #KAGA #USA1ST #PATRIOTS #🇺🇸 I STAND WITH DONALD TRUMP",en,
48737905,Cyril Sturm,cyrilsturm,"wife, cat & dog mom, write a little, travel EVERY chance I get, love my family, help ever - hurt never",en,
785261966080217088,#nofilter,da_bo121,"American and proud of it. God, our Constitution, Family, and our demand for truth and freedom make us American. Only faith and diligence can keep us free.",en,
970420540455387138,John ¯\_(ツ)_/¯,DaBearsk35,Today is the tomorrow that you were worried about yesterday. #DaBears 🐻⬇️ Proverbs 4:26 Luke 3:5,en,
936047459054358529,Daily Circus,dailycircuspod,"Podcast dedicated to bringing you news.
Top ranked podcast in Podomatic",en,
2759882149,SherryleRussell,daisy86sunshine,"In life I strive to be content, yet never satisfied. And this #TexasMomma is a #blackhearted lover of #TeamAllBlacks",en,
578700957,Dakota Lee Dilley,DakotaLeeDilley,"America First 
Factory Worker 


Crooksville, OH",en,
1242321742170935296,Dakota,DakotaRhea6,"If you are interested in some paid fun Dm me, I sell my pictures",en,
1258315453,dale_smith48,dales872,"39 yr old male. lover of women of all types, especially BBW's. Currently looking for a bed buddy.",en,
785193696,Cindy,dallascyn,"Don't just accept where you are in life. If you want to be better, DO better. 
If you want to BE more, DO MORE. 
It's all on you. FIX IT!",en,
855602092270080000,Kathy Dalpiaz,DalpiazKathy,"Happily married, mother of a Soldier and Marine. Philly girl! #MAGA #Trump2020Landslide",en,
836924419,damnyoumaggot,damnyoumaggot,PRO-LIFE PoetEditor BeardedActor #ShepherdsWife #SnowflakesLattes #TheFLProject.  SarcasticNarratorWithACamera  FollowedBy @KenWahl1 blocked by George Costanza,en,
1048925694674305025,DBIGZ 🇺🇸🥈 🥉🔔 💪🏾Promoted by Patriots🇺🇸,DamonCross11,"🇺🇸 #JesusSaves, #America1st, #married, #fatherhood, #MAGA, #KAG,  #LamarJackson #shoelover. The China 🇨🇳 elected a potato🥔 for POTUS 🇺🇸.",en,
3311637872,Dan Donovan🌺,Dan_Donovan_17,"Just a guy who is trying to make sure the media doesn't try to control our world.    

Data analysis- Jukt Micronics",en,
15489148,Daniel Thorpe,Dan_Thorpe,"Constitutional Conservative who is still is willing to fight ideas in the trenches of Twitter. Willing to debate idea, trolls will get auto blocked.",en,
1234659884798500864,Dan West,dancanttan,doin words,en,
17496006,Dan Carlotti,dancarlotti,"Life, liberty & the pursuit of happiness. Tweets & retweets reflect the opinions of myself & not my employer. #AmericaFirst #BlueLivesMatter",en,
894939000909312000,dancer,dancer050557,"christian, loves travel and spending time with children and grandchildren, father was military, great husband, pro-life, Trump campaign volunteer",en,
108915226,Jack Pezzano,dancingfeat,"Pro photographer, entrepreneur, investor, pizza chef, runner, etc...",en,
384098986,Danny D NYGBKN,DanDnice,NJ is the home state. EAST CAROLINA PIRATES. New York Giants! Small business owner. BROOOOOOKLYNNN!,en,
1009215580161871872,Rob from Maine,daneslayer95,"life is family, and I love the outdoors.  mother nature, and the creator of all is my guide.  God bless everyone 🙏 ❤ #supernatural #castiel #deanguy #samw",en,
2736931361,Dan Faenza,DanFaenza12,DBP 17  PSU 21,en,
510852223,Dangerman,Dangerman757,Looking for trouble wherever it lives.,en,
1018272162,Daniel Goodwyn,DanielGoodwyn,🇺🇸 God bless America! 🗽,en,
1122291464795455488,DaggyJames,DanielJ44640885,What’s wrong with you,en,
2324823740,Fifty Shades of Sarcasm,daniellecashat,"mom, wife, conservative, sarcastic, risqué and witty, gun owner, coffee consumer. Pronouns: Heckler/Koch",en,
1062061381455880192,Danielle Sacra,DanielleSacra,"Nurse (former ICU), current BUSY SAHM to 3 girls, fire wife 🇺🇸",en,
593360775,"Dan Acton 🇺🇸🇮🇱 WDAN-Ohio: Truth, done Right.",Dannoacton,Law-abiding Political Activist/Consultant Followed by 100's of officeholders & media #RepublicanJedi #PatriotJedi Unofficial #MyPillow Ambassador 🚁🛩 #Dogecoin,en,
28737026,Danny Kowalski,Dannykowalski22,Proud Uncle. Detroit born and raised. Die hard Detroit Lions fan. MLB love the Yankees. Michigan State hoops. Love to golf. Big Barstool Sports fan.,en,
742012007025512448,🇺🇸 GHOST IN THE MACHINE 🇺🇸,DannyMathews15,"USCG Veteran, 2A, #ΜΟΛΩΝΛΑΒΕ, American Sovereignty, Secure borders, Voter ID, Constitution, Bill of Rights, #MAGA
GUN FREE ZONE=TARGET RICH ENVIRONMENT",en,
195126267,Daniel R 🇺🇸🦅,DANRYZ1,“Things in life that give you meaning will come from responsibility.” #maga Follow on Parler: DanielR Follow on gab: DANRYZ1,en,
2250915788,Dan Shreffler,DanShreffler,Konichi negi-negi!  #AyamiMuto #PizzicatoFive #Negicco #LyricalSchool #Rhymeberry #VanillaBeans #OriginalBabymetal #SakuraGakuin  & #Trump Apache/Helicopter,en,
2250915788,Dan Shreffler,DanShreffler,Konichi negi-negi!  #AyamiMuto #PizzicatoFive #Negicco #LyricalSchool #Rhymeberry #VanillaBeans #OriginalBabymetal #SakuraGakuin  & #Trump Apache/Helicopter,en,
1238995126359212033,Dan Tanna,DanTana39389774,"Dream Big. Windage and elevation. 
Keep your powder dry.  💥 NO DM's. 💥",en,
1238995126359212033,Dan Tanna,DanTana39389774,"Dream Big. Windage and elevation. 
Keep your powder dry.  💥 NO DM's. 💥",en,
1888322592,Ann Iversen,darct777,"Parler @Daizzy
Christian. Conservative.
Proud American! 
ALL sources of #WoodSmoke are toxic.",en,
137370150,Darrell Begay,darrellbegay,"A struggling Clydesdale, Swim . Bike . Run . Eat . Repeat, Anteater at large .. God is Great! #trilife #70.3 #13.1 I speak for myself .. I approved this message",en,
24200759,Darren Culbreath,darrenculbreath,"Architect / Developer / MarTech /  Entrepreneur, marketing Application Moderization Leader @dxc, patent-holder . #blockchain #ML #AI",en,
132286315,Peter Ingemi,DaTechGuyblog,"Radio: Your Prayer Intentions Sat Noon WQPH 89.3
Book: Hail Mary the Perfect Protestant & Catholic Prayer
Podcast LiveStream Mon 12:35 AM Fri 9:15 AM RT Not/End",en,
132286315,Peter Ingemi,DaTechGuyblog,"Radio: Your Prayer Intentions Sat Noon WQPH 89.3
Book: Hail Mary the Perfect Protestant & Catholic Prayer
Podcast LiveStream Mon 12:35 AM Fri 9:15 AM RT Not/End",en,
2844632926,Daughter of Liberty,DaughterLiberte,"Unaffiliated voter, mother, wife, college football fan. Retweets not endorsement.",en,
2533108954,Dave Stefanoni,dave_stefanoni,"Pharmaceutical strategic marketing, advocacy, and professional relations. #raredisease #2A #marketingstrategy #healthcare",en,
3071619504,Dave Davis,DaveDdavis,"love my wife, family and my country. 🇺🇸🇺🇸🇺🇸 Q ......follow me on Parler @Ddavis05",en,
1261094954744582145,Dave Fochler @DaveFochler on Parler,DaveFochler,🇺🇸patriot🇺🇸USAF Veteran🇺🇸Conservative 🇺🇸2A Supporter🇺🇸Freedom loving deplorable 🎤🎸🥁Musician🇺🇸Father🇺🇸Probably the best Husband on the 🌎,en,
613766609,Turbohawk,DaveTurbohawk,"PRO-Israel, FIERCE constitutionalist, defender of the weak, I HATE EVIL, WE are fighting for our lives and freedom here! Patriots, I expect a prompt followback.",en,
23406733,Dave Whittum,DaveWhittum,"Interested in objective news, facts, numbers. Like/RT ǂ agreement. Opinions are my own and a work in progress.",en,
771560250,"Noble Dave, Land of the Free 🍊🍊🍊",DaveVino,"Parler @DaveVino
Gab @DaveVino
God Family Country
Patriot/Nationalist
Tesla...  greater than... Edison
""The Smallest Minority on earth is the individual.""",en,
849629377558188032,David Perez,David_Perez728,Development/Marketing/Events/Public Relations @ucoofsouthfl #PayItForward #SportsWiz #MiamiDolphins #MiamiHeat #FloridaPanthers #MiamiMarlins #NYYankees,en,
21283587,Max Capacité 🇺🇸,DavidBugnon,"Commonsensatarian. Animal lover, Photoshop, 🥓 🍺 🎸 & Jesus. Socialism leads to poverty, slavery, & toilet paper shortages. #Freedom #MAGA 🇺🇸",en,
3219807445,David Byer,DavidByerPoker,"Hockey Fan, Poker Player, Golf Handicapper, Stock Trader

anything can happen and everything is possible. I live in the best city in the world.....GO KNIGHTS GO",en,
14962752,🇺🇸Wearing a Mask made in China?🤔,DavidDaniels71,"""The Future Doesn't Belong to the Fainthearted, it belongs to the Brave."" - President Ronald Reagan.",en,
1123344065284771842,David Elbaum,DavidElbaum1,#MAGA #Americafirst #Proudjew,en,
1026089284980408320,¤American_Patriot¤©,DavidGotcher3,Just an everyday average American Patriot. I love my country and pray my children are able to experience a true and free America like I was blessed to live in.,en,
58946385,David Imoesiri,DavidImoesiri,"My feed is full of Truth 💣 Christ is my Big Bro. Kingdom Heir. Saved by Grace. BLEXIT. Make your next move your best move. Romans 10:9,10 🗣 Daniel 2:20-22",en,
831850088460861441,🇺🇸 David Lee MAGA 🇺🇸,DavidLeeMAGA,Personal reflections and depository for swamp related content. On Parler @Hamboneski,en,
1176841642034290688,david,davidmorellijr,remove far from me falsehood and lying | proverbs 30.8,en,
3325022811,David Weingust,DavidWeingust,http://greatagain.gov,en,
480790173,Kimberley Anne,Daviskanne,Design|Fashion + Law ⚖️|🐘| W&L |Rah rah TCU| L’essentiel est invisible pour les yeux—Saint-Exupéry | A girl should be two things: classy & fabulous—CC |,en,
330636420,𝐃𝐀𝐖𝐍 🇺🇸,dawn_of_america,"PRESIDENT TRUMP ONLY‼️WIFE OF 35 YEARS, MOM AND MIMI ♥️ #MAGA #Trump2020 #ProLife #KAG 🚫NO DM’s NO TRAINS",en,
3350647054,Dawn D Davis,DawnDDavis2,Married to Floyd Davis,en,
4780031715,RedheadQueen,DawnKimberdh,BacktheBlue💙MilitaryBoysMom💚AmericaFirst🇺🇸POTUS❤️FLOTUS 2A MAGA Trump2020,en,
141679950,Sir Alex 🇮🇹 🏴󠁧󠁢󠁳󠁣󠁴󠁿,DawnofAlbion,Qui ventum seminabunt et turbinem metent.,en,
798408901,JDax,DaxJeter,"Husband, Business Man, Golfer, Catholic, Liberty Lover, Geaux Tigers & Saints. JDax @THPGolf & I Lost to @JasonFinleyCG 8&6 at #TheGrandaddy. Views are my own.",en,
2296282329,Dayalin Zayas 🇺🇲,DayalinDaya,Love my country.,en,
81179015,Dayna Gould,DaynaGould,There is ALWAYS A WAY #2MAKEit2TheTOP If U Want IT U WILL HAVE IT #NOExcuses JUST DONT B A QUITER #DECLAREDAILY PROV. 16:7 PROV. 9:11 ROM. 8:28 DEUT.28:2-6,en,
2366210331,FedUp,DaysToNovember,To Thine Own Self Be True,en,
49879138,Douche Bag Adams,DBagAdams,"You want Philly, Philly? Professor Oak's words echoed... There is a time and place for everything, but not now.",en,
1011019441725898752,"Awake, O Sleeper!",dbarsgrl,"❤️ #MAGA, #Trump, #TN, #KAG, Wife, Momma, Mee-Maw, Loving Life, American, Keep Children Safe! ❤️",en,
1639088322,DBGraeme,dbgraeme,Imperfect human; trying my best to learn patience & love as Christ loves us❤️ http://stopthesteal.us,en,
760499502771998720,Vic,DblDVV,I'm a patriotic American citizen. reject bigotry and hatred and oppression in all its forms and promote equality for all Americans. #MAGA On YouTube,en,
630807965,POWER TO THE PEOPLE,Dbleu2020,| Hispanic for Trump | Sentinel rating: Problematic. Walked Away '16 Alien/aliens #ACAB #RESIST46 #MAGA,en,
16664012,Devin Burghart,dburghart,"Executive Director, Institute for Research & Education on Human Rights. Co-author, Tea Party Nationalism. Old school anti-fascist. Hockey fan. he/him.",en,
636735646,DCall,Dcall1951,"Reading, kayaking, biking, music, golf. Believer. Range rat. Husband, Father, Grandfather. 🇺🇸🙏🏻",en,
636735646,DCall,Dcall1951,"Reading, kayaking, biking, music, golf. Believer. Range rat. Husband, Father, Grandfather. 🇺🇸🙏🏻",en,
38064987,Demetrios,dcostoy,"Design, tech, trains, planes, highways, and parkways. Somebody else's baby. You fascists bound to lose. He/him.",en,
16112185,ddaggie74,ddaggie74,"Aggie, Conservative and Dog lover",en,
818438278714191873,🇺🇸 Danny 🇺🇸,DDanielM_1,"GOD, Jesus Christ, American, Family, Faith, Conservative, US Army Veteran (Ret) JUSTICE, MERCY, HUMILITY. Micah 6:8
#MAGA #KAG2020 #MAGAVETERAN BRAVE RIFLES!",en,
106390017,"Never, EVER kneel to the mob.",DDog877,"Father. Husband. Patriot. Retired Marine. In that order. If I was willing to fight & die in third world countries, WTF do you think I'm willing to do in my own?",en,
598869732,delawarewolverine,De_addbob,"Retired Prison Warden, retired manager and inspector of immigration facilities, father of 2, loves Michigan Football. #maga #kag",en,
923459186,Happy Hermit,de_MontfortStLM,Happily Catholic - Believe defending Sanctity of Life is the Foundation of any civilized society. Anything less is heinous. #ProLife  ✝️ 🙏 ✝️ 💕 💞  🇺🇸,en,
23721469,DeaconRey 🦅📙🇺🇸✝️,deaconrey,🇺🇸🇵🇭🇵🇷- Follower Of Christ - Family Man - Foodie - Boxing - MMA - USAF Veteran - Various Music Genres - Conservative - Agree to Disagree,en,
14223107,Josh Schroeder,DeaconSchroeder,Lutheran. Husband. Father. Creative idealist. ADHD. 🃏J♥️ 🏴‍☠️ I’m on Parler & Gab as Pigactor. “We’ll see what happens.” 🇺🇸 #MAGA Repeal the 17th Amendment!,en,
50701648,Preacher,Deadpreacher,"And this lady's & gentlemen is how I invented BS
#2A #DrainTheSwamp  

I follow the Peoples President #Trump2020",en,
957747699750768644,Dean Alan,DeanAlan11,"Addiction Medicine Physician
WVU undergrad
PCOM med school
Penn State Lehigh Valley IM Residency

12 Step program participant
Give Me Liberty or Give Me Death!!",en,
957747699750768644,Dean Alan,DeanAlan11,"Addiction Medicine Physician
WVU undergrad
PCOM med school
Penn State Lehigh Valley IM Residency

12 Step program participant
Give Me Liberty or Give Me Death!!",en,
1100596928679723010,Debbie 😻,Debbie92099751,"MAGA Love DJT followed by Gen.Flynn Love animals have 5 rescue dogs, my horses 9 all close to 30💞 A good friend,trustworthy, good music 🎼Freddie Mercury Fan🎼",en,
329472573,🍋 Debbie Frank 🥑,DebbieFrankUSA,"One cannot think well, love well, sleep well, if one has not dined well. 🌶  
2021 Μολὼν λαβέ .",en,
23220961,Debbra 🇺🇸,DebbraT,Donald J. Trump GREATEST President EVER! ❤️🙏🏻🇺🇸 RESIST against the NWO,en,
201206928,Deblovscats1,Deblovscats,We finally have a President that will put #AmericaFirst 💕#MAGA #TrumpPence2020 #VeteransFirst #BlueLivesMatter #VeteransBeforeIllegals #AbortionIsGenocide,en,
1261557556025196545,Gulag Inmate 42851024-B,DebonairManchi1,"Collector of fine things & rare items in life.  Follow me, I follow back.",en,
28055330,Deborah SEES the lies and HEARS the Truth,DeborahBlatch,"“We both like Weather. Not this or that kind of weather, but just Weather. """,en,
363898317,Deborah Robbins,DeborahRobbins1,"One who loves God, His Word and the amazing country in which I inherited by birth, having a desire to cherish & honor it’s original precepts and Constitution.",en,
1185976479781289985,Debra Castro,DebraCa68170129,"Painting for the glory of GOD filled with the HOLY SPIRIT, trying to LOVE through the Blood of JESUS CHRIST, getting ahold being seated in the HEAVENLYS",en,
1252005369255129088,debra dudman,DebraDudman,One very excited Patriot knowing we will have 4 more years and 4 more following that🇺🇸🇺🇸🇺🇸🙏🏼🙏🏼🙏🏼,en,
784510505276755968,Debra Lynn,DebraLy59222380,"Proud Texas Chump for Trump!
Trump 2020
God Bless America
MAGA
2a",en,
70784114,Debra Hubert,debz526,#FaithOverFear Changing ppl’s lives by helping them save money on use of electricity/nat’l gas/solar 💡 🔥 ☀️#LightBill #GasBill #Solar #electricity #NaturalGas,en,
60216046,Nathan Allen,deceptibling,"computer  Guru  , politics ecenomic wonk, Grandson of former AZ Governor Evan Mecham #1A #2A #4A gofer Saxon minning don't beg me for $ or gift cards",en,
102810209,Douglas Humphreys,DecodaDesigns,"Designer and illustrator, sports fan, hawkeye fan, loves to bbq.",en,
930152608433442816,Dee,Dee4760,#Trump 2020 #MAGA,en,
775015572237086720,Dee Dee Diane 💯🇺🇸,DeeDeeDiane9,I Love America 🇺🇸,en,
182559028,DeenieHB,deehb71,Animal Lover | Avid Traveler | Fitness Freak | Corporate Grinder | Side Hustler | Wine Drinker | 2A Advocate | PROUD TRUMP SUPPORTER,en,
964253700075216896,dee jones,deejones7965,♥️ 🇺🇸Republican✝️Christian🇺🇸Mom 🇺🇸Wife. #MAGA #Trump2024,en,
785867439275905025,Deenie,deenie7940,"#MAGA #Trump #2A  #Veterans #ROLLTIDE 
Lacey's BFF. Love God, family & country! 
Widow of Vietnam Vet RIP
Parler @Deenie2 and GAB @Deenie45",en,
18034266,Deep Catch™ | Caesar's coin is in the fish's mouth,deepcatch_,Steward of God's Mysteries---even the Hidden Wisdom || eCommerce Systems Architect || Precision Online Advertising Services || #mywordsperform,en,
14589340,"President-Elect ""Official Source""",deetydoc,"Christian, Husband, Father, IT Guy",en,
34056170,zöe,DeFactoEtc,Wannabe Philanthropist ;). Live without regrets.,en,
1291741148,-B-,DefendUSFirst,Asian-American DoD IC veteran 1N0 to 35F,en,
72349933,Kev_Zero,defkev_52,An empire toppled by its enemies can rise again. But one which crumbles from within? That's dead. Forever.,en,
41561175,Dede Compton,Deidrelee55,"Michigan State University graduate. Former teacher, wife, sister, mom, grandmother, Nascar, horses and dog lover.  Blue Lives Matter, All Lives Matter God Bless",en,
1202785103887437824,DeJah Beaucoup 🕊️✝️🛐,dejah_beaucoup,"I 💞Jesus, hubby, children, country. W/Trump, Melania etal💯% Created daughter of The King, saved by Grace,Blessed.
NO*DM. TY ALL Follows & ❤️'s!
💙John 3:16💙",en,
1241044255675682820,DeLana Maypole,DelanaMaypole,"I love God! I love my family! I love my life! Former bleeding heart liberal, Waking Up to the reality that I’m a Patriot! #Trump2020",en,
2358890563,President Elect Leroy Jenkins,delores_mo,#NatureLover #Meditation #MusicLover #LOA #Conservative #LifelongLearner #FighterNotALover,en,
382691414,Save The Democracy (BLM)🌊🌈🌊,DemocracyInn,"IMPEACHED 2X🕵🏽‍♂️News Junkie, Build Back Better #BREAKINGNEWS #News #Resist #Politics #BidenHarris2020 #ElectionDay #Resistance #PresidentBiden Follow Page👇",en,
1255577288223019008,Democrats 2022-Vote Blue Up & Down The Ballot,DemocratsUp,"Wife, Mom of Two, Proud Air Force Mom, Animal Lover, G-Ma to 3 Boys.
#AdoptDontShop
#SaveOurPlanet
#Equality
#HumanRights
#DumpTrump
#TeamJoeBiden
#Resistance",en,
4819567870,Defend The Constitution,DemolibsRuinUSA,Living the RIGHT way... no leftwing demolib politically correct garbage! #MAGA #KAG #TrumpWon,en,
254227999,ExGOP MT Patriot 🇺🇸,DenaDBJ,"Proud American Patriot, Wife, Mom, Constitutional Conservative, Volunteer Firefighter #GodSaveAmerica #MAGA #PatriotParty2021‼️
🙏🇺🇲🙏🇺🇸🙏🏻",en,
91644300,Now what?,Denali_Beth,"Political provocateur, J.D. in process. No longer blocked by @stutteringjohnm",en,
882420480061394944,Denise Jacob,DeniseJacob17,"Mom , grandmother Love God, Christian.  Average working american, MAGA, 2sd Amendment, drain the swamp. KAG2O2O",en,
1221867190154158080,Denise Riley,DeniseRileyPWFT,Director of Pennsylvania Women for Trump 🇺🇸 🇺🇸🇺🇸🇺🇸🇺🇸🇺🇸 Flattered to be shadow-banned so quickly 😂,en,
1296178248,DeniseTXproud,DeniseTXProud,Freedom loving TX grandma/artist. Despise identity politics. Liberty & Justice for all. RT≠ endorsement. Just here to see insanity in action.,en,
820059028864704514,Dennyb,dennisb42216,on p a r l e r  im Dennis b42216. hope to meet you there soon,en,
21948470,Social D,dennisjromero,National news @NBCNews Digital / Insta: drjournalist / Bio & clips: http://dennisromero.org / dennisjromero@gmail.com / dennis.romero@nbcuni.com,en,
2308428420,The Analog Kid,dentltek,Christian. Conservative. Dallas Cowboys fan. Bears. Beets. Battlestar Galactica.,en,
1228069941787512832,deoccult,deoccult,🇺🇸,en,
2460793404,Deplorable Rhea,deplorable_rhea,"Christian 
MAGA 🇺🇲🇺🇲KAG🇺🇲🇺🇲
Wife, Mother, Grandmother (Beppe)",en,
787380887428096001,Deplorableme,deplorable1850,It is usually futile to try to talk facts and analysis to people who are enjoying a sense of moral superiority in their ignorance. Thomas Sowell .GOP MAGA IFBAP,en,
789197834033565696,Deplorable Kevin STOP THE STEAL,deplorablefan,TRUMP 2020 • Father • Husband • Programmer • Gardening • Arizona Native • Parler: https://parler.com/profile/deplorablefan • #StopTheSteal,en,
1183504734071734276,aaaaaaaaaahhhhhhhhhhhhhhh,DeplorableNEET,"I like vidya games, football and big tiddies",en,
3819810854,❌Firestorm,DeplorablePMC,"Love politics,🇱🇷 all tweets are my own opinion, why is Twitter shadow banning me?
:  ♥Jesus. ❤our @POTUS & @FLOTUS, 🙏PRAY 4 CALI🙏 #MAGA #KAG #BuildTheWall",en,
782989180070539264,Sugarcookie,deplorablestew,#TRUMP2024,en,
775049515615162368,Tim,deplorabletim,Catholic (almost) and Patriot,en,
1615925803,Not Today 🇺🇸,DepMelinda,"Dear God please heal our land, let Your light shine through me! Thank you for my salvation and the promise of Heaven!",en,
920171611,Derek Yohe,DerekMYohe,✝️Christian | American | Conservative | Enjoys writing | Follow me on Parler and Gab @DerekMYohe ~ #AmericaFirst/#FightForTrump ~,en,
797865281280479233,Destructive News❌,DestructiveNews,Truth is the new hate speech. Follow us on Facebook http://www.facebook.com/destructivenews,en,
453603690,~DeTheBrat~,DeTheBrat,"On Parler, same name. Wife. Mother. Nana. Constitutionalist. Animal lover. I ❤️ this country!#AmericaFirst #ProLife #2A #tcot #Fweedom #CircleBack",en,
25842388,☮ TRUMP ROCKS USA 2024☮,Detrocker2264,"Rob Like's Music 60's 70's and the good ole 80's I Care about issues in our country, Patriotic American,  🇺🇸https://gab.ai/home Same name on @Parler",en,
609135467,Devin Shanahan,devinpshanahan,"Reverse engineer by day, political enthusiast by night. Someone once told me I was deplorable--decide for yourself. Host of The Devin Shanahan Show
🇺🇸🇮🇪🇬🇧",en,
946866844132143104,Michael Devoid,DevoidMichael,Retired Warrior/#KAG/👍conservative Patriot/#BlueLivesMatters/#America1st/No Liberals/Babies have Rights/American Flag/American Patroits,en,
1148354696983265282,deb: Citizen 🇺🇸,dford61,"Mom and Musician, retired IT exec. Married 35 years. Love my family, my dogs, my country.  2A Supporter. MAGA 🇺🇸🇺🇸🇺🇸",en,
337704245,America’s Defining Moment-INDEPENDENCE,dfranzoi13,Here for freedom of speech and the right to vote in a fair election process. Taking it all back. #Independence,en,
461748408,Dan Shaffer,dfscavenger,"NO GUTS, NO GLORY!

In Your Darkest Hour, WE WILL BE THERE

Independent Constitutionalist",en,
1262875137025748992,srich,DGAFinwesttexas,#prolife #pro2A #chumpsfortrump. #nobrohugs. followed by the muppets. #Budweisermodelotastetester,en,
345040562,D Hay,DHayes616,"#trump2020 #prolife #2a #supportourblue
outdoorsman  Work hard for what you want",en,
1075219525,Gulag President,DHoff350,My dogs think I'm a King.,en,
49258789,Redeemed Diana 🇺🇸,DianaGLCPA,"#NoTrumpNoTwitter

#MAGARevolution
#MAGARevolt
#UninstalledTwitter",en,
537572195,Deplorable Chump,DianaMGallo,Conservative Republican living in People’s Republic of New York #Trump2020 🇺🇸❤️🤍💙,en,
806001135827828736,DiAngeleno,DianaVS02,"Mom, Entrepreneur, Conservative🥰 Eastern European/American 🇺🇸Survived communism! #RecallGavinNewsom #America",en,
89090775,Diane Atkins ✝️🙏🏻🇺🇸 #TrumpWON,DianeAtkins,#GodBlessAmerica✝️ #GodBlessPresidentTrump🙏🏻NYS Coordinator @StolenLivesQlt 🇺🇸Fmr Cmpn Mngr @CathyCongress🇺🇸NYS Co-Chr @MASF2000🇺🇸 #Trump2020 #TrumpWON,en,
18299467,DianeNC,DianeNC,"Proud American who supports President Trump! 🇺🇸

Thank you, #PresidentTrump, for Making America Great Again! 👏🏻

http://PromisesKept.com

#WomenForTrump",en,
51213244,Diane 🇺🇸🌺@NoMoreViolence,DianeNoMoreLies,"Catholic - Pray, hope, don’t worry ............. St. Padre Pio.",en,
2443491140,Unity Schmunity,Dibbs1962,"Middle-aged, over worked, music, (used to be a) sport, and political junkie. No DMs please.",en,
1047565109508300800,Dig Dug 🇺🇸,DigDugPDX,"Gay Conservative American, living in the outskirts of New Leningrad (formerly known as Portland).  🇦🇲",en,
834838077063454722,Beware Of #BrownShirts,DigiPreneurLife,🚫 Block out propaganda and get #TrueNews,en,
14204952,Dean,digitaldean,"digital & print media artist, Warbird, tennis & wine lover, Christian, Packer fan!",en,
825387174950486017,Thought Criminal,digitalsedition,"Leaving this platform strips Twitter of it's power. 
Get on Gab and Minds and take back control. 
https://t.co/xGcNxOFdlK
https://t.co/bxN6AW4tsJ",en,
1225621521059717120,Dion Latham,dion_latham,"Christian, Conservative, Wife, Mother and Grandma x7, MAGA 🇺🇸 Trump 2020 🇺🇸",en,
381234311,Fight4Truth🚨,DionnehillOC,"America First 🇺🇸

My Freedom Is Not Selfish",en,
3240529617,DC,dirtejerz,MAGA2024 Naval Veteran USS Coral Sea,en,
115469737,A Christian/Patriot,disciple78,Bible Reading Jesus Believing America Loving Fighter for God and Justice Pro IsraelPro LifePro Traditional MarriagePro ConstitutionPro Bill of RightsPro Guns,en,
1000488042438766597,Disney Video Collector,disney_video,"Avid private Disney Video Collector with over 3,500 Disney videos for trade",en,
131907350,distilled tunes,distilledtunes,"tumblr music blog
less but better",en,
400977932,Divas n Dames,divasndames,"Aprons for all occasions ✨Handmade in the 🇺🇸Mother and Daughter team ✨Proud Americans!Tweeting about aprons, recipes, and politics what a mix!",en,
4505795352,Miss Mary,DivintyMary,#AmericaFirstParty ΜΟΛΩΝ ΛΑΒΕ ~ #GoldenRule ~ Carry on Carry Often Carry Everywhere )O( #MAGA #KAG http://gab.com/MissMary,en,
243039783,Kathy Davis,dixiegalpatriot,"Widow, married for 40 yrs. Mother and grandmother. Independent RE Appraiser; Conservative and Christian.",en,
78456241,Dizzed.com,Dizzedcom,"Your web, your news, your choice - http://Dizzed.com
Follow us and we'll follow you.",en,
2896709404,Zephyr,DJ_Zephyr102,"Geek of all trades.  It's Crusade-o-Clock somewhere.

And the light shineth in darkness; and the darkness comprehended it not. - John 1:5",en,
761851908,Democrats are criminals,djack99587,#NRA #gunownersofamerica #pisces #trump2020,en,
2277062681,DJ🇺🇸,DJacobs0404,"Boy Mom, Conservative, Love my Country, 🇺🇸
'Just because you think it, doesn't make it true'",en,
479055033,"President-Elect Dennis J, PhD-in-training",DJCheesehead,"PROUD American, Veteran, Cheesehead, Kneel to God only, MAGA, KAG",en,
57240614,Darbizzle,djdiddles37,"The most powerful thing there is when it comes to people, is ideas. What ideas do you represent?",en,
710814190177398789,DJ,DJpinkpanther65,My love for Jesus is the core of my life! He has shown me how a simple smile can change a human heart. #CancelNetflix #BoycottNetflix,en,
938019073,DJPM,DJPM6,I was born.,en,
19544418,David Silvester,djs10a,CPA. TX by way of MI/OH/CHI/RVA. My words are my own. Retweets ≠ endorsements. ADHD/Dyslexic.,en,
1343221765,ProudAmerican ❌,Dkmorris0204,"I’m Debra, Proud American, independent, 2nd Amend🇺🇸, freedom of speech. Trump from the beginning. Believe in The Plan, Never Waiver. MAGA. NRA, Lock & Load",en,
1865429834,Kristen,dkpackard,Wife and mother. Business owner. Truly blessed!,en,
18729147,dmfsc,dmfscarolina,Retweets do not necessarily signify agreement with the original message.,en,
365553171,Lady Liberty,dmgliberty,Conservative patriot on a mission to preserve freedom. #MAGA #KAG🙏🇺🇸❤️#TRUMP2020🇺🇸✝️🙏🏻IFBP  Parler @Cajuncat Gab @Cajuncat,en,
708640650464460801,David Matthew,DMMWINS,Family Friends Sports    Gifted with a great life!     Well connected. Good friend.,en,
2888798206,D Schultz,dmoneyschultz,JOE BIDEN IS A PEDOPHILE,en,
14161059,David M. Schulman,dmschulman,"Front-end Web Dev / Synth Head / Infosec / Journo / #Tech + #Techno / Build it Up, Tear it Down. 🎹🚲🏙️🥨",en,
889910735073050627,Dan Munson,dmunsonATL,"Delta Diamond Medallion, avid traveler from the Bay Area, based in the ATL now. Still ride with SF Giants/49ers/Dub Nation - occasionally too upset at officials",en,
816593910,LetUsNotGrowWeary🙏🏼🤍,DNuge1,"Unapologetically Catholic, Patriotic, and believe in our Republic, for which it stands...",en,
820138415022710784,❤️🇺🇸 Dr. Flynn 🙏🏼🇺🇸,Doc__Flynn,"Christian, Constitutional Conservative, Mom of 3, Air Force Vet Daughter #Trump2020 #MAGA #KAG #Vets #BackTheBlue #2A #NRA #ProLife #WalkAway #BLEXIT",en,
793904987579482115,Doc,DocRob76,"I'm single and not here to hookup, and don't try to catfish me.",en,
167600207,Darrin Dodd,dodddd1967,People who think they know everything are an annoyance to those of us who do,en,
1234333500993466368,Dog Faced Pony Soldier,dogfaced_pony,Just A Lyin’ Dog Faced Pony Soldier,en,
273699006,WTX Patriot,DogMa_SuZ,#FuckUtwitter  #FungiCrew #MonsterPatriotParty #ProGod #ProGun #ProLife #TrumpWon #MAGA #KAG #BuildTheWall  #NativeTexan NO DMs Find me on GAB: @WTX_DogMa_SuZ,en,
232792079,DoMoreThanPray,DoMoreThanPray,Fred Black. I unfollow/block stupid. Vegan. I ask God to let me see the demons so I may slay them. Jesus did more than pray. http://DoMoreThanPray.com,en,
211363381,Parler @Dcowart1958,Donaldcowart,"US Army 1SG (Ret) 12Z5M. Faith, Family, Freedom through superior Firepower. Sapper 6-90 #RedNationRising #SC01 #Trump2020 #KAG2020 #TRUMP2020LandslideVictory",en,
3228367245,President Trump Revolution 2024,DonaldTrump_Rev,Parler & GAB DonaldTrumpRev - Trump supporter since day 1. The Democrats cheated and stole. #Trump2024 In God We Trust! #MAGA #TrumpTrain #IMPEACHBIDEN,en,
1106945156,I’m back!,DonaldTrump4547,The new resistance. America First. MAGA 2024.,en,
898785246,Donita Dacus,donita_dacus,"American by birth, ♥️ my country. I bleed red, white and blue🇺🇸 Wife of US NAVY Vet. 3 beautiful girls, Grammy of two ♥️#MAGA #2A #KAG 🇺🇲🇺🇲🇺🇲",en,
756309382367805442,TheDon of Bankruptcy,DonOfBankruptcy,"220,000+ and counting Americans are dead from TrumpVirus due to Trump’s incompetence and dishonesty. @POTUS @realDonaldTrump is morally bankrupt. Sad!",en,
988571659,Don’t Be The Onion,DontBeTheOnion,"Just a regular conservative guy attempting to parse through all the media BS, find the truth and call out the lies. #1A #2A. Follows back like minds.",en,
957380474720067586,🇺🇸Monica🇺🇸,Dontbsquirl,MAGA. Trump supporter. Mom. Happily married. Business owner http://cupcozypillow.com,en,
925885164332367872,BlackdudeforTrump,DonTrumpsMyPrez,"#Trump2020! Not a Democrat or Republican.I belong to the Common Sense Party! #MAGA, #TRUMP, #BLEXIT! #BlackVoicesForTrump , Parler @DJTrumpsMyPrez",en,
734521849309204481,JimM XRP,doomer89,"#MAGA
#SigSauerinc #NRA 
#Tesla
#XRP #RSR #XLM #ICX",en,
628216371,✨DoreeOhhhh✨,DoreeOhhhh,Born & raised in the land of AL🌺HA. Jesus is my Lord & Savior. Here for political 🇺🇸 news & views and entertainment. 📺🎶 I’m a Trump Republican‼️,en,
54928254,Derek Doerfler 🇺🇸,Dorfman16,Football Coach at Baker University. Professional Arena Football Kicker and former All-American Kicker at Baker University.,en,
15740017,DorotaG🟧,DorotaG,"Demons fear Her, She makes them run. Virgin Most Powerful Ora Pro Nobis !",en,
337776672,Dorothy,dorothydlew,"Christian wife, mother, grandma. Jesus is my Lord & Savior 🙏 Pro-Life #SavetheUnborn #TRUMPLANDSLIDE2020 #VOTERED2020",en,
845158560,James A Ph.D⚖🕵⚓️🦍🗡️💥,DoRtChristians,"ThB,ThM,PhD Calvary Christian College *NSW-IS3912 †Paralegal†Baptist† KJV†Married†Chumash Indian/Jew† Former Anonymous Hacktivist†#MAGA=Make America Godly Again",en,
1673895140,Doty Farmer,doty_farmer,Husband. Father. Christian. Friend. Son. Brother. Uncle. Physician. Hunter. #HottyToddy #FightingOkra,en,
918096825957126144,🇺🇸The Best is Yet to Come🇺🇸,doubleAbdalla90,"Ana ➡️loyal Trump Girl, wifey, daughter, sister, auntie, Catholic. I ❤️ President Trump! Anti-Commies! #MAGA #KAG 💥Trump Won! 💯💫🇺🇸 🚫DM’s",en,
18001783,Doug Hoover,Doug_Hoover,"Father, mentor, story teller, climate change realist.  Promoter of good ideas and things that stand out.",en,
17354047,Doug Cash,Dougcash,"Doug Cash ( DC Pryor ) Ceo / owner at Pryor 2 What ? Records
and Music Publishing.",en,
1061867603348652033,Doug Dimmadome,DougDimmandome,9 year old Crusader and Minecraft Lawyer,en,
1378048946,MAGA Doug,DougHebert1st,"Married, not looking for a date, conservative, constitution, love God and guns, hate Islam, sick of our justice dept, don't follow non-bio's- TRUMPISM  #MAGA",en,
124444346,Glenda,DovesChild,"Conservative, liberty loving, Ron Paul crusader, campaigned for Ronald Reagan, anti-war.  Support merit system.",en,
1169462952757551107,Dowop Robinson,dowop_robinson,Former Drug dealer and Gang Banger Former Democrat and now Proud Law Abiding Citizen 🇺🇸#AntiBiden #VoteRed #BlackRepublican #BlackNotDemocrat #LincolnParty,en,
901295442541121536,Donnababy,DPanasewich,"Wife, mom, daug., sister ❤️enjoy 😊 spending time with and cooking for, family and friends! daughter of a Korean War VETERAN! I am proud to be an American 🇺🇸",en,
49033255,David R. Paske,dpaske,Michigan State University Alumnus,en,
377735553,Darlene Lelonek,dpvpinBuffalo,"Mother of 2, married to a 3rd. Love Sabres, Bills & Disney.",en,
409681790,GREY GHOST-GT 🇺🇸 🇺🇸 🇮🇱 ✡🕎🇮🇹,dr_tweedy,Christian/Conservative/TRUMP Supporter.     Proud to be an American! #MAGA #USNAVY #WeAre #PennState 🗽⚓⚓⚓JESUS IS LORD!,en,
998248435806420992,Don R.,DR13481509,Love the United States of America. Support Military. Hate the MSM. #MAGA #KAG TRUMPISMYPRESIDENT,en,
1099843960879673346,DragonPhoenixRising (Peej),DragonPhoenixR2,👍🏻✌🏼👏🏽😇🎤🎃😹😻👮🏽‍♂️🌈🌞☂️🎧🎤🎬🎰🎯🎹🎨🥇🛳🗽⚖️🗝💔☪️☯️⚛️✡️☮️✝️🕎 #MelissaEtherideFan,en,
797593595863703554,SIG~ALERT,DrainTheSwampCa,"#GoldenState, a state of tarnish...",en,
145750047,mostly peaceful ace♠️,dramaticallyace,millennial. right-leaning libertarian. geek. 🤓 queer. proud. 🏳️‍🌈,en,
1240819768728399873,Same on Gab - IFBAP,dreadpilled,Join me on the closest thing to Twitter for Trump supporters: http://brighteon.social (better than Gab). App link below.,en,
1004459538,United WE Stand 🇺🇸,DreaminginAZ,Trying to navigate my way through the madness (credit to all owners of pics posted) 🙏🏻💜🇺🇸🐾⚾️,en,
574669226,I Am,DreNavarrete,"Life, Liberty, Love.",en,
723731104088363008,Trust in the Lord,dreww7777,True American - Natural born salesman - Christian - Family first #Godfirst #lovemycountry,en,
191294208,PRESIDENT Flankerback,drgeeforce,"Reg Libertarian not Fat Jerry.
...you can’t legislate by executive order unless you're a dictator",en,
81896444,Donna Rice (Gab: @drice59),drice59,"Conservative, Christ follower, sports and photography enthusiast, transplanted Texan, proud mom of 3 amazing kids. Pro-Freedom & Anti-Corruption. I follow back.",en,
46816130,High Society,DripDaManiac,High Society LLC | Media Marketing | Mngmt,en,
1530397118,Ceo🕊,DrKellydo,♓️ Artist (Graphic design) drkellydo@gmail.com,en,
784217769659162624,conservative doc,DrkeyKeydoc,"Government & Politics addict - realist , Surgeon mother wife- MAGA💗",en,
3760858937,🇺🇸God Bless America Land That I Love. MAGA🙏🇺🇸,drou_bre,"”All Posts Are Made By My Own Views, And Religious Beliefs,” ...This Includes Views On Behalf Of Our Government”",en,
15602334,Dr. Rich Swier,drrichswier,"Retired Army Lieutenant Colonel, Citizen Journalist, Publisher e-Magazine",en,
1138598617378426880,American Dissident,DrSzky,Patriot. Scientist. Father. Objectivist. Libertarian. Conservative. Veteran. Born Free. Follow me on Parler @SznakePlissken.,en,
35482012,JAG,Drum747,"Father, drummer, knifemaker, NRA Life Member, Satan is a leftist.",en,
271458055,Tyrone Steele,drumatlanta,"Drummer, composer, instructor, author, martial arts school owner, film maker, director, actor.",en,
483401606,Lynette Drumhiller,drummygal,"Mrrd Mom of 4, Mich State grad, Creative Const Dsgn. Broken Leg Photo.(scenic/wildlife photos). Survivor: Grizzly w cubs 2011 encntr. Passion 4 travel, politics",en,
844702421905539072,Darren,DS_Ivey,Proud father of two awesome sons. Married to the love of my life who has two amazing girls. I’m a lucky man! I Love God and our Countries! 🇺🇸🇨🇦🇮🇱,en,
16185273,Cancel Josh Hawley,dtfan579,Proud Papa. Progressive Activist. Geek. Not a Donald Trump or Detroit Tigers Fan. #RidinWithBiden #ChicagoWhiteSox #HODL #bitcoin,en,
24642272,Dennis,dtrainn77,"Jets,Yanks,Knicks. God doesn't exist 🇬🇷",en,
760485923050000384,Ross,dudemantx1,"God fearing Christian. If you need help finding Jesus, contact me. Glory to the King!",en,
1135981507502321665,Casey Duffy,DuffySavage,"NFL, UFC, NASCAR, PGA, DFS, Music, BBQ, and Beer. Lover of Freedom & America. 🍻☘",en,
1263272129673428992,Duke Calderon,DukeCalderon,"Born in Mexico City, raised in New Jersey #MAGA",en,
506748748,CRecto🇵🇭🇺🇸,dulce812,Fil-American Musician/Photographer . A seeker of truth with no party biases - so I get attacks from both sides. 🤨Anti-Globalist / Anti Agenda 2030 No DM's.,en,
17250790,Dultra1⌚,dultra1,"Common Sense, Justice, Liberty, Freedom
 @dultra1 on @parler_app",en,
3956737300,President Durp State 🇺🇸,DurpState,"Freedom Lover, first and foremost - Musician - #TRUMP!!! Bitchezzz!",en,
1045819572350320640,DutchessofCornwall,DutchessofC,mom. grandma. wife. I proudly support #MAGA! Pro Life 📿 🇺🇸 ✝️ 👶 ❤️,en,
872182327035736065,Dwayne Whetzel,DwayneWhetzel,"Twitter, Facebook, Google and Amazon suck. I am deactivating my account as of 1/20/2021. I will join wherever the 45 lands. Twitter can kiss my ass.",en,
271927117,DF⚔,DWF57,"Arena Football Wash-Out
De-fluencer
Media Watchdog
@UCF Alum
2017 #NationalChampions",en,
849556892,Poppa D,DWinderbaum,"Nice Jewish guy living on Long Island, Terrific Wife, Great family & friends, Supports Israel & Christian safety",en,
811376016,dwsmith,dwsmithjr02,Command Sergeant Major (Retired); MSW-social worker,en,
1053051360046915589,Kim Dyches,dyches_kim,"Former Texans, Rockets, Astros fan.  Dog lover, meat eater, news junkie",en,
1606554030,Randy G,Dydnar,"25+ year Electrical Engineer / Program Manager in Aerospace & Defense, US Army Veteran, UT Longhorn, Day Trader, Husband, Father, Christian, Road Cyclist, #MAGA",en,
2173158877,🌺🌿🌸꧁Forever Young꧂🌸🌿🌺,DyessKay,"༺𝔍𝔢𝔰𝔲𝔰, 𝔫𝔞𝔪𝔢 𝔞𝔟𝔬𝔳𝔢 𝔞𝔩𝔩 𝔫𝔞𝔪𝔢𝔰.༻
✤ℭ𝔥𝔯𝔦𝔰𝔱𝔦𝔞𝔫 𝔰𝔞𝔳𝔢𝔡 𝔟𝔶 𝔤𝔯𝔞𝔠𝔢 𝔱𝔥𝔯𝔬𝔲𝔤𝔥 𝔣𝔞𝔦𝔱𝔥.✤",en,
58247611,Brenda Robert,DyingSpirit,What happens to American conservatives? It is difficult looking positively forward for Americans with the Path the United States Politicians lead us on.,en,
1060921374422773760,Dylan Coffey,DylanJCoffey11,"Kayla 💌💙
R.I.P. Spot
2006-2020
I Love You❤
Be Positive 😁 Spread Love and Joy 🙏",en,
19543692,𝚍𝚣𝙳𝚘𝚛𝚔,dzdork,"Gab:https://t.co/HfqJsGxhk8
TwitterAlt:dzdork2
Parler: https://t.co/fWhDyc9MEl
Matthew 21:12 Do not give up. Jesus will prevail.
Non-violent except in defensive situation.",en,
260826375,LilLiz ✨💗 #NoMaskOnMe,E_Marie23,Pray without ceasing. Rejoice evermore. 1Th 5:16-17 ➕ America First🎖#KAG #AllLivesMatter #BackTheBlue Not “all in this together”.,en,
898619192,🇺🇸Valley Forge🇺🇸,e_Mike_Robinson,"🇺🇸God Bless the USA✝️
🇺🇸Rebuilding after the Purge🇺🇸
🚫Say NO to Socialism⛔",en,
19612749,Ed Martin 🦅,EagleEdMartin,"Pres. Phyllis Schlafly Eagles🦅
#ProAmericaReport 🇺🇸 #WYNK https://t.co/YuAyhDvGJH
Telegram https://t.co/7ahgCEIbAE 🦅 Gab @edmartin 🇺🇸 https://t.co/RL6fvcPeV7",en,
2193597265,No place like home.,Eakluke,"You can't appreciate home 'til you've left it, ..nor old glory 'til you see it hanging on a broomstick on a shanty of a consul in a foreign town - O. Henry",en,
786350748917338112,Earl T Hurrey,EarlHurrey,"Retired Marine Master Gunnery Sergeant, GOD, family, Country and Corps in that order.  I want to add Proud deplorable!  #MAGA",en,
193883484,Eric Calvin Baker,Ebakes7,"DC comms guy. Coffee black, please. Despise track changes. Tweets my own.",en,
498432647,Elizabeth Mitts,ebmitts,"WSET. My kids, vines, travel, sunflowers, food, sunsets, water.... all my heart. Back the Blue.",en,
242406092,Brian23,Echo2323,Quietly conservative,en,
278215497,summer 2013,Ecsullie,"Excited to have Donald J Trump as our 45th President of the USA! wife, mother, lover of God, family, my country, and the beach #Trump 2020 #MAGA",en,
278215497,summer 2013,Ecsullie,"Excited to have Donald J Trump as our 45th President of the USA! wife, mother, lover of God, family, my country, and the beach #Trump 2020 #MAGA",en,
278215497,summer 2013,Ecsullie,"Excited to have Donald J Trump as our 45th President of the USA! wife, mother, lover of God, family, my country, and the beach #Trump 2020 #MAGA",en,
84662482,Ed Alexander 🇺🇸,EdAlexanderUSA,"President, EAC Partners (http://eacpartners.com)",en,
936461680590147584,E.D.B. Cris,edbc21,Engaged and active citizen standing up for Right values and policies. And having fun w/ everyone else.,en,
36965126,EddieD,EdDee317,CCO/AML Officer/Trading Professional/Proud Father of 3 Wonderful Sons and 1 Great dog/Yearn to Continue to Learn. Declaration of Independence/US Constitution.,en,
928401415,EdHeel,Edheel,#MAGA #Trump  ✝  🇺🇸                                   Cash App. $EdHeel,en,
91667718,Edie Uyesugi,EdieUyesugi,"Jesus SAVES, HEALS & DELIVERS! #SOULS",en,
2901468152,Mr. Delgado,edleddy66,I support the people who made all the shit all the other people think just showed up from nowhere.,en,
21866032,🇺🇸 Adam’s Son 🇺🇸,edlsen,"Christian, father, husband, conservative, outdoors guy. #MAGA #deplorable #2A #NRA life member #buildthewall Love my God, my country and my family",en,
757389145849331715,TrumpIsATruePatriot,EdnaMariewilli4,"It’s time for ACTION. I Believe in Life, 🗽and ⚖️ for All.❤️ our 🇺🇸 and OUR President...taking our COUNTRY back.. happily married wife.",en,
16732616,Edward Ring,edring,"Freelance political & financial analyst - areas of focus are current events, environmental issues, and public finance.",en,
964077116433121280,Edward A. Gonzales,edward6speedy1,#KAG #MAGA #WALLnow #VoteRED #2018-20 I am a deplorable looking for truth. In a world of lies!,en,
541289100,Edward Kendall 🇺🇸,edwardakendall,Conservative and not apologizing for it 🇺🇸,en,
1228722915132178436,Edward Jin,edwardjin20,"(New Twitter account)Finance major student at Univer. of West GA, Love stock market, business, digital technology and politics, From Beijing, China",en,
27671624,Ed Wrather,edwrather,"Pastor, former Sr Parole Officer - Descendant Rev War Capt Richard Taliaferro Va Inf #MAGA Romans 13:4 - http://facebook.com/EdWratherQuotes",en,
279844843,Eric Myers ❤️⏳🇺🇸,eericmyers,"Disney fan, sports fan, percussionist, gamer.

@HumanEvents contributor.",en,
202477453,Ellen Hassett 🇺🇲,eggsquared,peace and freedom,en,
265683313,Eric Krause #WheresMy2K #BeatTheRich #BoycottDems,ekrause98,"Ex-Dem seeking to hold Ds to acct for destroying America. Proud progressive. honesty, integrity & loyalty above all else. MOVEMENTS, not political parties.",en,
393509671,El,el_dog_13,"Aggie, CPA, Aspiring Poker Player, UFC Fan, Frequent Flyer, Food Lover, and Comedian at Heart",en,
2204313642,Elaine Phan,elainemaiphan22,Do the things that are impossible even though you think they're.,en,
14590769,lainie,Elainie,"I’m not a conspiracy theorist. You’re a coincidence theorist. 🙃   Magna est veritas, et prevalebit",en,
327754179,Joshua Medici,elect_josh,New Right| Labor Nationalist| Reformed|,en,
1149674355087020032,David Alan,ElectofJesus,A lively stone in the spiritual building of God.,en,
2995265243,Maddie,ElectricMaddie,"Musician, Mathematician, Grandmother, Committed to Jesus",en,
3174061508,electricpumpkin,electricpetrock,Model. Physicist. 🤷‍♀️ deplatforming political & economic opposition is insane & no one is truly reporting #freespeech #eth,en,
21630565,Electrik Dave,ElectrikDave,Natural Human Man - Philosopher - Skeptic,en,
825876389626773504,Nick Tesla,electrocoilz,"Follow me, I'm never lost. SAME NAME ON PARLER
-Patriot Party-",en,
405324374,gulag inmate 13892 🇺🇸🇩🇪,elementality13,"nationalist,Politically incorrect, anti- communist,musician, skateboarder,gamer,scubadiver


#yuriwasright",en,
1056969782,Warrior (Nick),EliopouNicholas,"🎶Raise your thoughts alittle higher; use your words to inspire-HOPE will fall like rain when you ""Speak LIFE""w/ the words you say!#anti-bullying #grace ☁️☔️🌞",en,
742862069221855232,Elizabeth P. Brumley,EliPagePhoto,Photographer for The Las Vegas Review-Journal. @Elipagephoto,en,
36028398,John - GAB: @eliteproxy,elitmik,"🇺🇸 Developer of Banned Infowars Roku App
Follow me on GAB @eliteproxy
Check out my latest work at http://github.com/PatriotDevOps",en,
320999960,Elizabeth Ann ✝️🇺🇸✡️🇮🇱🚂,ElizabethAnn625,"Conservative, Pro-Life, Veteran 🇺🇸, Pro-Israel 🇮🇱 NO LISTS! NO PORN! Psalm 77, John 3:16-21 Donald J. Trump is my President! #MAGA. ♥️🇺🇸 💙🇮🇱 🚂",en,
2646680340,Riots Are The Language Of The Unheard,elizabethpurse1,"Proud American🇺🇸 #MAGA, Proud mother of four💙💙💙💖 PRO-LIFE #ABORTIONISMURDER",en,
210591672,Texan tweeter,elizmcdowell,"Wife, Mom, grandma, dog lover, educator, Yuge Trump fan. Please no instant messages. #MAGA #Trump2020",en,
405445297,Ellen Tanner,ellentanner,Love God-USA-ourConstitution-military-1stresponders-ppl-dogs. Thankful 4 Jesus Christ-will serve Him by serving others t rest of my days. #Trump2020 #TeamSidney,en,
1250505283060801537,Ellesse,Ellesse212,"Catholic. I love Classical Music, Art, Travel, Gardens, and Cuisine; especially, BBQ and Fried Chicken. INFJ.",en,
818580459957420034,Charlotte22,ellie2211,The left wants to destroy this country. DON’’T LET THEM. #VoterID #TakeBackTheHouse #BanShariaLaw #ChinaLiedPeopleDied,en,
865258935586082816,JerseyShorePatriot,elliott_correia,"I’m slowly being erased by Twitter. Trump won, Joe stole it. America first. Retired police chief. Proud dad of two Conservative sons. MAGA, 2A, He/she/his/hers",en,
49187326,Elle JT,ElyaneJt,Quid Pro Quo minded. A biblical scholar on Sabbatical across the Middle East region. From Qumran to Nag Hammadi following the footsteps of biblical prophets,en,
1932402193,EMaxx,Emaxx2044,"Trump is my President , GOD and Country #MAGA #TrumpSupport #BlueLivesMatter #IStandForTheFlag Follow on Parlar @Emaxx No DM’s",en,
2227757952,Emily P,EMiBaby68,SC: emibaby7789,en,
2261000927,GOD BLESS 45 🇺🇸 - Emma,EMMA__732,"I will never let you down.  Your hopes are my hopes, your dreams are my dreams, and your future is what I am fighting for every single day!  - Donald J. Trump",en,
2849039508,Emma Scott 🦋,EmmaS_writes,"USA Today bestselling author. Coffee addict, @onepeloton devotee, Ravenclaw, Star Wars, mother of unicorns and butterflies http://amzn.to/1jERR1Q she/her",en,
767125186449543168,@Emmeric1964,Emmeric1964,#Democrat4Trump #ChristianPatriot Doesn't watch TV News. Name-calling because you don't like something = block,en,
874513710588362752,Emm Gifts,EmmGifts,"California native. Fan of gardening, MCM decor & British comedy. I design & sell on Zazzle. Servant to 3 cats. Politically homeless. I love #AEW #FreeAssange",en,
897262572705067008,Emmie 💪🏻🇺🇸,Emmie59f,MAGA KAG,en,
2369940542,乇爪爪ㄚ 丂卂爪ㄩ乇ㄥ 🇺🇲🇮🇱🏳,Emmysamuel1,"#Follower of Jesus christ
#MakeAmericaGreatAgain #Redwave",en,
803860207,Deus X Machina 🗣,EndOfIllusion,"Conservative wife, mom, grandmother. 
Political junkie, avid reader, gardener, cook. #MAGA #KAG",en,
1140330592854335488,Jose Diaz,EnriqueGMas1,"Roman Catholic, Conservative, Family Man, Cigar Smoking Chestertonian, Tolkienophile, Gator. Liberty or Death #MAGAGOP #resist #socialismsucks #iwillnotcomply",en,
1236104134408929280,I pledge allegiance to the flag,EntreNous0923,"HOLD THE LINE! I drop the F-bomb, a lot.",en,
999566371,Phil C,EPDGamers,"#Resist
#Biden2020 
#KeepFighting
#WeWillBuildBackBetterWithoutGOP
#BuildBackBetter",en,
3892771700,Constitutional Republic 🇺🇸🇺🇸🇺🇸,eperix,"American, wife, mother, Army CBRN veteran, #MAGA",en,
1140936734932426759,Ellie see bio for Gab,Ephesians2_9,"Gab is @EllieTwitterSucks
Child of God. Wife, Mother, nonna, sister,  aunt.  Go Sabres. God, family, country. I'm a constitutionalist. Unapologetical Prolife 2A",en,
2997417656,American Patriot,EricEG2017,"🇺🇸Constitution🇺🇸 Navy Chief (RET),Veteran; Vets4Trump, #Latinos W/Trump, NRA Life Mbr, Autism Speaks. https://anchor.fm/theamericanvetmaderight",en,
122428400,Σrich Σrdmann,Erich_Erdmann,"Christian, Husband, Father of 2, Son, Brother, Businessman, Texas Longhorn. Fan of:  Brklyn/LA Dodgers, Dallas Teams",en,
2730264319,Eric Matheny 🎙,EricMMatheny,Attorney • Podcaster • Social Commentator • Cohost of “Bob & Eric Save America” on iTunes: http://rb.gy/ckwpnf | Spotify: http://rb.gy/hx6vwz🚫Party Affiliation,en,
324125928,Erik Marquardt,Erik_Marquardt,"I'd rather die on my feet than live on my knees... fyi, I'll probably tweet or retweet something that offends you.. dont like it? grow a spine 😉",en,
161017472,Barbara Repko,erinbsmurf,"Originally from upstate NY, now in corrupt PA, disgusted at what Demonrats and RINOs are doing to America. Trump supporter, conservative wife and mother.",en,
1241394183807647744,Erin Shaw,ErinSha73076173,"Mama of 3 wild boys, married to my best friend, small cattle rancher, patriot, and republican.",en,
308737004,Erli P. #STFHerançaMaldita,ErsopaErli,"Conservadora fascinada por política. Empresária, mãe, esposa. Gratidão por fazer parte desse mundo maravilhoso. SE VOCÊ AMA O QUE TEM, VOCÊ TEM TUDO QUE PRECISA",en,
333756943,EricE,EshoreEric,"Fisherman, boater, internet junkie, nature lover , father , husband, liberatarian, traveler, dog owner,   reality tv  nut",en,
953688539689988096,🇺🇸❤Blueteetee❤On Parler: @Blueteetee,Ester04848788,"100% GOD-FEARING PATRIOT
#FreedomOrDeath  #LiveFreeOrDie  #FightBack

NO RESPECT FOR COWARDS!!

#DemonRats  #demonratsareCHEATERS #DemonRatParty",en,
50317343,TexanLatina❌-Dem,EstesRC,"Latina , wifie, mommy of 3, business owner and lifelong Democrat who voted for 👊🏼#Trump👊🏼🇺🇸#DemExit 🇺🇸 #WalkAway #BoyMom #GirlBoss",en,
2687333631,Just Esther,Esther40449540,"Love:
God
Country
Patriots
Constitution
2 Amendment
Husband 
Family
Friends
Trump 2020 KAG",en,
47193621,Ethan Medling,EthanMedling,"Electrician/Day Trader
Conservative
I'm the guy who eats the strawberry portion in Neapolitan ice cream!",en,
720051104256540673,"I, a cynic",EudaDemonia,"The angry seek to punish. They would rather attribute adversity to human wickedness, Eudaimonia",en,
42870921,❌Eugene Turalitsch❌,eugene200,US Army Veteran -DAV-MAGA Vietnam era right leg amputated below the knee Christian Caucasian America First POTUS 45 supporter #USARMY Cult 45,en,
47344251,Scott Williamson,Eurotool,#God #Jesus #Trump2020 #PatronNRA  #MAGA #Israel #ProLife #Navy #TrumpWon #ExposeTheFraud #SaltyArmy #Parler #GAB /Eurotool,en,
47697376,dr.Évi ™ 🇺🇸,EvaLB5,"Retired US Army (CH)
🙏 for our Nation & 
@POTUS - *Pro Deo et Patria*
#AmericaFirst  #KAG  
 M.Div. Th.D. 
John 11:35 - Ο Ιησούς έκλαψε",en,
1196932936811110401,hellcat evans,EvansHellcat,spayed but not muzzled 🤘🏼#MAGA #TRUMP2020 Fierce Trump Defender/Corn Pop Gang Member🔪/Ridiculous 24/7,en,
20294414,"Eva Tompkins, Esq. STOP THE STEAL",EvaTEsq,"Norse Goddess of War; lawyer; trader of stocks, options, futures and forex; runner; 14x marathoner;  2x Goofy finisher; friend to dogs. Marathon Maniac #6625.",en,
1125263444993806336,Roy Dodd,EverywhereRoyIs,Opinionated patriot,en,
232086329,Kristie Whaley,excsecret7,Single mother of 2 . #UFC,en,
158900614,Billie R. Wickstrom #TrumpWon,expert_writer,"Born in Memphis. Raised in Dyer, TN. BS/Communications, UT Knox. Lived in DC area, SF East Bay, ATL. Writer, editor and PR pro. HAPPILY married, 4U trolls...",en,
2432805198,🇺🇸Brandy 🇺🇸,EyesOpenInTexas,"I am a wife, mother and a Trump supporter. I am also a former Democrat, which was one of the biggest mistakes of my life; never again.",en,
700232443,EyeVey,EyeVey,"Proud parent, love to make people laugh. 1st bout with breast cancer diagnosed ‘01. Stage 4 breast cancer since 10/2010.",en,
1095504658662084608,Papdawg1,Fab4Mafia,"God bless the USA, our military, law enforcement and all first responders. I love God, my family, my dog, and my Jeep. Music Lover. 🇺🇸MAGA🇺🇸",en,
1033485743035965450,🇺🇸Jana Kay🇨🇱,FabFiveMa1,"🇺🇸🇺🇸 God-Family-Country, Patriot, Military and LEO mom, RN, happily married, pro-life",en,
1096124697371205632,Green Bank Farm,Faceboo64753575,"MAGA, 🇺🇲  Trump 2020, 🇺🇲 Main account Suspended. Permanently it seems. F'n w/Twitter & likes & retweets only. On Parler, JOIN PARLER NOW!",en,
1138196680082374656,Face,Faceman8383,"Father, Husband, Live Events worker, Conservative. NOLA STRONG, Trump2020, Fit Or Die! Get off my GOD GIVEN RIGHTS!!",en,
76721967,First Amendment Coalition,FACoalition,"First Amendment Coalition (FAC) | fighting for free speech, a free press and the public’s right to know.",en,
958517169683394560,Rusty Shackleford 2.0,Facts0verFeels,I'm just a russian bot.,en,
893225730959581184,AmericaFirst,FaithfulCARep,"Proud American, 🇺🇸God Bless our GREAT Country, Trump2020# NeverForget",en,
45502121,Karen Falcon,FalconSays,I Am Who I Am. I Am Here. I Am Free.,en,
249909340,Fred,Famester26,"Retired, #CONSERVATIVE #MAGA #2A #TRUMP #DRAINTHESWAMP #NRA LIFE MEMBER #PROLIFE #MOLONLABE #ΜΟΛΩΝΛΑΒΕ
TRUMP WON!",en,
1047578859015757825,President elect Kennedy,Fan1Zou,MIZZOU,en,
828004173262225409,Nancy,fancynancy731,TRUMP2024 🇺🇸❤️🇺🇸,en,
809233507,FarsightedViews,FarsightedViews,"Adjective: Seeing objects at a distance more clearly than those at hand; Wise, as if foreseeing future events; To contemplate the affects of current decisions.",en,
1186439608726212608,Dr. Late Irate,fartcharmer,thoughts made. thoughts kept.,en,
29921733,DEPLORABLE NATIONALIST CHUMP,fashionchaos,Wardrobe Stylist for National and International commercials. Loving mom and wife! Appreciate the world as a gift Proud to LOVE our #POTUS & NOT to be a Feminist,en,
876154306533216258,Brian from State Farm,FatesApostle215,"Philadelphia 3 for 3 Sports 
Conservative
Freedom of speech advocate

(Nope/Fuck off)",en,
22236469,patphipps,fatlips925,"Christian, Independent Conservative, married with 3 children, I do not hate any person, I do hate what is EVIL.",en,
916833460685115393,Hope Lynn,Fear_Not_Ever,"Adversity either breaks you or makes you stronger🙏🏻🇺🇸 Cling to what is good, flee from evil & ridicule the lunacy",en,
837387027708530695,feathered,FeatherLtd,🇺🇸AMERICAN~Freedom Lover~Truth Seeker~Make America Great Again 🕊,en,
1902138902,Federalist Bill,FederalistBill,Constitutionalist,en,
759155409504473088,Felecia Schweigert 🛑,felecia12574,"Tweets are my own; Stone Seed - Field Sales Representative Southwestern IL: Sangamon, Montgomery, Madison, Bond, Clinton, Washington, & St. Clair Counties",en,
1599855246,Michael J Ferrari,ferrari_birdman,born and raised in Brooklyn NY.,en,
590034112,People for America,feth_rami,"Immigrant from Africa used to be a democrat fooled by the Media, Now I stand with America and who really loves America",en,
13342,d.w.,ffg,"Nearly old. Terse like it’s my job. I am not a game company. Downriver kid. Wolverine, Evertonian.",en,
1136175187,American Ultra Nationalist,FideiDefensorum,As right wing as it gets,en,
35414007,RampCapital Jr.,FieldMarshallOT,"Gold,Silver, and #Bitcoin=Real Money!!!",en,
1121513479767085058,Tender Fig Branches,FigTender,"Light shines brighter in thickening darkness. Christ first, family second, country third. Same handle on G@b.  ✝️ 👨‍👩‍👧‍👦 🇺🇸",en,
25650836,🍻 Finnfactor 🍻,FinnFactor,#MAGA ... Parler Finnfactor ...Gab https://gab.ai/Finnfactor ... I follow back #MAGA patriots 💯 #WalkAway #KAG ...,en,
68471344,Jake from State Farm,Finster08,"#Doge Investor 

uhhhhh Khakis",en,
968773566,George Molé,FintoFile,"I work in public safety in New York City, and do some writing now and again. The Finto File is my blog. All opinions solely my own. Retweets don't mean I agree.",en,
273622883,Firecoil,Firecoil,"Life, Liberty & The Pursuit of Happiness",en,
425372108,Seabass,fired_up_chip,"Well, I am a student at Central Michigan University and I love everything about it! So, in short, I am a Fired Up Chip!!",en,
16463257,☮️AmbientSoul☮️,firedancergirl,"Engaged ☮️💟☯️ Cancer Warrior, Resist, BLM, LGBTQ Ally, Equality for all! Democrat. Evolving as I go. Followed by: @glennkirschner2",en,
577387565,Sam 🇺🇸,firefighter9228,Supporter of the POTUS Donald Trump. 🚂🇺🇸🇺🇸 #MAGA #KeepAmericaGreat!,en,
16898122,Oath_Keeper✨,First_Choice,Family man. Believe in the Constitutional right for humans to do what ever they want as long as it does NOT infringe on the Constitutional rights of other human,en,
920073477897572352,J. B Disenfranchised,firtreemanor,"If you think Socialism is so great, you are Not reading the fine print.",en,
757245843795693568,Sea Gator,Fitzbythesea,.Will follow all patriots that follow me!,en,
1232529883068325888,Jerry Nadler’s Belt,FitzyLee76,SC Mom 🌙🌴 Escaped Libturd NY and never looked back.,en,
974790397,Expressive Pets 🇺🇸 #TrumpWon,FLAbeachDog,"'Bye Twitter

I am burning my Voter Registration Card",en,
109472062,J Flk,flakyou,"A humanism which excludes God is an inhuman humanism. Pope Benedict XVI, 2009",en,
900380055343431680,🇺🇸 Liberals are commies,Flare5699,"Not PC. Retired AF vet. Mod conservative who will  #Resist Biden. No justice, no peace  MediaLies #codeofvets Rescued is the best breed",en,
1938311034,Susan Porter,Flaseashellgrl,"Living with a love of God, family, country and #AnAttitudeofGratitude! Wife, mother, grandmother. Retired RN. Cancer Survivor.",en,
354230802,#111117771119991619,FlatOutYakin,"🇺🇸🇺🇸🇺🇸🇺🇸🇺🇸

angler,

hunter,

father,

husband,

MERICA,

God is good
views are mine",en,
615775391,Flavius 🇺🇸,flaviusvee,Conservative Christian. Former IT & business development. Small business owner.,en,
4491996682,Irony on Fleek,fleekirony,Pronouns-She/Her                       Here’s hoping for a great 2021!,en,
95254745,Fleming Roberts,flemingroberts,Opinions and dad jokes are my own.,en,
948004601508388864,Mighty Aphrodite,Fleurdelis54,"#TRUMPWON2020
#MAGA
#ChinaJoeCheated",en,
2931535376,Meera W,FloatingToHome,Freedom-loving Patriot looking for outher tech-industry refugees to connect with: https://t.me/PatriotTech,en,
1207103088907210754,Florida 4 Freedom Trump2020,FloridaFreedom4,"Floridians will only vote for those that protect our Constitution & stand up for religious freedom, medical freedom, & parental rights. I vote #Republican!",en,
2190527462,FlossyGurl,Flossy_gurl,"Truth Seeker, News Spreader, Evolving Moral Conservative Christian Constitutionalist. Livin' and Lovin' the Salt Life...on horseback!",en,
16480335,Dr. Monika,flybabymoni,"Working, playing, loving (sometimes crashing) thru life, one paraprosdokian at a time. Searching for truth, Identifying #TheResilience #FreeSpeech",en,
23994626,Nicole Darland,FlyFishChick,"Mama, Wife, Founder Master Nymph Fly Rods, NymphMaster Fly Tying Materials. Former Fly Fisherman TV Host. Eye for Design. Be Kind. Be You. 💫",en,
776129596487897089,Publius,flyrodd2003,"Constitutional Conservative , 2nd Amendment absolutest , hunter, shooter, fisherman",en,
3603476537,🇺🇸 Rest In Peace Rush 🇺🇸,followonparler,"Take down the CCP, Big Tech, Big Media, Big Government, Big Education",en,
1468403970,The Ford ESP Guy,fordesp,"John 14:6 Truth matters! Sustained by the grace of God in Christ Jesus. I can #save you some $ on Ford ESP plans, but Christ alone can & will save your soul  JG",en,
466167674,Ford Stokes,fordstokes,"Chief Financial Advisor, Radio Host, Husband, Father, Friend, Christian & AU Man 🇺🇸I Follow Back MAGA 🇺🇸 I support President Trump!",en,
91453718,KMac 🇺🇸,ForMotionCreatv,"GOP leaders knew that Sarah Palin could defeat Obama, yet GOP promoted Mitt Romney as “most electable”? 🤔",en,
194333065,Spirit of 1791,Fort1791,"Constitutional Conservative with Libertarian leanings. Defender and supporter of the U.S. Constitution. Broadcasting, Reading and Debate are my interests.",en,
2816449607,ForTheFlag 🇺🇸,Fortheflag22,Patriotic defender of the Constitution the United States of America.MAGA! Three generations of military service 🇺🇸. IFB MAGA Accounts 100%. No DM’s.,en,
802026917595676676,Mel Fortune,Fortune3Mel,"🌹Talk about your Plenty, Talk about your Ills, One man Gathers what another man Spills🌹🇺🇸",en,
620116710,Canis argentīnus 9999,FourNinesFineK9,"/D: Alles muss neu geprüft werden
/E: Unlearn. Rebuild
/F: Dieu se rit des hommes qui déplorent les effets dont ils chérissent les causes",en,
966132676884299776,Fourth View,FourthViewMedia,"Different perspectives, side-by-side. Newsletter: https://t.co/0MSpnLpT8U. #RUN: Miniseries on GenZs/Millennials who ran for office in 2020 - https://t.co/Plrirc9oGf",en,
1260699441234956303,🇺🇸Jeremiah Vaughan🇺🇸,FOVaughan,"@FreedomFdtn Field Operative • Ohio Politics • Former OH/GA Field Organizer • MAGA - I LOVE Jesus! -
Jvaughan18@icloud.com",en,
23921732,Anita Miller,FoxNewsMom,Conservative Christian. Trump Won. Resist The Great Reset. Pandemic = Hoax. L.A. Native. Dodger Fan. RIP GOP. Parler: @anitakmiller 🇺🇸 Gab: @ADKM,en,
702545696763879425,Circle Back Dr Fran Brooklyn,FranDeMario2,🇺🇸🇮🇹Constitutionalist. If you don’t want a sarcastic answer don’t ask a Brooklyn girl a stupid question. 🇺🇸🇮🇹Lucky#45,en,
2553765414,Frank Lapolla,frank_lapolla,"PRO TRUMP, PRO LIFE, PRO GUN 2A AMERICA FIRST, GOD FEARING CRADLE CATHOLIC..GOD, FAMILY, COUNTRY!! FAMILY ALWAYS & FOREVER!! GOTTA GIVE IT TO GET IT!! RESPECT!!",en,
38297159,Frank C. Solis,Frank_Solis,Believe in God • Believe in yourself • Surround yourself with those who believe in you • Believe in what you do 🇺🇸,en,
908763750068637697,Frank's Lawnmower,FranksLawnmower,Just buzzing around the White House grounds. *Parody Account*        https://parler.com/profile/DemGoneGirl/posts,en,
745063118707929088,Mary,Franz16Mary,"I love my God, Family, Country! MAGA❤️🇺🇸",en,
877176157,FRDS17C,FRDS17C,Dedicated 🇺🇸,en,
708556971784474624,Fred,FredForTrump,Part of the YUGE silent majority. Created Twitter account to follow Trump to the White House. Looking forward to the Great Wall of America. #TRUMP2016 #MAGA,en,
15241657,Compensation Expert,FredWhittlesey,Executive and equity compensation consultant; cannabis compensation consultant; impact investor; rock guitarist,en,
127734195,J,free2drm1,"Thirty-something entrepreneur, day trader and stock market swami and conservative capitalist.",en,
1241900574402056195,Rusty (RESIST46) Shakleford 🇺🇲🇺🇲,Freedom1796YA,"On here to tell you why you are wrong. You thought God was an architect, now you know, he's something like a pipe bomb ready to blow. #NoNewNormal #Resist46",en,
3109775901,AdrienneMarie 🇺🇸,Freedom44Love,"Jesus follower💗 Mom to 2 awesome sons💙 American Patriot 🇺🇸 ministry, U.S.missions,pray for the nations,musician, florist, love God, family, country &animals",en,
1216378788340281344,Freedom Fighter,Freedom52418436,"#ConstitutionalConservative #LibertyFirst #MAGA #Veteran #BacktheBlue #2A #NRA #DrainTheSwamp #LiberalismisaMentalDisorder
Rebuilding my followers",en,
2857931818,FREEDOMCat™🗣️,FREEDOMCat71,"YOU stay safe.😷 I'll stay FREE.🇺🇲

⚠️TRIGGER WARNING: Truth/Faith/Logic

Parler: @ FREEDOMCat
Gab: @ FREEDOM_Cat",en,
463577491,FreedomFrayed ❌,FreedomFrayed,"NOT buying the racist, fascist lies & deceptions of the Demonic Party & their burn it all down mentality... Neither should you! 

#TrumpAcquittedAGAIN!!!",en,
1273059829,FPA,Freepartyameri,Freedom Party America is America's New Political Party started in Ohio! Join the movement sweeping the nation right now!,en,
172883388,Pat,FreePat62,Love of country. The Persistence. Proud mom and wife. Immigrant. Conservative. Patriot. Deplorable. Trump is my President #MAGA. #draintheswamp #crumbs,en,
563039484,Shelly Gregoire,FreeTheMitten,"“Turned us on each other, now no lives matter. If we do what the news wants, blood gon' splatter. Turn us on each other 'til no lives matter.” - Tom MacDonald",en,
1060337962850926592,"Alex the ""MultiRacial White Supremacist""",freethinker_ms,Liberty & Free Speech Always. Free Markets. Pro-2A. #EndtheWarOnDrugs #PrivatizeEverything #AntiWar #EndTheFed,en,
1005390422,Frei Rambo. Fighting to keep the Memory,Frei_Cebolinha,O Senhor me livre ceder-te a herança dos meus pais,en,
32510863,Fred,Freidken,"While I live, I will never tamely submit to the dominion of cursed mobocracy. 4°.",en,
36714993,FreightStation,FreightStation,"Pack, Ship, Mail and Business Center -
Mail Boxes and More - Leave the Fuss to Us!",en,
823747310723076096,President Elect Jean Valjean of the New Resistance,FrenchPatriot71,"French heritage proud Patriot, NRA member, and supporter of President Trump.",en,
29539620,Stormchaser,frenz4_evr,"I believe in the reformation of christianity from beyond the brick & mortar walls. I'm a Patriot, Conservative, Activist, & Wife",en,
541069898,Dean H. Watson,FriedDeep,Mostly here for the witty conversation and recipes. Considering #MAGA by joining the #Resistance,en,
899410913207488513,Catty🐈,friocarrieo,Conservative woman.🇺🇸  Loves cats🐱 Hates pink pussy hats.  Serial retweeter.  Trump will always be my president.,en,
32513567,Sandy McGee (Parler: @fromheretoeternity58)🎃🇺🇸,fromhere2961,"Christian, Animal lover, Conservative, Patriot, Texan by way of NC 🇺🇸🇮🇱",en,
622244859,Lord Farquhar,frqh4_shortie,"Kilmarnock fan. SNP out. Scottish Patriot. Trump fan 

No harm intented. its all good fun. disclaimer.",en,
927722958193348608,Aunt Bina (Parler @fuggemall),fuggemall,"LOYAL DEPLORABLE 🇺🇸 HONEST, PATRIOTIC🇺🇸🇺🇸",en,
385143044,Joe,Fun_Days_Always,"Know yourself, know your worth",en,
1605620784,§CharlieGBTC 🇺🇸 ⛓️$CharlieG680 ⛓️,g68_charlie,#LaserRayUntil100K  #bitcoin,en,
140677151,GA_Borne,GA_Borne,Wife~Mom of 2~Christian~Conservative #WakeUpAmerica OneRace=HumanRace #Unity,en,
798700578,G.R.I.T.S. (Girl raised in the South),ga_girls_rule,"💏Happy wife 🐶BT mom.                               💯Pro Trump & PROUD
#MAGA 🇺🇸 #KAG 🇺🇸
Trump 2020
@gagirlsrule On Parler",en,
1214222980898672643,Gabriela✨Breakthrough!,GabbiLiebert,"Master in Architecture. Builder. Conservative VALUES 🇺🇸 Latina.  Love your home, family, friends and motherland",en,
587926564,ShannonY,GAGirlPatriot,"The Spirit of God has made me, and the breath of the Almighty gives me life. Job 33:4 ~ Go Noles Go Dawgs",en,
1079880858541191169,GaiaLove17,GaiaLove17,"RN👩🏽‍⚕️🩺, Veteran🇺🇸, Reiki Master Teacher 🙏🏻, Mother of Doodles, Truth Seeker, Preparing for Ascension, Saturating the collective with Love! join me 💙🌎",en,
23993813,Louisiana Belle⚜️,gailadixon,"God-fearing southern lady. I’m into bible studies, photography, healthy eating, birding, and gardening. I also walk 5+ miles every day.",en,
308212182,George Orwell,gallowaykev,"The biggest domestic threats to our Republic are election fraud, leftist indoctrination of K-12 & colleges, big tech censorship, and Deep State.",en,
1250417359715799041,Macon Gal,GalMacon,Conservative for life! GO DAWGS!!,en,
482430558,SV Conservative - Parler: @gamechanger1,game_changer1,"Follow patriots who dare to fight liberal lunatics; father/husband, Christian, Silicon Valley, Yale Ph.D., #MAGA #Trump2020",en,
2970216495,Sons of Liberty,GameTwit,"Kentuckian, Patriot, #MAGA enthusiast. Proud graduate of Dregs U.  Parler: @GameTwit",en,
749394974303748096,Parler-@weezeejoe,gaoriginal64,"PARLER-@weezeejoe. Father, Step Father, Patriot, Proud Deplorable, Gun owner, Network Engineer. #KAG #MAGA #2A #NRA 🚫DM’s 🇺🇸🇺🇸",en,
797508560,Gulag Inmate 4197,Gareth_Tarlo,"“History is written by the victor, history is filled with liars.”",en,
713101027,ProudAmerican🇺🇸,GarnetFever2185,"I am 35 years old and a follower of Jesus Christ!!!! Also I am a huge Braves, Gamecock, and Panther fan!!! 1st Peter 5:7",en,
562498873,Jenny Fish,GaryandJenny,"#MAGA #Patriot #Conservative #KAG #Trump2024 Daughter, wife & mother to 3, proud supporter of Donald Trump & self professed deplorable & Chump #2A  #walkaway",en,
191954194,Cary Huschka,garyncary,"God, family, 1A, 2A.  Parler @garyncary",en,
191954194,Cary Huschka,garyncary,"God, family, 1A, 2A.  Parler @garyncary",en,
179976580,🇺🇸🗽Mrs. O'Leery🗽🇺🇸,GatheredDirt,"Honorably Served USAF/163rd TFG CA ANG/NCOIC/Cold War/Medic Daughter of The American Rev My Bradish Ancestors settled in Camb MA 1635
#GodBlessAmerica #MAGA2020",en,
872726529842786304,Gayle WATKINS14,GayleWATKINS14,Started Twitter to support Donald Trump 2020🌟I stand for the Anthem🌟Build the Wall🌟Voter ID 🌟America First🌟Vote Republican,en,
779197317601779712,GuysForTrump,GaysForTrumpFL,"Two guys who are proud to be Americans, who love their country and who are proud to support President Donald Trump as we help Make America Great Again",en,
1179758322473455617,GaysForTrump2024,GaysForTrumpTN,Proud 🏳️‍🌈 and even prouder supporter of this great country. #AmericaFirst #Trump2024,en,
17401323,Gene Berardelli,gberardelli,NYC Trial Atty. | Marcos's Uncle | Burnt-Out Podcast Host / Politico w/ a new YouTube Channel - Buffoon of the Week! | https://t.co/gxit40zc7m | RT≠Endorsement,en,
1420791818,A Jacobs,GCMPats,"I tried to start a revolution,  but did not print enough pamphlets.",en,
14752383,Abigail Adams,gdcooke,Revolutionary,en,
1632177577,President Elect Ken Burr,gdog_tbv,VP of IT Texas Border Volunteers,en,
807026356114563072,G.Van,gduffy58,Baseball Baseball Classic Rock Politics Science & Technology Space MAGA,en,
15072238,Fab,GeekTracker,I believe in #transparency in govt. Retired Programmer I follow Likers of my tweets. Vacation Rental owner blocked by @michaelavenatti @acraftyarab and more,en,
24569524,Gene Ramp,generamp,Business owner/psychologist. Social media developer/manager. Retired university professor/director. And a regular guy...,en,
1017230707054309377,Gentleman Jon 🇺🇸,GentlemanJonD,"“The mind is its own place, and in itself can make a heaven of hell, a hell of heaven..”  ―John Milton, Paradise Lost

Preferred Pronouns: Pluralis Majestatis",en,
767431194589798400,Gen. Sherman 🇺🇸🗽,GenWTSherman_76,"Christian✝ America 🇺🇸 Kansan🌻🌾 History Buff🗽🏛️  America First! Alt: @kansandoge #Dogecoin
#BackTheBlue #Patriot #MAGA",en,
15040988,Geoff De Weaver 🇺🇸🦅,geoff_deweaver,Geoff De Weaver is a Digital Pioneer | Marketing Expert | Super Strategist | Keynote Speaker | Author | CEO | #Entrepreneur #Leadership http://geoffdeweaver.com,en,
908691708052779008,George Vrable,george_vrable,Former Democrat 100% Trump supporter.  I now consider the Dem Party to be the greatest DANGER to the health and survival of our Nation. #MAGA #KAG#BANISLAM,en,
878266844402110464,The Forgotten,GeorgiaBluff,Clear blue water somewhere between 16N and 22N,en,
345299892,GAFiscalConservative,GeorgiaFisCon,"God, family, USA (since 1765), & Clemson! CHRO, SVP, Exec. Dir. w/35 yrs domestic/offshore (Europe) experience. Blessed. OPINIONS ARE MY OWN.",en,
36640836,Overlake™ 🦅Let's Take Down the CCP🦅,georgiodecorati,"Recent Chicago Refugee.  She/her, because genetics.",en,
1217942462553055234,Jim Bob Levy,geotexasjew,West Texas Geologist University of Texas Longhorn Am Yisrael Chai! #AveraMengistu,en,
1248427832927064064,💯 Publius Patriot 🇺🇸🇺🇸🇺🇸,GePatriot,"I'm against mandated muzzles on individuals! It's a violation of an individual's right to choose, an individual's right to self-govern. Brown skin Nationalist.",en,
1239618450936471560,Geralyn Jones,geralyn_jones31,"𝙻𝚒𝚗𝚎𝚠𝚒𝚏𝚎, 𝙼𝚘𝚖𝚖𝚊 + 𝙻𝚒𝚏𝚎𝚜𝚝𝚢𝚕𝚎 𝙱𝚕𝚘𝚐𝚐𝚎𝚛 𝐁𝐞𝐚𝐮𝐭𝐲 𝐬𝐭𝐚𝐫𝐭𝐬 𝐟𝐫𝗼𝗺 𝐰𝐢𝐭𝐡𝐢𝐧 ♥ ↠ boutique owner @era.boutique.shop",en,
844602136113528832,gab.com/MrVincent,GeriatrickGames,http://gab.com/MrVincent,en,
110578049,Adam Gehrke,gerksgunner,"Iraq Vet / BrewersSSH Sect109, TwinsSSH DeltaSkyClubB. BucksSSH Sect211. I organize Gerks Brewers Trip: raises$ for UW Carbone Cancer, Badger Honor Flight & USO",en,
406552897,Gesykah 🎶,GesykahSings,"Vivacious... Inquisitive... Singer, Songwriter and Student of Life.",en,
4432331,🇺🇸 ᗪᖇ. ᗷᖇEᗯᔕKI 🍺 (also Gab) ⛷️ 🇺🇸 🏒,getovermyskis,"Constitutionalist. Digital Warrior for our fair Elections, smaller Government, Equal Opportunities and Equal Justice. Anchor Brewery Team (in CO).",en,
800676133075202048,Elizabeth Lynn,GetYerPopcorn,"Independent; values logic, reasoning and facts over conjecture and #AltFacts. Fiscally conservative; Socially progressive; feminist w/ concealed carry. #fbr",en,
829528260379811840,Just 💁🏻Pondering,ggbiswondering,"There's a difference between ponder and wonder / ponder IS to wonder, to consider or examine attentively while wonder is to be struck with astonishment...hmm...",en,
2834650713,James,ghostskatekilla,🇺🇸,en,
75844645,💕CAT💕🕊,Gigi_4Trump,"#Christian #Patriot #BuildTheWall #TrumpTrain 🚂 #Politics #Deplorable #Conservative #Independent #WW1WGA Co-Founder #MAGABOOKDOTCOM 🇺🇸 🇬🇧 Wife,Mother #Gigi",en,
770190922512535552,gigihyl 🏄🏽‍♀️🇺🇸,gigihyl,Not a morning person but always MAGA 🥸 gab 👉http://gab.com/gigihyl 🌸,en,
1084257474889302016,gigi✝️🇺🇸🇺🇸🇺🇸,GigiMs5,"✝️ Saved by Jesus The Messiah..#MAGA#KAG...proud daughter of WWII Army Vet, proud wife of Army Vet, mother, grandmother..Romans 10:9",en,
1387956504,MEL,GiglioMarilyn,Love animals more than most people 🐶🐱 happily married .NO LISTS #Maga #BackTheBlue #EndChildTrafficking,en,
838147382,Rachel Gill,GillinSC,"Teacher, military wife, and proud supporter of President Trump. “Together there is nothing we cannot accomplish.” ~President Trump",en,
58209656,Cardinal Curmudgeon,Gimblin,"Lutheran, Attorney, Immigration hawk, Equality is a false & stupid god. Skeptical of the narrative. #QuitChina #AntiCommunist #stlcards #stlblues #GetOffMyLawn",en,
1098364068417679360,Na_AwWw Limbaugh,GinaBeNICE1,"#Twin 👭🏽 Blatalian AMERICAN! Toker. Politics junkie! He is coming ✝️  Urban farmer 🌻 

 #Resist 

Pronouns: Grumpy/Sleepy",en,
708724060918710272,ChiTown Conservative aka red wine goddess 🍷🍷,gingertealkp,Catholic; Conservative; Black American; Lifelong Chicagoan; Former Leftist; Fan & student of red wine🍷🍷 Trump or Bust! #WeThePeople 🇺🇸,en,
1259175921535389703,Ginny Mobley,GinnyMobley5,just moi,en,
119902357,Joanne Hill,Giovanna111,"Entrepreneur, Business Owner, Business Developer, National Expansion Leader. Fundraisers, Business Incentives, and Travel.",en,
870343086752153600,😺🥧♥️Lt. Gabriel (aka 'Pumpkin Pie') ♥️🥧😺,GiraffesInc,"Fiancé of the fabulous adventure cat, @XenaBonina! 🌟 Wedding on May 22, 2021!  I follow back - but please stay #pawsitive! 🐾 Also #ThudKing",en,
1248384913759506432,🇺🇸 American Girl 🇺🇸,GirlLuvsAmerica,"Jesus is Lord! Romans 8:28 📖 #5Solas🌷
Dogs rule🐶! 🚫vaccine! 
GAB: @bzythnkn",en,
824279244574330881,AgirlnamedJoey,GirlnamedJoey,Texan til I die. 🇺🇸 has become a lawless & Godless nation. Election 2020 is a sham. Both parties suck. I’m keeping my guns. Stick your vaccine up your a$$.,en,
746358389521813505,~Hey Verne with the Trump Party 🇺🇸🇺🇸🇺🇸,girlygirlgurl,"Small town girl, Jesus, baseball, avid fact checker & #MAGA. Kindness is underrated ♥️ Former Republican, forever Trump.",en,
260687290,Gissele,gisselew,"Patriot, constitutionalists, #Trump, #MAGA #KAG No radicals! Knowledge is the greatest weapon. TRUMP 2020!! down with Dems! Stay strong! Trump all the way!",en,
76977344,GI TraceyD,GITraceyD,Retired Air Force | Single Mom of a College Student | Cash App $GITraceyD,en,
1733420300,Gerasimos J. Georgatos CIA🦅Fan🇺🇸!,GJerryGeorgatos,Past Field Organizer for Sean Eldridge for Congress; MSNBC booster; Rockefeller🦅Liberty🗽MAGA🇺🇸Republican🐘Realist; Bonus coverage at Parler @GJerryGeorgatos,en,
269398826,Tina Felix,glasslipperz,"2020 has me like.. Truth, Liberty, and Justice for All! As long as Texas stays Red and Trump wins I have faith in our democracy 



 ..Quiet Spaces ..My America",en,
841860054475276288,Christian Patriot,GldnRule11,"MAGA Conservative, Constitutionalist, Freedom-loving Capitalist, NRA, and Trump won 2020.",en,
347528931,webs,glenkurby,"Tech geek, movie buff, Hip-Hop artform purist, comics nerd, PS4 gamer, collector. Woke Truther, Patriot & Anti-NWO. #DontTreadOnMe",en,
4871188022,George B Lisehora,GLisehora,Constitutional conservative that believed Ted Cruz was the best choice for President in 2016.  Pleasantly surprised with Donald Trump's performance!  Thank you!,en,
785573922532057088,❤️ Dr. morning glo 🇺🇸🎗🎨💇‍♀️,glo_mojo,Jesus  God is good support the cause - let freedom ring- marvelously flawed- flawlessly loved 🥰 by Elohim,en,
820649201570816000,Glori @ 🏡 🇺🇸,Glori_with_an_i,"Holy Shit We Did It!!! #BidenHarris2020
*Compulsive retweeter*

Suicide helpline (800) 273-8255
I lost my brother, don't want to lose you too. ❤",en,
724407348,Gloria Marie,gloria2marie,"Northern California outdoor enthusiast, love the sun, our wildlife!",en,
242155297,Rjanr ☺️,GlowChicky,Do not be deceived #ChickasawTribe #GenX #RememberTheAlamo stop sending DMs.,en,
721557104092274688,Hopeful🗣️,glsander22,"Not politically correct, Patriot, Trump supporter for life, Common sense Conservative. #MAGA #KAG #AmericaFirst",en,
872230649310183425,G-MA,GMA4Trump_,"Mother of 3 Marines. Wife to a Marine. G-Ma to 9 future Marines. #TRUMP #MAGA #USMC God, Family &Country followed by @charliekirk11& @ScottBaio #kag2020 🇱🇷❌",en,
872230649310183425,G-MA,GMA4Trump_,"Mother of 3 Marines. Wife to a Marine. G-Ma to 9 future Marines. #TRUMP #MAGA #USMC God, Family &Country followed by @charliekirk11& @ScottBaio #kag2020 🇱🇷❌",en,
788959099715260416,Gulag Inmate 30330,GMA9591,I believe in American exceptionalism and cherish all who have struggled and fought to defend it.,en,
513654367,GgSouth,gmartinharp,"Jesus freak,Mom, Angel Mom, Southern girl.🇺🇲🇺🇲🇺🇲.No DM's please",en,
786667746104778752,Merlene: 🗣🗣Truth & Justice Must Come,gmgreenway2,"I love the Lord God, Jesus, and the Holy Spirit, my family, friends, and others. I  believe in the rule of law and want justice to be equal for all.",en,
13335792,Greg,GMTimke,Husband to a strong & independent woman and new father to a future badass girl. Dad to Swissy. Democrat. Cyclist. Foodie. And I will call your racist shit out.,en,
780545837185150976,🇺🇸JOE’S NOT MY PRESIDENT🇺🇸,gntschnzer,"✝️ CA refugee seeking asylum in Ohio. #MAGA,retired Navy Deep State, LEOLover 2nd gen career Navy wife 💕 my dogs & family CinciCathi @CArefugee on Parler",en,
113247562,Sandi,Go_USA_Go,"Sports Fanatic! My All-time favorite Legends: Kobe, Reggie, the Chuckster, Jeter, Steffi, Lefty (aka Phil the Thrill)!",en,
283312945,"Erika Jones, Results Driven Marketing Professional",GoalDigginMama,🌟 Entrepreneur 🌟 ✝️ Worthy Woman 💞 💙 Boy Mom 😳 🗣 Speaker 📢 👊 Motivator 👏 👣 Leader 👉 🌅 Visionary 💡 ☕️ Coffee Lover ☕️,en,
4728810611,g l e n,goawayitsnotme,Awake.   ✝ 🇺🇸,en,
613876677,Gavin,GoBigGavin,Loves America. Trump Supporter. Constitutional believer. Right to Freedom. We Are The Storm. Expose The Corrupt & Evil.,en,
23136867,"@GoDaisy on Gab, Parler & CloutHub #BidenLost",GoDaisy,🇺🇸Conservatarian 🇺🇸 #MAGA 🇺🇸#KAG 🇺🇸#2A❤️Dog Mom🐾 #GoPackGo #BoiseStateFootball 💙🧡💙 Idaho Native,en,
2661167788,"A. Dru ""Twitmo"" Kristenev",GoldBaron08,"No talking head but a “righting” hand political observer, columnist @ CFP, teacher, missionary, author, Scribes' College of Journalism http://scribescollege.org",en,
572597108,Opiee V,goldfinch2021,IT Pro | Capital Market | Leader | Texan | Voice for SSR,en,
587897579,TigerFan,golf4mepp,"#MAGA #KAG2020  #2A  IFBP Veteran's wife
#MIZZOU                                          IFBP - I Follow back all Patriots",en,
180154310,Joey Bag of Dementia (D-Beijing),golfiest,"Golf, Tech, and Politics. #Golf #MAGA #KAG #Trump2020",en,
25713136,Ben Murphy,gomurphy,Recovering political hack.,en,
23958533,Joe,goodday2smile,"I love golf,  I follow Rush, Glenn Beck, Sean Hannity, Mark Levin and Michelle Malkin.",en,
1051334764081213441,Tyk Goodey,GoodeyTyk,🌽 USU Ag Ed Major 🚜 FFA Alumni 🐑 SDL 🚀,en,
2528221556,Jessica🌺 A Jersey Girl in a Kentucky World,goodjerseygirl,Follower of Christ/Animal Lover/Nurse,en,
15943896,Colorado RedTraci,goptraci,"Conservative, Christian, Wife, Mother, Patriot, Infidel, Political Junkie, NRA, I ❤ America and USED to ❤ #NFL & #Broncos but no more.  ΜΟΛΩΝ ΛΑΒΕ #2A #Colorado",en,
3063211215,Shakedown vs Lockdown,goshenhawk1,We must save our Constitutional Republic Call out the Communists-Socialists-Free speech-2A shan’t be infringed.,en,
242187443,"Patrick Henry, Jr.",GotKidsNoPeace,Give me liberty or give me death.  #FreeTheUnitedStates #FreeIran #JesusChristSaves,en,
1047480789628342273,👑God Wins👑#PeaceElf❤️🇺🇸🌎🎅😎,GPeaceelf,"Text TRUMP to 88022 POTUS45 #TheBestIsYetToCome #SCOTUS #TRUMP2020 #KAG #ProLife #bigredwavenow #ItsAboutTheChildren, Wife, Mom, Grandma #PermanentNiceList.",en,
20749560,Uncle Sham,Gr8fl_Bd,Don’t lend your hand to raise no flag atop no ship of fools.,en,
1404014400,Deplorable Gramma👵 👠 Shadow Banned,grammasu52,#AmericaFirst💯 #MAGA🗽#AmericaStandsWithIsrael🔯 #Prolife👣 #Grandmas4Trump👵 #DaughterOfLEGALimmigrant #MilitaryVeterans (#StolenValor=Fraud😠),en,
55601282,louise smith,GrammaYayam164,"Wife of highly decorated war hero. Gramma Yam Yam to 5 amazing grand children. Mother, daughter, sister, Friend.  Saved by God's amazing grace.",en,
200412787,Grannyguns,grannyguns1,Conservative grandmother living peacefully amongst those with opposing views. Freethinker! Armed with knowledge.,en,
1061247109901545472,Grant Gee 🇺🇸,GrantGee5,"Husband, father and grandfather.  Financial Advisor with Edward Jones Investments.  Believer in Jesus.  Love golf and all things #IndianaHoosiers.",en,
627708347,Grayson Dockery 🇺🇸🇮🇱,GraysonDockery,Hic Sunt Dracones,en,
937844362033197056,Joseph Reubart,great_awaken,"3rd generation American. I love knowledge, history, and music.
The tree of liberty must be revitalized from time to time with the blood of Patriots and Tyrants!",en,
819399788877770753,Great Deceiver🚬🍦👰,GreatDece1ver,"Feeling California and looking Manitoba

He/Him",en,
968558731683356672,American,GreatestGen41,American - I’m ready for the music to stop. I’m feeling like now is a good time to call. “Flip the cards over” All on the table. God Bless the US of A.,en,
750614572583690240,Brent.,GreatValueNuts,"23,♥️ ♦️ #Bitcoin",en,
898584751694651392,Permanently Left the Left 🇺🇸💯,greenlingthinks,"It's not enough to know what you think, you must understand why you think it. Control your own mind. Don't be a sheep.
#MAGA #WalkAway #Texas #Texit",en,
898584751694651392,Permanently Left the Left 🇺🇸💯,greenlingthinks,"It's not enough to know what you think, you must understand why you think it. Control your own mind. Don't be a sheep.
#MAGA #WalkAway #Texas #Texit",en,
2371420848,Greg Halvorson,GregHBlog,"Self-appointed cognoscenti with ketchup stains... John 8:32
 
Greg Halvorson Blog: http://greghalvorson.substack.com",en,
2335720549,Greg,Gregonimo,I worship...you know...the...the thing.,en,
272644687,Greg X. Melecio🇺🇸,GreXMe,"Imperfect Christian✝️🙏🏻, Proud USAF Vet, Deplorable, Capitalist, Pro-2nd Amendment, Pro-Life, Pro-Small Government, Pro-Strong Military.",en,
993908479437037571,DannyJ🇺🇸,GreyHouseDan,"The world is a better place when we take responsibility for ourselves. Father. Veteran. God is King.
#nationallanguage
#meritocracy",en,
885010722752737281,Groover Snell🧡,GrooverSnell,http://Stopthesteal.us,en,
804560202,D-Man,GSDdecoy12,"🇺🇸Conservative American Patriot. Gun toting,God fearing American🇺🇸Constitutionalists #MAGA #KAG #TRUMP2020🇺🇸 Love my President @realdonaldtrump",en,
46572592,Susie G,gsweetsue,"PRO FAMILY, PRO GOD, PRO USA, PRO MILITARY/LAW ENF, PRO 2nd AMEND, PRO LIFE, GRACE, GOODNESS AND GOD #MAGAKAG",en,
43994832,BornAgainConservative✝️🇺🇸✝️,gtbenjamin25,Freedom Loving Warrior 🇺🇸❤️,en,
34503401,Glenn Fincher,gtfinchy,"Christian, geek, son, brother, husband, father",en,
432232423,William Reardon Jr.,gtiman67,"I ❤ VW!
Driving my GTI MkV & NEW Golf R Mk 7.5
🕹 & 🎸
👀Marvel movies
I'm Pro Life & Pro Constitution 🇺🇸#MAGA #AmericaFirst #DrainTheSwamp #KAG #Trump2024",en,
2420712286,Michael Murray,guardia72014383,Supporting Great People Doing Great things #bestrongbeamazingbeyou. 💯Angel Investor and 💯OG for Life. 💯💕❤️💝💯✊✊💯😎😎 https://blacklivesmatters.carrd.co/#,en,
67948934,Guido 🏴‍☠️🇮🇳,guidomke,"#Milwaukee festival marketing, #India traveler, @ChennaiIPL supporter, Former Great TV Auction #HamHands, member of @americanmensa",en,
20550590,Guil Abaya,Guil_A,"Part Registered Nurse, part Graphic Designer, all around Family Guy.",en,
1023033703990214657,Conquistador2021,Gunowner47,Name: Tom | Nationality: American | Ethnicity: Spanish | Nationalist 🇺🇲 | #KeepAmericaGreat,en,
2302015590,Guns Addict,GunsAddict,"Constitutional Conservative, Proud defender of the 2A, Vocal Patriot, Proud Israel Defender",en,
1129934481853505536,𝓖𝓤𝓢𝓣𝓐𝓥𝓞 🇧🇷🇧🇷,GustaBonoro,"Este perfil não é democrático.
#Bolsonaro2022
#MAGAFOREVER Extrema-direita.",en,
14324200,"Also President ""Elect"" Guszilla 😎🇺🇸🇺🇸🇺🇸",Guszilla,Go sell “Crazy” somewhere else got all we need here in AZ // Give a man a fish and he will riot for FREE fish! RT≠ Endorsement Parler: @Guszilla,en,
17945261,❡υ✞✞Яƒℓ⚙ᏔЯ (same Parler & Gab),GuttrFlowr,pronouns: FU/FO 🎶Music is life🎶 Art 🖼 Bookwhore 📚 Cool Junk🏡All the pretty things 👗👠💍 Fast cars🏎🏁 Needle & Thread creations🧵🧶,en,
900081424522498049,That Guy Pinestra,GuyPinestra,"Cancer survivor, struggling business owner, STILL a believer in miracles.",en,
636694309,Luis 🇺🇸🇻🇦,Guz78,#MAGA #USMarine #SemperFi,en,
59133866,NOT Gwendolyn M. aka Deplorable Degenerate,Gwendragon,"Christian breast cancer survivor loves life, gardening, fishing, reading, playing WoW, WWE, @HistoryVikings, Packers and learning. NOT TINDER ! #MAGA #TRUMP2020",en,
330491855,ExDemocrat#WalkAway🏳️‍🌈🇺🇲,GwenLCummings,Do NOT let CORRUPT political elites & RADICALS destroy our country. Wanna learn how to register voters? DM @ScottPresler #MAGA #Blexit #Trump2020 #AmericaFirst,en,
1067468439294550019,GwinnettNole,GwinnettNole,"Go Noles! ** #notmypresident ** Orlando, FL born and Gwinnett County GA raised! Recovering 💉 addict",en,
16673128,GypsyNoLonger,GypsyNoLonger,Getting an MLS team in CLT! Enjoy Federalist Papers #62/63 and #68.,en,
1185236399026561026,h,h29275100,TRUMP 2024,en,
92787237,MobTown63 👽👓🌛💥,H8theSteelers,"Lab Lover 💯,heavy metal (Metallica, Sabbath, Dio) tattoos, wicked beer 🍺 🍻 classic mustangs and motorcycles 🏍,always the beach 🏖 happy hour.",en,
19462874,haabahchic,haabahchic,A red girl in a sea of blue,en,
1084478854771757056,Sue Schmitt Haidon,HaidonSue,"Conservative; Pro-Life-Catholic; Currently retired, Worked with a Top 100 Financial Org-Secondary Mortgage Market/Commc’l Real Estate, Finance/Accounting",en,
589832850,Candy,Hairdosbycandy,"Christ Follower, Granddaughter of Army Vet 🇺🇸❤️HARD,Heavy,FAST music that Rocks for God, Grateful for Freedom 🇺🇸 Love a good ride on my 450 Quad ✝️😺🐶🥁🎸",en,
801141429229809664,Texasgal,handmadefromtex,Retired Texas Gal. Follow texasgal on Parler @hcalhoun on Gab.,en,
997779581435199490,HansLSAJ,HansLsaj,Forced to train 22 H1B engineers to displace the whole group in 2000.,en,
984319548907286528,You don't say🇺🇸,HappenShitDoes,"The truth is like a lion.
You don't have to defend it. 
Let it loose.
It will defend itself.
(St. Augustine)",en,
523545241,Karin Johnson,harborgirl21,Happily married.I'm a lifetime horsewomen . A conservative living on the left coast.The cowboy on the right is my great grandfather who ran the Gun Bow Ranch .,en,
25159425,Harlan Erskine,harlanerskine,"Photographer raised in Manhattan, schooled in Miami then New York, currently living in Brooklyn & shooting worldwide.",en,
1113722907119640576,🇺🇸•⚔️Harley Dyad⚔️• 🇺🇸,harleydyad,"God, Guns, & Guts • ΜΟΛΩΝ ΛΑΒΕ • Married
#2A #ProMilitary #VeteransBeforeIllegals #ProLife #TRUMP2020",en,
139807030,💙MDMS💙,harmonsaddles,Proud to be from Texas! #BackTheBlue #AllLivesMatter #BlueLivesMatter Trump is still the Best President! Proudly Made in the USA!,en,
760263090503950336,Harper,Harper334036,God Bless Donald J.Trump •♥️ Freedom is never more than one generation away from extinction #MAGAFOREVER•,en,
912850401933840384,HarrelRanch,HarrelRanchFact,"Proud husband and father, love agriculture and ranching, Oklahoma State Alum, Sports Fan. History and Politics are of interest",en,
563184888,🇺🇸Bob Harrison🇺🇸,HarrisonrgBob,"Married Christian Conservative #Freedom #2A - ❤️UGA Bulldogs 🏈,GSU Panthers, ATL Braves, Falcons #ATLUTD ⚽️ RT Does Not mean Endorsement - Parler = same handle",en,
38014617,Harry Hoover,harrywhoover,"Husband, father, grandfather, veteran, writer, & author.  Lover of bacon, dadjokes & wine. Humor is my ministry. #Resist46",en,
38014617,Harry Hoover,harrywhoover,"Husband, father, grandfather, veteran, writer, & author.  Lover of bacon, dadjokes & wine. Humor is my ministry. #Resist46",en,
129867730,🐸Haters Favorite🐸,Haters_favorite,Twitter shit lord  come get some .....,en,
19264069,Naomi (HAT-tee),hatie123,"Menieres Disease fighter, Christ follower, 
fan of Smallville, Superman, DC/CW, MCU, ChicagoMed, The Greatest Showman,Tom Hiddleston, Zachary Levi,  & more🇺🇲",en,
522579004,Hayden Baker,hayden_baker3,Good Vibes,en,
4229261969,Patriot1🇺🇸,HBHPatriot1,"#KAG
CloutHub: @Patriot1st
Parler: @USAPatriot101
ConnectZing: USA Patriot101",en,
2973566955,Margaret H Brazda,HBrazda,"Loving my Catholic Faith,family. Lord Jesus Christ, son of the living God have mercy on me a sinner 🙏",en,
41940890,rider writer®♦️,HBwriterMike,"When the Left tells you that this election is gonna be lit, they mean arson.

Gab & Parler - @HBwriterMike",en,
1225647569453207552,Harley-Davidson Rider,HDavidsonrider,"US Army veteran. I love my wife, family, country, God and riding my motorcycle. Parlor @Robin1349 #MAGA",en,
83443717,Heather,Heather1mmagc,"God, family, country, in that order. #WomenForTrump #Lycotrumptrain #pagop #TrumpLandslide2020",en,
22715186,Heather Hunter,heatherhunterdc,Award-Winning Executive Producer at WMAL @WMALDC. News & pop culture junkie. Married to @derekahunter. I retweet a lot of my show prep.,en,
1149305958469910529,Heather Sims,HeatherSims2,"of the white race
wife to Dave Sims 💍, mother of 3  bonus to 1. Sit back and watch, you really aren't in control.",en,
451844814,Give 'Em Heel,heelacious1,#UNCFootball #UNCBasketball #UNCAthletics,en,
215335714,Helix,Helixfreak,"Hyperborean. ""Enthusiastically misinformed."" Supports peace through Article V Convention of States.",en,
830920720184119296,Lady Liberty,HelloJoyce27,"LEO SGT. #Military #2A wife, mom, patriot #MAGA #WomenforTrump👠#BacktheBlue #SecureUSBorders #Trump2020",en,
3273436958,HelloKendraHeff,HelloKendraHeff,Jesus • Family • Vets • LEOs• travel • photography • scrapbooking • quilting • cross stitch,en,
78057335,Helwoe,Helwoe,"Christian, Conservative thinker, Father. I Use Logic. 
𝟰,𝟳𝟬𝟰 Leftist-Haters 𝗕𝗟𝗢𝗖𝗞𝗘𝗗 so far 
""𝘈𝘯𝘥 𝘸𝘩𝘦𝘯 𝘺𝘰𝘶𝘳 𝘽𝙇𝙊𝘾𝙆𝙀𝘿, 𝘪𝘵's forever""",en,
42551777,Evelyn Keiling,HempMamaEvelyn,Natural Health Warrior & Medical Freedom Advocate #HEMPMamaEvelyn #BreastCancerWarrior #CancerHatesIt #PlantsOverPills #TRUMP2020 🇺🇸,en,
32601476,Hera,HeraBecker,Jewish libertarian Republican. VP of Broward Women’s Republican Club and the Broward Young Republicans. Don’t tread on me.,en,
32876479,Brianicole Travels,Herrirng_Jacobs,People always ask my husband & I about our travels. They want 2 know where we R going next SO I thought it would be perfect to start a blog about our travels.,en,
924901541676552193,ⓘ Disputed Heshy,HeshyTischler,As quoted by Andrew Cuomo: #CuomoHatesJews,en,
906734126165831681,GMoney🇺🇸Trump Chump,hey_gina22,✝️🇺🇸 P A R L E R: @heygina,en,
622596896,Chris Michael Harris,HeyCMH,Founder of StartupU | Podcast + YouTube Host | (ASSESSMENT) What Type of Business Should You Start? 👇🏻,en,
196292541,Frank  Glinski,HeyGlinski,Sarcastic Multi-challenged Christian Constitutionalist blessed with the gift of insight. You got a problem with that.,en,
1167692112688758784,Renae⁷₊✜˚,heyits_rk,fan account ~ she/they ~ 16 ~ KTH1 enthusiast,en,
4183808296,Judie from Jersey,heyjude5814,MAGA! KAG! Jersey Girl! NY Mets fanatic! Daughter of a former (R) NJ Assemblywoman pictured above w/Reagan. Rutgers College of Pharmacy. December baby!,en,
35804170,Joe Biden is not my President,heymoco,I will never vote for a Dem again. I have totally lost any respect I may once have had for them which was little to begin with. And I’m done with the GOP too.,en,
3300701236,Remso W. Martinez,HeyRemso,Social Media Professional | Podcaster and Author | Listen at @secondprintpod @werlibertarians,en,
84208940,hfuller,hfuller3,only use twitter for political views Christian Conservative that knows GOD is n control. Horrible @ spelling and writing #MakeAmericaGreatAgain @realdonaldtrump,en,
84208940,hfuller,hfuller3,only use twitter for political views Christian Conservative that knows GOD is n control. Horrible @ spelling and writing #MakeAmericaGreatAgain @realdonaldtrump,en,
771807583526989824,KMK,HickSofisticate,A woman living in fear of the Seattle bolsheviks. Trying to be a light in the darkness. Not sure how much more hate this Conservative Christian can take. #MAGA,en,
993961088,LockedNLoaded,HildCs,"Female, God loving, Common Sense Conservative. #1A #2A #draintheswamp. No DACA, No Amnesty, Americans First",en,
370355965,Anthony Hildoer,hildoer,Husband • Father • Biker • Skier • Linux • Angular • Node.js • Cloud Architect • Founder BlueRival Software • Relentless,en,
751395163671392256,SherryT - Orwell Was A Visionary,hippygirl53,"“If you want a picture of the future, imagine a boot stamping on a human face—for ever.”
― George Orwell, 1984",en,
2725010413,AMS,hisMrs2005,God first. Proud Patriot. Christian Conservative. Southern Yankee. Dirt enthusiast. ♡ Taker of the Red Pill.,en,
304826531,Jasmine Velasco Hauser,hispanicmom,"❤️ Jesus Christ, my husband, family, Constitution, USA. 
@TheNatPulse @Breitbart @IllinoisRNHA. #LatinosforTrump. @NewTrierGOP. Walmart shopper Fight #fakenews.",en,
756356482254376960,Dr. Deplorable Chump,HitbyTruth,Today is Your Day,en,
940794840144580608,X Hiwayman X,Hiwayman64,I'm just  old  ugly tobacco chewing whiskey drinking gun shooting country boy  #HateFakePPl  #A2 #BACKTheBLUE #V4CR #LivePD #MAGA followed by @CraigRSawyer,en,
3402264928,We the Voters,hiwethevoters,Multimedia journalist funded by the people. Follows/likes/RTs ≠ endorsements and likes = read later. Currently: Georgia 📬: wethevotersproject@gmail.com,en,
91145973,H L Wegley,hlwegley,Meteorologist & Comp Sci guy who writes novels with a climate of suspense & a forecast of stormy weather https://t.co/ZRp4fIyw7m https://t.co/laLtgbcKrx #ChristFic #Cleanbooks,en,
2282264175,Lil Hobson,hobscotch59,"Wife,Mom,Grandma, #UCFKnight; Community minded cheerleader! Tell'em #lilsentyou! Be #partofsolution! #NASCAR #ProMilitary #ProLife #American #LoveFL #CodeOfVets",en,
1094255914725588998,President-Elect Jenny Sanderson,Hockey3331,"Don’t accept anything less than the best from yourself.

CloutHub: @JennyMcK; Gab: @JennyMcK
MeWe:",en,
241637633,hockeyjunkie,hockeyjunkey,"Christian, conservative, husband, father, and TEXAN! Proudly clinging to my guns and Christ. Praying for my country.",en,
974622996672516097,Phone Hockey,HockeyPhone,"NYR, NYG.  Filterless.... We'll see!",en,
87989066,Jennifer Holdsworth,HoldsworthJen,"Dem Strategist | Contributor @foxnews and @hilltvlive | fmr @HFA, @Pete4DNC & @njdsc | Lawyer | #GlobalIrish | #JerseyGirl | #EqualityModel",en,
1263550267460431872,Intrepid2,HollLong,"Mom, wife, Trump supporter, MAGA, WW1WGA, believer in God, family and country🇺🇸🙏🏼🔴✝️",en,
1605925344,Holly Ann,HollyAnn_MI,"Love - Family, American 🇺🇲 Freedom, globetrottering, history, telling it how it is...",en,
964152735200350208,TEAforTWO 🇺🇸🚂🗽,HomesickGal,"Home is a place you grow up wanting to leave, and grow old wanting to get back to. ~ John Ed Pearce GAB: @ceevee1234",en,
166362548,Tope PY,honchoPY,Elon Musk is the real Rocketman. Sorry Kim Jung Un..🚀🚀#Bitcoin,en,
1214712072908480517,R Starnes,honeyhush29,"Deplorable Chump, happily taken, God Bless America. #MAGA #Trump2020",en,
136406792,Art Taylor,Hoosierdaddy76,"Father, son, husband, sports junkie, political junkie and all around good guy. So I tell myself.",en,
607719220,Never Quit,hopefully4more,"Christ Follower, Patriot",en,
1157139956428492802,Mayden Horris 🇺🇸,HorrisMayden,"2 Genders, 2 Scoops, 2 Terms. #AmericaFirst
Shall not be infringed. #2A
No Backdoors #4A",en,
47434886,Tea 🔥,hottakeswithtea,💊 the emperor has no clothes,en,
222880966,HouCoog,HOUCoog2581,Christian & Proud American. God Bless America #KAG #USA,en,
55342810,Indiana Girl 🇺🇸 🗣,hounderbounder,"I’m a mom, wife, basset hound lover, small business owner, Lutheran, book lover, Trump & freedom supporter. Not Communist. End censorship!",en,
60666986,howellgirl413,howellgirl1,I am a Christian saved by God's grace. 💕Triple Negative Breast Cancer Survivor 💕~ Philippians 4:13 ~,en,
1122332220792897537,Hrafn84,Hrafn84,"11B Veteran, Miner. MAGA TRUMP 2020",en,
635277747,Lady Parker,HRH_LadyParker,🇨🇦 Born 🇺🇸 Made | Lady by Title | Entrepreneur | Crypto & Stock Investor/Trader | 💍@MLOdyssey I wear bunny slippers to work everyday - life is good!,en,
1184956388209938433,Hadley Richardson,Hrichson,thinking about it ....,en,
92642858,H-III,hrod7,"Sports, Cigars & Political Analyst ®️",en,
14166667,Dr Hrumpole JD #BLM #Antifa #MMT,hrumpole,"i will not make any deals with you. I will not be pushed, filed, stamped, indexed, briefed, debriefed or numbered. my life is my own. # number 6",en,
1138156486834642945,H. Stamper,HStamper3,"Houston, you have a problem. You see, I promised my little girl that I'd be comin' home.",en,
3201789399,#LetFreedomRing,hubbard2015,"Love America worried about the direction our country is going, America First, followed Trump from the beginning, don’t trust the Swamp",en,
977899788,Huémac Badilla,HuemacHuemac,Business owner #Arizona #local #planB,en,
1252356109299400705,Hula,HulaTheHoudini,"Conservative , God Loving Dachshund! German made, Born in America 🇺🇸🌵❤️🙏🏽  #GodAlwaysWins #Patriot",en,
1540501554,Hurricane Morg,HurricaneMorg,"Columbus➡️Atl ⭕️❤️❗️⭕️ Wife, mother, football fanatic, avid supporter of women who drop F-bombs😊, passionate about my beliefs, authentic #AF💁🏻‍♀️Moderate🇺🇸",en,
237317397,Chris Fries,Huskerfancf,"Dad, Husband, Lead Civil Designer Oil & Gas, Huskers, Broncos, Avs, Rockies, NASCAR, Redneck, #MAGA, #KAG",en,
870731290596724736,Dr.HWDConservative,HWDConservative,Someone who believes in the Constitution and will call out the hypocrisy in the entertainment industry and political arena.,en,
1045772193244868608,president-elect hydrant328,hydrant328,"deplorable, 28 yrs in Fire service,🧯 #KAGA2020, supporting our troops, veterans, 🥍🥩🌶🍺  #GoGators🏉🐊",en,
748030722,Orwell’s Ghost,hypocrisy_sucks,"🧐🤓🥸Free Speech Absolutist, Heeds Orwell’s Warnings 🤡🤡🤡 For Leftists: Latina, Indigenous, Grandparents Refugees of Nazis and Commies",en,
2858425068,L i q h t 🙌🏻,I_Am_Liqht,Offering Sessions: Card Reading / Distance Reiki / Stress Relief / Energy Health Review | Certified Sound Therapist | ❤️ God not religion,en,
1571483227,Mike Legere,I_JustDont_Know,Theatre lover. Cinephile. INFJ. Published writer (thank you http://wolftree.co).,en,
503605056,My Opinion,I_proclaim,Just an old Cav Cobra pilot letting you know my thoughts....,en,
1578258001,Margos,I95k_,Resist,en,
774722871482421248,DeplorableForTRUMP,IAmADeplorable,Major Trump Supporter. Nationalist.,en,
906277130883010560,🍄😈🍄Ƒʉͫcͧкͭιͪηͣ Amy Case🍄😈🍄,IamAmySueCase,#FungiCrew #MonsterPatriotParty #MonsterMadnessMafia #LotLizardSquad #TheGoodestGirl IFBAP! AmySueCase on Gab,en,
1213333466722394112,TrustHim,iamapatriot2020,"I love my President, President Donald Trump. 2020 winner. Landslide",en,
809209289051164672,Comment.reader,iambelle45,"Not a REPUBLICAN, NEVER A DEMOCRATIC!!  #AmericanMade #AmericansFirst #WETHEPEOPLE 🇺🇸",en,
773226821169008640,Heather,iamheatheralice,"Wake up, America!",en,
1626810121,Tyler Hatem,iamTylerHatem,"Photography, politics & food. #MAGA #NRA #NRLC #Conservative #Trump #AmericaFirst #AmericanJobs #AmericanMade #AllLivesMatter #IStandForTheAnthem 🇺🇸🇺🇸🇺🇸",en,
2557469701,Ian Corral,IanCorral_,🇺🇸🇲🇽 | Jesus | plnu ‘23,en,
3754313593,MAGAnificent GAL,Idayhogal,Retired young and loving it. Conservative political junkie. Bibliophile and agronomist. #MAGA🇺🇸 #BuildTheWall #AmericaFirst No Hablo Libtard ❌DM’s,en,
748515756900556801,Idiocracy World #MASKUP,idiocracyworld,Stopping the Spread of #TRUMPISM. Proud Republican for #BidenHarris Educating LowIQAnon's,en,
2884076764,Lynn,IdnewFree,"I'm a Conservative, Texas born and bred",en,
1073806346070446080,11 High Necrolord Idonae of Maldraxxus 11,IdonaeW,🦴Vata/Pita🔥Ecto/Meso🥑Organic🕉️Ayurveda Mind Over Matter🐘Primum Est Non Nocere,en,
795349381578969088,idontneednostinkinCH,idontneednostin,"Aug 1945 - USA ""world-champion"" - CHALLENGED DAILY! - ""standards"" under attack by the GREAT RESET - this time its for keeps.. syntheticmindofcern",en,
33078131,Roughneck Wife,IGotTheMemo,"I believe the Bible & support the Constitution. I love Jesus, my husband & Trump... In that order. And I'm from Texas.",en,
1106147274122579968,8888 New Day 11:11,IHEARHOOFBEATS,Drafted by The Most High for the Battle of the Ages!! Truth Seeker.,en,
2835370158,I Heart America,Iheartamerica_,People are ready for something new. They’re tired of the world’s view. They want to get back to something they once knew. The truth.,en,
21900762,Miranda H,iheartbusterk,"“It’s chaos, be kind.” - Michelle McNamara/cis female, pronouns are she/her",en,
714955981969498112,#KeepAmericaGreat,Ike197077,"Honored to by followed by Charles Payne, General Flynn, Antonio Sabato Jr ,American first - I believe in Trump. retweets are not endorsement Will Follow back",en,
718180530835984385,Jimmy 🐺,illujanist,"Strength and Conditioning, MMA, Doggies, Movies",en,
1063725088632070144,ilovekda,ilovekda1,"𝐸𝓋𝑒𝓇𝓎𝓉𝒽𝒾𝓃𝑔 𝓌𝒾𝓁𝓁 𝒷𝑒 𝑜𝓀𝒶𝓎 𝒾𝓃 𝓉𝒽𝑒 𝑒𝓃𝒹. 𝐼𝒻 𝒾𝓉’𝓈 𝓃𝑜𝓉 𝑜𝓀𝒶𝓎, 𝒾𝓉’𝓈 𝓃𝑜𝓉 𝓉𝒽𝑒 𝑒𝓃𝒹.",en,
542550562,Sieg Heil!,Im_ur_hklbry,Patriot.,en,
25519387,Im a Linda too,ImaLindatoo,Parley over to Parler to find me @ImaLindatoo,en,
1202099152160804864,Hector Eli 🇺🇸🇲🇽,Imhectoreli,"Christian,Husband, Father, Photographer📸 , TX Army National Guard.",en,
1141027800356253698,Jay Myers 🇺🇸,imletter10,"Child of the One True God, Constitutional Conservative. Husband, Father. CPA, Patriot.",en,
1061345798166904832,SouthernMomma,impeachXiden46,Here for politics🇺🇸#JesusMatters❤️🇺🇸FamilyFirst❤️🇺🇸MAGA🇺🇸ProLife🇺🇸Pro2A🇺🇸AmericaFirst🇺🇸 AS Warrior💪 $ALGO $XRP $XLM $BTC $ADA $DOGE 🪙🌚🚀🚀,en,
1061345798166904832,SouthernMomma,impeachXiden46,Here for politics🇺🇸#JesusMatters❤️🇺🇸FamilyFirst❤️🇺🇸MAGA🇺🇸ProLife🇺🇸Pro2A🇺🇸AmericaFirst🇺🇸 AS Warrior💪 $ALGO $XRP $XLM $BTC $ADA $DOGE 🪙🌚🚀🚀,en,
430118889,IMX,imx007,"Proud American, ❤️ my Newfie & GSD's. As a former fetus I oppose abortion. #TCOT #2A #CCW #MAGA #AmericaFirst 🇺🇸 #NRA #Trump #Patriot @IMX007backup",en,
790830852,🇺🇸Deplorable HK,IndependentHK,"RN Neonatal ICU. BA Psych, BA Bio, BS Nursing. LOVE: Our President, Our Republic and Our Vets! Dirt-bikes, Mountain Bikes, Skiing, Mudder, Spartan. MAGA!",en,
820688137,NC,Indepenthnkr,"Wife, mom and independent thinker.",en,
2284064586,IndySpanglish,IndySpanglish,#iBullshitYouNot | Follow on Twitch for livestreams | http://Twitch.tv/IndySpanglish | Indianapolis | Conservative | GirlDad,en,
757446816870830080,💎👌🐸🇺🇸Deplorabus Côvféfèüs Infidelus Rex 👑,infidelus_rex,"🍿💥👌🐸🇺🇸Golden Rule✝💕(🚫 pendejos)🦂|#WLM |Snarky, Non-PC Humor|Truth Seeker|Opinionated|Realist|1A-2A🇺🇸#AmericaFirst 🇺🇸  🚫.📄🚆❄.🚫 ||🖖🌈👨",en,
9118502,📖 infodiva ℹ️,infodiva,#Content editor #NewsResearcher #Reference #SEO #Media #Information #Futurist #factchecking  #socialscience #developer,en,
17074125,Ingvald,Ingvald1,"A Chicagoan, sharing news of interest that informs. Trying my best to keep ignorance out of government,  living simply, and doing my best to no harm.",en,
960968982030356480,Intalekshewal,intalekshewal,Substitute Teacher infiltrating the public school system. I work in a small community and it's worse than you think! #MAGA #KAG #TRUMP2020 I follow back!,en,
912031759432323073,🇺🇸Intellectually Honest🇺🇸,Intel_Honest,Enneagram 8 / Former Cop / Master of GIF’s / Patriot / #MAGA,en,
738070052990275584,Annette Wray,internetsie,Conservative All American Mom #GOD #MAGA #VETS #TRUMP TRAIN #BUILD THE WALL #FAMILY VALUES #NRA #LOCK HER UP #Jesus,en,
979567770827415552,Unabashed,InterritusSum,"Search for truth.
Don't burn books.
Be self-reflective.
Love Christ.",en,
1175969550,Tina Turner,INTinaT,"Runaway spending Grows gov'ment dependency Brings more tyranny! The American Dream is alive, if you embrace it and strive towards it.",en,
3620445316,windsorville,inwindsorville,"UMW Union Local #1403 Conservative values ,Proud #POTUS Trump supporter #AMERICA1st ,#DRAINTHESWAMP ,#MAGA🇺🇸👍",en,
2309160228,Jeff Stein,iowapolitics,"@iowapolitics tweets by Jeff Stein, a 40-year Iowa broadcasting veteran & political analyst. Blog at http://KXEL.com. Retweets/likes not endorsements.",en,
27562033,Lew Ie,iPULLEDaLEWIE,Only the Good Die Young..so i'd rather Laugh with the Sinners than Cry with the Saints!! #KCCO #Cubs #Bears #Blackhawks #Bulls #FLAGators #Trump2020 #MAGA #KAG,en,
1080209683,Iqbal Mohammed,IqbalBarrister,Supposed to be tweeting about the law,en,
263234617,Irene Doyle Sandler,irenemariejoy,"Irene Doyle Sandler:  Joyful Roman Catholic disciple of Jesus Christ, proud wife, Mom, sister, Pro-Life activist & retired broadcast journalist",en,
18284964,Irishjay,irishjay,"Every man dies, but not every man really lives!  Freedom isn’t free...",en,
42224411,iRobo Hamster,iRoboHamster,He's on the loose.,en,
1265985874807926784,Ironpony,Ironpony9,"An Earth lovin' hippie that believes in freedom, guns and Ol' Glory #Trumpwon",en,
1240711302470926343,Steve,IronWorker1980,RETIRED UNION IRONWORKER.,en,
4448866933,#mehtoo 🇺🇸,irvineredneck,"CA Conservative. Father, Believer, Patriot. Follower of Rule 1. Survivor of the China virus.",en,
1517672684,Isaac Benner,IsaacBennerMN,Aspiring CFP | Former @mngop | Perennial Campaign MGR| MN Pol Activist | Romans 8:18 | Labovitz School of Business and Economics | RT’s do not = endorsement,en,
4807248389,MeanPeopleSuck,IsaneForce,"Love for All Americans |
Independent Thinker & Voter |
Retired CIO, In Search of a New Meaningful Mission |
#MAGA Again  #KAG all the way baby
🇺🇸❤️✌️😎🏳️‍🌈",en,
464306907,Mandy 🇺🇸🙄🤪🇺🇸,IsbellRN,"wife, mother, nurse that’s just trying to stay sane and rational in this irrational echo chamber! 🏈🏈🐘🐘 Roll Tide!!",en,
573935794,Mark Anderson,ispyradio,"The fight for Freedom is every day. Christian, patriot, conservative. I host Oregon's 2nd-largest statewide radio show. Yes, Oregon has conservatives. #MAGA",en,
251270758,ST,IsraelUSAlove,We The People can change the world!,en,
79198828,😇,IStateYourName_,"#1 💁‍♀️
HBIC 👸
Never enough ☕
Open Nevada 🇺🇲",en,
2975075685,babygirl,italiaxx25,"Animal lover
#Colts
#Pacers",en,
203123116,questioneverything,itdzntmtr,"“mean”, human rights activist, married to LEGAL immigrant, hates trust&Safety departments ❤️❤️🇺🇸WestCiv & straight, white men PreferredPronoun Your highness.",en,
2483118960,Money Bird,ItsATweetyBird,Taking a Hiatus to Troll the Liberal Trolls. @ItsABird on Parler,en,
1219304087096897536,Brad Ward,itsbradleydavid,Digital & Tech / Current: @ClaremontInst / Deuteronomy 31:6.,en,
315336823,Freedom Fighter 🗣,ItsMeWen24,"I believe in American values! Division created by left is why Silent Majority voted Trump! Super proud Mom, patriot to core! #MAGA #IStandUp #TrumpTrain #Truth",en,
582317634,Linda Messina,ItsonlymeLinda,Self employed artist/designer/illustrator/fabricator,en,
503444105,Alicia J Waters,Itworksalicia,small town girl 💚 mom daughters 💚 married a fisherman 💚 Lymphoma Fighter 💚 OCC Shoebox packer 💚 lover of Jesus & our Panthers & proud Trump supporter 🇺🇸,en,
1431964465,I UV 🇺🇸🗣🐾,IUVPORTAL,A Quantum Playground of Knowing... absent limits. Playing Big as Love Itself. The landscape has changed into Full Transparency. Its all about how we go Forward…,en,
1246487448051474437,Ileana,Ivalla1128,"Love God, my family and America!
Conservative, Republican 🇺🇸",en,
822444246569549824,RedMaine ⚓🇺🇸⚓,IYAOYAS07,"Naval Aviation Ordnanceman retired, a deplorable Mainer 🇺🇸 #myoathneverexpires #MAGA #KAG #Trump2020 #Military #2A #1A #Navy #IYAOYAS  parlor redmaine🇺🇸",en,
1074998814,Spirit of George Washington,izzyrz,"Covid19 is a completely fake virus. We don’t have a new virus, we have fraudulent PCR testing and other common ailments reclassified. Flu down 98% 🤔🤔🤔",en,
1074998814,Spirit of George Washington,izzyrz,"Covid19 is a completely fake virus. We don’t have a new virus, we have fraudulent PCR testing and other common ailments reclassified. Flu down 98% 🤔🤔🤔",en,
770615165603553280,J.Kersey TEXT TRUMP TO 88022,j_iamflynn,"Christian, Conservative, Husband to Laura,  President Trump Supporter #AmericaFirst 🇺🇸#MAGA #ProLife #StandWithIsrael 🇮🇱 #Trump2020 #NRA #CCOT",en,
87516908,J,Jaassson,🇺🇸,en,
550300911,Ms.Woo,jabwood_wood,"Conservative Christian Patriot Grammy 
#MagaDomesticTerroristPatriot
#ProudDeplorable 🇺🇸🙏✝️🙏🇺🇸",en,
162124294,LostSoldier,JACampbell30,"Tattoo loving, motorcycle riding, Scotch drinking, husband, dog dad, Army Vet, proud American. Just a Lost Soldier trying to find his way in life.",en,
869891015813058561,Jack Dude,JackDude20,I'm a conservative cat who lives in flyover country!,en,
248105861,MAGA1776KAG,Jackson2Alex,"Proud Mother, Patriot, Republican, Christian and Trump Supporter! Let’s make 4 More Years happen!",en,
757729404915101697,Jackson Houghton,JacksonHoughton,"ASU * #NOS4A2 * #BetterCallSaul #TWD #FearTWD #BigBrother🇺🇸🇦🇺🇬🇧🇨🇦 #Sequester * Do It Live, Fuck It @AliMusaComedy @RandyWHorton @FrankieRusso1 #Alopecia",en,
2327685612,Jack Sutter,JackSutter,"I play with words, write deranged stories... etc.",en,
884290041014571008,Jacob Partlow 🇺🇸,Jacob__Partlow,“ If Fascism ever comes to America it will come in the name of Liberalism”- Ronald Reagan,en,
488293587,Reality Czar,jacobbradley67,America loving. Conservative Atheist.,en,
3174290591,President-Elect Jacob Clouse,JacobClousej02,proud conservative,en,
1368455522,Jonathan Adamany,JAdamany,"Trust Deed/Pvt. Mortgage Lender.  Intl. RE Investor.  Amb., Belize Commerce Alliance.  Pres., Pacific Symphony League.  PS Exec. Cmte. Mbr.  Board Mbr., AMSOV.",en,
1368455522,Jonathan Adamany,JAdamany,"Trust Deed/Pvt. Mortgage Lender.  Intl. RE Investor.  Amb., Belize Commerce Alliance.  Pres., Pacific Symphony League.  PS Exec. Cmte. Mbr.  Board Mbr., AMSOV.",en,
45085156,45 45 45 45 45,jadedview,"❤️Jesus, my kiddo, fam&friends&45 True colors 🇺🇸 🙏4 US& 🌎 ✝End the Fed, IRS+ALL corrupt gov #FightTheFakeNews #LittleLivesMatter #GodOverGov #DefundCongress",en,
701479838775963650,jagwire,jagwire5,"#Blacks4Trump, proud American, every life matters, USA USA USA, TRUMP DRAIN THE STINKING SWAMP",en,
1656206702,Jake Wolbert,JakeWolbert,"Curious mindset is the goal.
Forex and stock trader
TA is my thing",en,
1086119702764638208,Jimmy and Amy,jakw1018,"🇺🇸AMERICAN PATRIOT! Lucky husband & proud #MAGA. Huge fan of @RealMattCouch and his publications.

I only follow and follow back MAGA supporters.",en,
301006691,Dorothy Prater🧡🧡🧡,jam15614,"Great grandma. Protector. Don't count out the older generation. We are survivors. #MAGA   I am a She, a He, a Her, a him.
I AM EVERY AMERICAN. #AFighter",en,
135346608,James Abrahamyan,JamesAbrahamyan,Animal Welfare Voice | Bluecoat Alumni | Musician...well actually just a drummer | Supporter of Armenians' right to live peacefully in their own lands 🇦🇲,en,
1206729455663759360,James Joseph D.,JamesCh20841381,"Motorbiking, Fishing, Hunting, and Stalking Not a fan of Dogs & Genealogy",en,
102252387,🇺🇸Election Fraud is Treason 🇺🇸,jamesdeocks,"Individual Liberty, Purposeful Life in the Pursuit of Happiness while Living the Golden Rule 🇺🇸⚾️🚀🛥🛤📻🏴‍☠️ BTC: 3NRqQ7Wv9tWyehkXAZ8dTLhCkrP4MCGTYs",en,
936983785068945409,🍊 24/7 VOLunteer 🍊,jamesesmithjr34,Proud member of #VolNation and #VolTwitter,en,
30395344,James Jones,jamesjones21,"Looking, Longing, and Living for Jesus.",en,
3002158545,James L. Carrig,jameslcarrig,✝️🇺🇸🐘 | @LibertyU History | 👰@AdventureofSair 25 July 2020 | American Flag Guy @ChrisHoward007 | Preferred pronoun: Sir,en,
704126462840864768,James Murphy,JamesMu67992670,"I'm not looking for a date ! #MAGA. Love President Trump, America, our Armed Forces, our First Responders and Animals. No DM's .",en,
64530824,James Nava,JamesNavaCom,"Escritor, inversor, asesor militar y de inteligencia. Fundador & CEO Sniper Books. Writer, investor, military & intelligence analyst. Founder & CEO Sniper Books",en,
704454997480644609,Never New Normal,JamieTFox,"Turn off the TV. Read books. Buy land, grow food. Speak truth. Homeschool your kids. Build community w those who value freedom.
This is the way.",en,
1237191098461642752,Jana R Bess,JanaRBess,"Writer. Beltway politics. B-movies, film production. #MutantFam #TheLastDriveIn #TRAITOR #FatherofLies #TrumpFascists2022 #TrumpPutin2024",en,
32509756,jebby,janconcern,"Catholic American love our imperfect USA.Racism,bigotry is ignorance & color blind. Immigrants have responsibility to Americans-assimilate & be productive.#MAGA",en,
620925077,Speak Truth! Act on Truth!,JanCookLive,Consultant | Earn respect from those deserving | #PlaceGodFirstAgain ✝️ | Momma to Augie 🐶 | Follow on Parler @JanCookLive | Gab @JanC | CloutHub @JanCookLive,en,
372882140,Jan Nolin,jandnolin,I am married and have three boys. I am a homeschooling mom and a personal trainer.,en,
1077194684,👩🏼‍🎨💥Janet💥,JanetMLSimons,"🚫#Socialism/Marxism🚨God bless America, the land of the free🚨BS Graphic Design/Illustration♥️WE THE PEOPLE♥️Catholic✝️Adopted✝️USA1st🇺🇲🚫Dominion💯MAGA🥳💥",en,
1372235592,🇺🇸 One Tweet At a Time 🌟🌟🌟,JaneToegel,🇺🇸,en,
906610611815141381,Janet Stevenson,JanetSt0831,2020 will either be the year we save America or the year we lose it all. #Trump2020 #AmericaFirst #2A No DMs Parler @Janet68,en,
826243427872280576,Damn it Janet ❤️🇺🇸,JanetSYoung1,Texas proud so don’t California my Texas!,en,
1258029949077934080,Not so plain Patriotic Jane❤️🇺🇸❤️,JanielovesDJT,"RN,Mom,Wife,Musician,Patriot,RealtorVets 1st🇺🇸 BackTheBlue🐶❤️KAGA,IFB,Dems=sociopaths F/B @realEricCarmen, @RealMattCouch @RobbyStarbuck,@ChizMaga @aTeXan575",en,
884108075409563651,🇺🇸JanPack,Janpack00,"#MAGA.🇺🇸 #KAG 2020 #TheBestIsYetToCome
#BackTheBlue",en,
727705955492888577,Iberian Peninsula Doctor-Elect Schotzy K,JardineKari,Army Veteran.  Mom.  Instagrammer.  Unprivileged.  Will not engage with foul-mouthed/anonymous trolls. No DMs.  No trains. #BuildTheWall.,en,
234470296,Jared Tate ©️,jaredctate,#DigiByte @DigiByteCoin #Blockchain Founder | Author: Blockchain 2035: The Digital DNA of Internet 3.0,en,
1069820899,Jarrin Jackson 🇺🇸🐙,JarrinJackson,"✝️ - 🇺🇸 - bible-believing Christian, combat vet, patriarch, patriot, homesteader. 🐙",en,
2769121469,JAYHAWK #ISALPT,Jason_4_truth,A Native American from small town in South Carolina that just wants to have a equal voice in The Big World of today it's heartbreaking to see what's happening,en,
939641580566335488,Jason Calabrese,Jason_Cal1,"Born on Flag Day, I'm as Patriotic as you can get. I tell it as I see it.",en,
2325924517,Jason D. Meister 🇺🇸,jason_meister,"As seen on Fox News, Fox Business, Bloomberg, Newsmax, One America News / Trump Advisory Board Member / Published Opinion Writer 🇺🇸 RT's aren't endorsements.",en,
84965158,Wildcatter Jason,Jason4CrudeOil,"""Blood May Be Thicker Than Water, But Oil Is Thicker Than Both""",en,
1144424830101573633,JSpencer,Jason55393764,"Husband, father and coach.",en,
2623961134,Jason Fitch,jasonfitchmusic,Americana Singer/Songwriter ..New release BROKEN WING Oct 16.. A musical diary of @debifitch60 battle w/#cancer ..BROKEN WING is our story.,en,
3232044576,NORTH,jasonfnorth,“Acceptance. Forgiveness. Kindness.” —- Adventurer | Husband | Dad x2 | Startups | Software | Investing | Music,en,
1046843958310125574,AngryJason,JasonVffv,Veteran of the World's finest United States Navy Seabees. I can't image what empty heads can achieve. But it scares the bajeezus outa me! كافر,en,
4917112757,Patriot Party of Florida,JAXPatriotParty,Proud supporter of our military & law enforcement. Defender of the Constitution #BlueLivesMatter #PatriotParty,en,
12475032,Mean-DeplorableJay 🌄🇺🇲⚓,jay6018,"Husband, Father, Vet. A protagonist in the fight to save the U.S. Constitution. #Trump supporters Welcome ! I Follow all Back! #MAGA #KAG #USMC #USNA",en,
74184169,🍃🌸 Gerry 🌸🍃,jayhawksubofan,Susan Boyle fan ~ I ♥ Susan! Member http://forum.susan-boyle.com/index.php #MAGA,en,
1237042983800696833,Jayne,Jayne_Banks_,Team Deplorable🇺🇸 Native San Diegan☀️,en,
20889358,Jayne,Jayne720,"In each human heart are a tiger, a pig, an ass and a nightingale.  Diversity of character is due to their unequal activity.  ~Ambrose Bierce",en,
20889358,Jayne,Jayne720,"In each human heart are a tiger, a pig, an ass and a nightingale.  Diversity of character is due to their unequal activity.  ~Ambrose Bierce",en,
524758567,Elania 🇺🇸,jazeemom,Follower number stays frozen at 1316. 🙄 Mom of 2. 🇺🇸🇰🇷🇿🇼🏴󠁧󠁢󠁥󠁮󠁧󠁿,en,
79574142,Jasmine,jazziehill,https://stopthesteal.us/,en,
761796509411053568,JB,JB__Cali,"January 20th 2017, will be remembered as the day the people became the rulers of this nation again- President Donald J Trump",en,
761796509411053568,JB,JB__Cali,"January 20th 2017, will be remembered as the day the people became the rulers of this nation again- President Donald J Trump",en,
1511296908,The Brinkster,JBKnowingly,"America is prolly f*cked, so I'm going to the Moon🤑",en,
1066011724472557568,Blake Chambers,JBlakeC1,Aye,en,
4720129308,AMERICA FOREVER,jbootsaz,I will no longer be silent against the global siphon of every freedom we hold dear! Gab & Paler- @jboots821,en,
2230795552,BamaGirl🇺🇸,jbschneider63,American by birth. Southern born in Alabama by the grace of God.  Roll Tide!,en,
705903542049976320,Stop Suppression,JCBaileyHickman,"Wife, mother. Ex-Democrat. Highly opinionated, sometimes sarcastic, sometimes with a dash of humor. Free to speak on other social media outlets.. search & join",en,
264399170,Joshua J. Chapa,jchap2150,I’m a honest truth telling son of GOD. Musician who enjoys expressing himself on the keyboard. 🎹/⌨ Learning to code,en,
60733777,T,jcmthe4th,"Husband, Father, Management Professional, American.",en,
776256071237242880,J C,jcorrigan22,"#BlueLivesMatter,, Law and Order",en,
345629680,BidenCheated⚡👷,jcvolt,Deplorable Nationalist. #MAGA  If they can bring in all these troops to protect crooked Democrats why couldn't they protect our cities from BLM/Antifa or border,en,
248214882,WhiskeyTangoFoxtrot,JDeLay75,"GOD, COUNTRY, DONALD JOHN TRUMP! 🇺🇸
#AmericaFirst #MAGA #BLM IS A MARXIST HATE GROUP
Proud Boys Aren't Racist, but Joe Biden is",en,
465930776,Jude DeSilva,Jdesilva32,Laura Jason is my girlfriend.,en,
48495293,Jason W the deplorable chump,jdeuce78,"Husband, Proud father of 3. Love my country!!! 🇺🇸Love my LV Raiders. Tired of the nonsense. Raise em right!",en,
2178489996,Joseph Morgan,jdmorgan11,"Teacher, tutor, thinker, historian, lover of sports. #MAGA, #Patriot, #Conservative Congressional Candidate for CD2, AZ",en,
361401224,Jeana_CueQueen⭐,Jeana_CueQueen,#MAGA 🇺🇲 #Cue follower since the beginning #PrideFamily #SheepNoMore   Redpilling all the way. Parler @ThankGod4DJT #IFBAP,en,
37584540,0000Jeane00000,Jeanelynn,"This is my account, not yours. Educate Yourself! 🇺🇸God Bless America!🇺🇸",en,
920263177530695682,jeannasoutherngirl,JeannaNorrod,"christan,respect the flag, hardcore 2ond amendment. love the constitution. I am a Trump supporter.southern by the grace of God.grandson is a conservative. NRA .",en,
885278784303312896,Jeanne McQuerry,JeanneMcquerry,"#Jesus , wife, grandmother, Pro-Life, #MAGA, #TRUMP2020, 🇺🇸🇺🇸🇺🇸",en,
818296185194561540,Jeannette Hawkes,JeannetteHawke1,I am a conservative  in a very liberal state. President Trump supporter. I am married.,en,
750496254,Kristine Giannini,JEBHR,"Walking Dead Fan, Love Horror,Science Fiction,Mysteries, Love a good comedy now and then!!!!!!! And A Patriot!!!!!! MAGA!!!!!!Voted For Our President!!!!",en,
778250587326517248,AN AMERICAN 🇺🇸,jeepgirl9272,🇺🇸 USA 🌟 NO DMS. NO TRAINS OR LISTS RIGHT NOW.,en,
1529448486,Jeffrey Munn,Jeff_MFT,Author of Staying Sober Without God. Pro sanity and civil discourse (when possible). I try not to engage with fundamentalists and often fail. #Sober #Atheist,en,
35725414,Jeff Adams,JeffAdams82,"Hey, what happened?  Opinions are my own.",en,
750528548,JC🇺🇸🔱🍀,JeffCarter1213,"Husband to my wife of 38 years, the best thing that has happened in my life.",en,
188158173,Don't Have One 🇺🇸,JeffChanceUSA,Trump,en,
19602393,Jeffery Clark,jefferyclark,"Conservative Trump Supporter. Conversation welcomed. Respect is returned, disrespect is ignored. @jefferyclark on Gab",en,
19602393,Jeffery Clark,jefferyclark,"Conservative Trump Supporter. Conversation welcomed. Respect is returned, disrespect is ignored. @jefferyclark on Gab",en,
19602393,Jeffery Clark,jefferyclark,"Conservative Trump Supporter. Conversation welcomed. Respect is returned, disrespect is ignored. @jefferyclark on Gab",en,
950807625914048513,Jeffery Jamison,JefferyJamison9,Doctor at Children’s Hospital in Colorado,en,
394404097,Liberty Warrior,jeffhanson9,"Helping http://Infowars.com and banned .video #MAGA #2A ""Americanism not Globalism will be our credo"" Take the Red Pill @ libertywarrior on GAB",en,
1158818197,Jeff,jeffhyde28,"Sales Professional, Fan of the #FloridaGators 🐊#PittsburghSteelers ✨ #BostonCeltics ☘️",en,
2358576582,Jeff Kay,JeffKay001,"Modern Rock/Metal Guitarist based out of Austin, Tx -
Patriot, Devoted Husband, Army Veteran, and Disc Golf Enthusiast same handle @ Parler/Gab",en,
1420905277,Jeff Landrum,JeffLandrum3,SMU Law 2015,en,
3060600533,Jeffrey Olson PATRIOT,Jeffrey32731697,"Freedom loving Patriot God is my King, Jesus is my Savior and Trump is my President",en,
1238839159810330625,Jeffrey Grasso🇺🇸🇮🇹🏳️‍🌈,JeffreyGrasso3,"Catholic, college grad, former family business owner, Lover of the Lord Jesus Christ. Capitalist consevative  American-Italian Parler:@Grassojeffreyp",en,
29398698,Jennifer Lynn Lawrence,JenLawrence21,#MAGASellout Tour 🇺🇸Comms Director @webuildthewall 🚧 IG- jlaw143 🌴#marchfortrump FOR INTERVIEWS: realjlawmedia@gmail.com,en,
708125409334812673,Jennifer,Jenluvalatte,Cannot live without iced lattes! Love Trump.  Support MAGA Coalition!  Go to http://magacoalition.com,en,
975362405248225285,jennifer adams,jennife15241922,"God Fearer and Follower of Yeshua Jesus|❤️My Husband, Children and Granbabies| Pro-Life|Back the Blue|Patriot🇺🇸🚂 MAGA|I stand with 🇮🇱 |NO DM❗️#LoveAmerica",en,
1255207844422381568,DeplorableJenniferRoberts,Jennife15496769,One Horse Pony. #WomenForTrump #truth Trump2020. #TruthBeTold. Not a bot 🇺🇸🇺🇸🇺🇸👍🐎🐸 #TrumpForever #WomenForTrump  #BidenWillNeverBeMyPresident,en,
80037303,Jennifer Howe,jenniferchowe,I hope I think before I tweet!,en,
876867968,Jennifer Alford,JenniferHAlford,“Sometimes the best way to figure out who you are is to  get to that place where you don’t have to be anything else.” ❤️,en,
160634155,Jennifer Herbs ❤️🇺🇸,JenniferHerbs,"Wife 👩‍❤️‍👨 Mother🤱🏻Vegan 🥗 Realtor 🏡 Gardener 🌱Embracing life, love & peace in my heart. ☮️ But make no mistake - I’m also no one’s door mat. ❤️🇺🇸",en,
1014248527,Jen🇺🇸🇺🇸🇺🇸,jennifermcfarl4,Happily Married 38years/ Born-Again; Wife & daughter of veterans #TrumpWon #BlueLivesMatter #SchoolChoiceNow,en,
19220930,Jennifer Nace,jennifernace,I love a good mystery.,en,
21013005,"Jenn ""Don't Mask Me"" Jordan",jennjordan,"Paid to ""Google"" and tweet stuffs. 😂

If you think my opinion speaks for anyone else, you're the dumb one.",en,
22223902,Jenny Hatch,JennyHatch,Singing and Dancing in my Kitchen...,en,
468930205,JennyJen,JennyJen68,"#SouthFloridaNative
#BrowardCounty",en,
36817896,Jenny Reinkemeyer,JennyReink,"Christ follower, wife, momma, PATRIOT.   🇺🇸President Elect🇺🇸",en,
734752946605395968,🐻 President-Elect N. Bear'naparte🇺🇲,jer0nimo0l5en,"When great forces are on the move in the world, we learn we're spirits, not animals. 
Si vis pacem, para bellum.
#TEAMTRUMP🇺🇸 #HWMF",en,
4810052236,#ItsNotAboutTheVirus,jeremiah5244,"#MAGA, Christian, Southern boy, Married, Conservative/ Libertarian/ Constitution. BA  in Interculturalstudies & WorldReligions #RollTide Q",en,
1191065519824224256,Jeremy Flores,JeremyFlores34,"I love Jesus, I am a proud American, I live in Texas, I Pray for Isreal",en,
371137369,Jeremy Helsel,jeremyhelsel,#MAGA🇺🇸 #Trump2020🇺🇸 GOD BLESS THE 🇺🇸🇺🇸🇺🇸,en,
89302931,EscapeVelocity2021,Jereqb,Come with me if you want to live! 👋,en,
18726975,Jerie Black 🇺🇸 🇮🇱,jerieblack,LSU GeauxTigers💜💛🏈~PhxSuns🏀AZD'backs⚾️~ politics~☕️🐶🧊🥃~🇺🇸~NRA~my twin sons🐯🐯LSU’13✡️I Don’t Do Calm~I’m a Jewish Mother✡️ ➡️Give2Goodwill~ ❤️Pebble⛳️,en,
3896154314,Princess👑⭐️🇺🇸♥️,Jerri23548411,I love America 🇺🇸 Living my best Vegas life 🤗 MAGA 🇺🇸,en,
15543780,jerseytigger123,jerseytigger123,"#KAG #MAGA🏛️🇺🇸#Trump2020 #UniteNJ 🇺🇸Proud American Patriot 🇺🇸""When government fears the people, there is liberty. When people fear government, there is tyranny""",en,
4196754560,WA girl 4 Trump,jess7719,"Once a steadfast democrat but now just independent.
This is not about party it is about draining the swamp & reclaiming our country! #WalkAway",en,
160588319,Jessica Moore,JessaMooreMedia,"PR Girl to the Stars-JK, I want to make the world better. Media Defender,writer, frustrated actress#Resist-opinions mine",en,
1247508888,Jessica,JessFagerstrom,upstate NYer living in a northern Cali world #SemperFi 🦅🌎⚓ #USMCveteran MarineMom #ProLife libertarianish introvert #onepride ♥️sarcasm (rt ≠ endorsement),en,
706674146135117826,Jessica@floridagulfc,Jessicaflorida4,"Mother, wife, Christian, #MAGA, Conservative, #neverhillary, UGA Alum, Georgia Peach, News junkie...Florida voter!",en,
1083392389753028613,sticks,jetfan4life5,"I stand with trump maga,kag trump 2020,life is truly too short to be so sensitive..but dems are lost...#sportsbetter #trumpsupporter so will see both on my page",en,
811654652,Julie B.,jewelingbee,People are fantastic works of art and laughter is the best medicine. Love of God country and Animals having respect to those who stand to protect them all! ✨💖✨,en,
3384262751,Jews For Trump,JewsForTrump,Jewish Americans support @POTUS @realDonaldTrump; a friend of the Jewish community and a supporter of @Israel. Retweeted by the President! 🇺🇸 #JewsForTrump,en,
981819236992634880,Jan in Tennessee,JGailThornton3,Christian believer,en,
2407450727,The Blues Evangelist,jgparks482,It is when a people forget God that tyrants forge their chains.-Patrick Henry,en,
2407450727,The Blues Evangelist,jgparks482,It is when a people forget God that tyrants forge their chains.-Patrick Henry,en,
243944088,🇺🇸JHartTX🇺🇸,JHartTX,A Texan first who is also proud to be an American,en,
732590070,Dr. RedPill,JHHalpern44,"Trump won, I know it, you know it, they know it! They let the steal happen. Anyone who could do something about it chose not to! We are not going away! MAGA🇺🇸",en,
60257586,dr jiggly nubbins,jigglynubbins,small town doc #BLM #mmiwg 🏳️‍🌈,en,
2297769702,Jillian Johnson (@Jillianjohnson26 Parler),jilliej26,"Amazon Influencer #Christian #ProudAmerican, #MAGA #KAG #Trump2020 #TrumpTrain #StandForTheFlag #ProLife #BuildTheWall #NRA",en,
89826972,𝙹𝚒𝚕𝚕,Jilljeanne,"Live life, then, with a due sense of responsibility, not as men who do not know the meaning & purpose of life but as those who do. Make the best use of ur time.",en,
402912676,Jim Harrison,jimaggie93,#CCOT #TCOT #JesusIsLord #RetiredUSAFUSN #OEF #2A #ΜΟΛΩΝΛΑΒΕ #BuyAmerican #LGBTQIsWrong #VoterID #DeportIllegals #DefundPP #TGDN #MAGA #GigEm #Aggies,en,
3634108280,JimFCoach🇺🇸,JimfCoach,"Christian family man, All-star coach, outdoorsman & conservative outlier in CA. #DataScience #Porsche #MAGA #KAG #MCGA",en,
24589898,jimir🇺🇸,jimiare,The opinions and comments are mine.,en,
2992528480,Jimmy P,jimmyp_106,"Diehard Pitt fan.  Born and raised in the Burgh.  Also love Steelers, the Buccos, Pens, tailgating, Jack Daniels and beer.",en,
22180314,DatAmerAsianDude,JimPok,"Bill of Rights, Freedom, and Truth. Southern raised Army Brat. I know things.",en,
244128517,Just Jim,JimWFossum,#DoWhatMatters #iFollowJesus #WeAreTheChurch,en,
404200443,JiNan Glasgow George,JiNanGlasgow,Global IP Strategist. Patent attorney. Entrepreneur. Investor. I believe we are created in God's image & likeness -- we all have the power to create!,en,
632413348,TheRightSnark,JinxOfWV,Work hard. Play fair. Love your family.  Be  a friend. Provide solutions.  Squeeze in some golf. Be mildly deplorable. A little snark is a good thing.,en,
1954925894,Dilip Jivan,JivanDilip,"Unhyphenated American
Constitutionalist.
  
Ronald Reagan: ‘If Fascism Ever Comes to America, It Will Come in the Name of Liberalism’.
  
No DMs please.",en,
826129656856207360,Joni Job,jj_talking,#KAG #MAGA FOREVER Parler @JoniJob,en,
826129656856207360,Joni Job,jj_talking,#KAG #MAGA FOREVER Parler @JoniJob,en,
59579313,Janine Sinkey,jjalameda,"NORCAL girl who's all about family, her animals, working out, craft beers and whiskey, not necessarily in that order. #FBdisabledMe, on Parler @Jjalameda",en,
330675150,❤️ Katie Yonke ❤️,JKHomestead,"🏡 ✝️ 🧀 🇺🇸👨👧👦👶

Gab: @JKHomestead

Trolls and haters will be blocked. 😘",en,
302432309,ElleBee ⚯͛,jl_213,"That might sound boring, but I think the boring stuff is the stuff I remember most.",en,
791094754461319168,JLD,JLD_SC,"Three super kids, three crazy dogs, one wonderful husband, zero tolerance for stupid",en,
464189079,I am 1 of #TheMighty200 - Joseph M Lenard,JLenardDetroit,DuckDuckGoSearchMe ❤️#Jesus #Conservative #GOP #MI #ExNeverTrumper  #Trump2020  #TheMighty200 (#ImOneOfThePoliticoTargeted: https://t.co/z4m9QtLvwT),en,
307316295,Jamie Frasier,Jljfrasier,"Follower of Christ Jesus, Mom, Grandmother, Conservative, pro-life, avid gardener. Parker: Wrldvw",en,
923200791904702464,MAGA The New GOP,Jlk4USA,"I support my God, my Country and my Family. We must look back to determine our path forward. #MAGAFOREVER",en,
1242149834737553409,Jack Maccrone 🇺🇸,jmaccrone9,#DDTG,en,
1254840299328884740,James Madison,JMadison1788,It will not be denied that power is of an encroaching nature and that it ought to be effectually restrained from passing the limits assigned to it.,en,
3324710323,Patriots Sm Business,jmf4101,We are a small business & group of patriots dedicated to ethics & support for the Peoples President Trump #MAGA #KAG! #KeepAmericaGreat! forrest.ink@gmail.com,en,
3351572529,Goose Jones,jmjones2207,︻╦╤─,en,
28011494,JMR,jmrmom,"wife,mom,sister,daughter,teacher,friend,bc survivor,christian",en,
18411221,jmsobear 🌟🌟🌟,jmsobear,"Business professional, love my country and flag and my family especially the Binks",en,
229640679,#74MillionPlus,jmurd911,I'm a lurker more than anything. champion binge watcher,en,
229640679,#74MillionPlus,jmurd911,I'm a lurker more than anything. champion binge watcher,en,
40330364,Jennlee_Nar0223,jnaranjo0223,Proud Republican and Trump Supporter!,en,
788096343763890176,"JNewi (P=@JNewi, Gab=@JNewi)",jnewiMAGA,"Soul mate of Calvin.  Proud American, Proud Texan. Proud NRA member. Husker Football. Believer in One Nation Under God.  NO DM  1A, 2A. MAGA",en,
1410352262,Jeff Noble,jnoble2345,Realtor Hockey/Softball Dad Husband #MAGA,en,
375720051,Joe Rizzo,Jnriz3,"Husband, Dad and Chicago Sports Fan who bleeds Bear blue and orange.",en,
176568900,🇺🇸🇺🇸 Jason 🇺🇸🇺🇸,jnunez56,Happily married. Christian. Husband. Father. Adoptee. Adopter. Proud American. #Trump2020,en,
1145782633420533760,Hmmm,Jobu_RefillFF,"Central Alabama born and raised, on the baseball field is where I spent most of days. Loves God!",en,
80952639,Jody Butler / Travel Agent,jodygail07,Psalm 46:10 #Mom ❤️#CoachWife 💙 #Wildcats 😼 #CowboysNation ✭ #ThunderNation ⚡️ #TravelAgent ✈️ #MAGAPatriot 🇺🇸,en,
4822750516,Joe Allen,joeallenii,"Dream Big, Work Hard, Succeed!! Father, Entrepreneur, Retail Stock Trader",en,
24751204,Joe W,Joebutnotexotic,Believer 🙏 Husband 👫 Father 👪 iPhone 12 Pro Max📱 IT guy 💻 Pro 2A 3% 🔫 #BBN #GoCats #WeAreUK #FaithFamilyFreedom,en,
461539835,Jo,JoEllenHenderso,"I believe in freedom of speech for everyone, not just people who agree with you. I believe every legal vote should count.",en,
328605026,Fake News Sucks,JoeMackie,Proudly resisting entertainment media disguised as news and objective journalism.,en,
328605026,Fake News Sucks,JoeMackie,Proudly resisting entertainment media disguised as news and objective journalism.,en,
241883170,down-under,JoemalWarnak,"🇺🇸🇦🇺🇱🇰 No nonsense talk, straight from heart and saul.",en,
26417193,Joe Pembitcoin 🪙,joepemberton76,Communications and tech. One of the believers.,en,
471468512,JoeRo,JoeRo_21,1/5th Dynasty. DJ/Producer… NYC. #Ultranaut2021*👽,en,
738086854084419585,Joey Mattei,joey_mattei,UofSC broadcasting journalism,en,
2464531234,Joe Bag O'Donuts,JoeyNada76,Trying to make sense of this world one shattered illusion at a time.,en,
1178101622750269440,Joey 🇺🇸,joeysmichael,"Proud #Texan Proud #American #Patriot !USAF Veteran, Freedom Fighter, DJ,Surfer, Writer, Producer, Entrepreneur,Rts Dont equal endorsements!",en,
3380466244,Cant Stop My Toxic Masculinity,John_Demp83,"@townhallcom columnist | IG:@thetoxicman_ | More masculinity, less beta | https://t.co/SEdwVfT7Q2 | #1A #2A | Constitution | Democrats are dangerous to #freedom",en,
2555725525,John Marion,John_Marion_II,Agent On Duty podcast. The Agent Who Buys Houses. Real Estate Investor & RE/MAX REALTOR®,en,
1174194700686958592,John West,John_WyCo_West,🇺🇲 #ImpeachBiden #MAGA #Veteran #USMC #Westerner #LoveWyoming #Freedom #2A #LoveAmerica #Independent #CowboyCode 🇺🇲 #Constitution 🇺🇲 #1A #FreeSpeech 🇺🇲,en,
1265676685954908165,John,John27490748,I’m goth and against this covid19 bs only the mindless can be controlled I for one am taking a stand and yes I’m single Interested in Women 😜😉,en,
565931647,JMG,john62361,"Christian,  GOD, Family and Country! American #Patriot Land Of The Free, Home Of The Brave "" If You Don't Love It, Leave It""!   #KAG  🚫BIDEN",en,
4839027748,John Barnwell,JohnBarnwell888,"Author, Cultural Historian, 
American Intelligence Media Americans4Innovation  
Books: https://jbarnwell.academia.edu
Donate: http://paypal.me/johnbarnwell888",en,
344892125,President-Elect John Bender 🇺🇸,JohnBender2016,Lifelong Dem who is sick and tired of the Corruption by our Leadership in Washington. All aboard the Trump Train! #KAG2020,en,
1002669162517262341,John Cord Books,JohnCordBooks2,Untaught Revelations. Law#1 (The All of The Law) supersedes man's laws. Publ Co closed; Videos created/sent to Leaders. Overcame Religious Abuses thru Studies.,en,
1239302803832668161,Kilgore Trout,JohnGal72674903,"Kvasinky pojídají cukr, dusí se ve vlastních výkalech a diskutují o smyslu života a vzhledem k jejich inteligenci neví, že vyrábí šampaňské.",en,
1266185288,John Giraldo,JohnGiraldo15,"🇺🇸☀️ Si me sigue, lo sigo.
Si su ideología es de izq, busque la salida al fondo a la DERECHA. Con la izquierda, ni pa'subirme al bus!
https://t.co/xOXURXmksx @johngiraldo",en,
1266185288,John Giraldo,JohnGiraldo15,"🇺🇸☀️ Si me sigue, lo sigo.
Si su ideología es de izq, busque la salida al fondo a la DERECHA. Con la izquierda, ni pa'subirme al bus!
https://t.co/xOXURXmksx @johngiraldo",en,
93976042,John Curtis,Johnmcurtis,"father, patriot, amateur life liver, waste conscious environmentalist, drone pilot, and photography enthusiast. lord / laird",en,
1181247812954181632,Johnny Lazer,JohnnyLazer4,Witty Aquarian with a big ❤️,en,
44942297,Johnnymauler 🇺🇸👹🍷🏒🎸,johnnymauler,"Hockey, Wine, Food, Politics, SciFi, Cars, and whatever else.

Father, husband, and Patriot!",en,
485259150,MCALLISTER57,johnnyredbank57,"God, Family, Country 🇺🇸 Retired X 2 🚓 ✈️, ⚾️ CINReds, CHALookouts, TNVols 🏈, TN Titans, 🏈NSHPredators 🏒 NASCAR 🏁 #GOP 🇺🇸 #NRA",en,
69672049,John Salmon🐕,JohnSalmon859,"Pro-life Catholic. Psychology, stats, trumpet, jazz, climate change hysteria, cars, baseball, aviation, crypto, chess. Psychiatry needs a new paradigm.",en,
2772974411,Johnny! Johnny!,Johnstew619,stuff and stuff. San Diego San Diegoan,en,
1047979705318744064,The Office of Johny De Plorable,JohnyDeplorable,75 Million Strong,en,
57012308,Ralph L Santovenia,Joker961,"Constitutionalist, Former Army grunt... FPS gamer, lover of premium cigars, & single malt whisky
I follow back most folks who aren't obvious bots or catfishers.",en,
1039712409412399104,JDPugman,jon80182516,If you like #DOGECOIN and free fair elections. This is the page for you!,en,
963388658,Jon Carter,JonCarterUSA,My Fellow Americans... Boca Raton Community Advisory Panel & Youth Subcommittee Chairman. Rotarian. Proud American. 🇺🇸 Views are my own.,en,
39221364,Jonesy,JonesyInTexas,"Conservative Texan. Most Democrats are far too much occupied with themselves. 
#DrainTheSwamp #DemocratsHateAmericans #DemocratsAreCorrupt",en,
1017802052146167808,Jon Loveless 🎙️ 🎧,jonloveless,"Business man, podcaster, and minister. Host of The Jon Loveless Show. I teach self-improvement & a down home approach to a better life. #BetterStrongerFaster",en,
299477394,⭐El Scorpio⭐,jonnyRevv,🖕🏿 It/that/whatever.     #WAR,en,
1289139078,Jooles,JoolesAdams,"Conservative, passionate dog rescuer, lover of Clemson football",en,
486223134,Jordan M 🇺🇸,Jordan4liberty,"#Bitcoin Freedom Lover, Gun owner, Crypto Investor and much much more...",en,
1254099266005381121,Jordan Juarez,JordanJuarez4NM,"Husband, Proud Hispanic-American, Manufacturer worker. America may not be perfect but she will always be Great and we will fight to keep her Great!",en,
167625243,Jordancook,JordanMcclane,"American, married to an Australian, believe in faith, freedom, peace, and love. 🇺🇸🙏🏼🤍",en,
2349574291,Jordan Older,JordanOlder_,Jordan Older is the 1st American to join a team in both Brazilian 1st Division (Serie A) & Paulista Championship 1st Division (Serie A1). USMNT training camp.,en,
1886674237,NOTMYPRESIDENT #Impeach46,jordanprincess2,"Pro Life, Pro 2A, Love God, Family and USA , MAGA 🇺🇸🇺🇸",en,
84204483,Sarmo,jordansarmo,▫️Speak Truth Without Fear 🇺🇸 ▫️Music Producer ▫️Click link below for all my UNCENSORED Content⬇️,en,
250691621,JORGE NY #WearAMask 🗽🌊💙,JORGE_C_NY,@ClubAmerica 💙💛  Is A Pro Football Club (Real Football⚽) Based In Mexico🇲🇽 City Since 10/12/1916. Home Ground: 🏟The Legendary & Historic @EstadioAzteca 🏟️,en,
920534548252827649,President-Elect Jorge Madison,JorgeM223,Christian. Patriot. #2A #MAGA,en,
59659926,"Jake, President-Elect",jorville,"32, wife, 3 daughters and one son, love history, reading and roleplaying. Christian Nationalist, nuclear ET in the navy.",en,
830988254275055617,Jose Cortes 🇺🇲,JoseCor50922520,"God-man, Father, and Patriot. 
Persevere in prayer, watching in it with thanksgiving- Colossians 4:2 
http://Gab.com/Cortechjoe",en,
2379182562,Joseph Stanley,JosephStanley82,"Conservative, Christian, Pro Growth Limited Government, Proud Deplorable, Chump http://stopthesteal.us http://joebidenissick.com and is #notmypresident #resist",en,
787468224023498752,Josh,JoshCherian21,Dallas 😁,en,
15281435,Joshua Chase 💎,joshuapchase,Christian | Conservative | Constitution | Nationalist @terazinamae ... @caedenjchase ... #MAGA #2A #NRA #covfefe #ChooseLife #GoArmy #retweeter #carnivore,en,
3105046843,Josh LaBate,JoshwmlL,"For I know the plans I have for you,” declares the Lord , “plans to prosper you and not to harm you, plans to give you hope and a future.
Jeremiah 29:11 NIV",en,
131280074,Joy Carmody,joycarmody,"Retired, never-ever Trumper. Book & food lover. Proudly Jewish. BLM,Yo-Semites welcome, Proud resistor🌊🌊🐕#resist",en,
747965454,joyce sibberson,joycesibberson,"Widow, mother of 2, gmom of 4! Love animals.  God and country first",en,
981118670092013568,Melody Morris,Joyful_33,"I'm a Christian, Patriot & Trump supporter! #ForGodAndCountry 🇺🇸🦅💗",en,
724599002,Joy Overbeck,JoyOverbeck1,Radical Conservative writer/GodFan annoying libs w/pcs @Townhall  @WashTimes @DailyCaller - activist FB page Get Er Done Right Colorado #MAGA,en,
343318422,Joy  Harris,joyus1793,"Hi I'm Joy, I'm 27. I've been in the U.S. Air Force for 8 years I'm Pro-life, Pro-Jesus, and Pro-American #blexit",en,
1117387074041253888,👀👀👀👀,Jp3Mn,"Biden is not my President. 
BLM =Marxist. Sleepy Joe and The Hoe",en,
74895418,Jeyendran Balakrishnan,jpbalakrishnan,Data Scientist California Yale Tamil Brahmin Vegetarian #EstablishmentDemocrat #VotedForHer #Resist #BlackLivesMatter #PayGo #BalancedBudget #DubNation #Beagles,en,
1243292374329065472,J144409,jpc14409,Author. American.,en,
46782828,J P S,JPSpartan,"Sr. Contributor at Spartan Nation (SI/Maven) since '09. Aka Caddie Jon in Atlanta. Big pic during Porch, UVA Arena ‘13. Small: behind Tiger at Masters ‘13",en,
1243564763348635650,Cozen Machine,jqww462,"I build stuff
Anti-antifa Pro-life. Proud American.",en,
31481162,jraculla 🇺🇲,jrachwal,Live life to it's fullest.,en,
25990591,Jackie,jralomar15,"Chump. Credulous Rube. Deplorable. Bitter-clinger. Flat-earther. DAR. NRA. Nurse. Jesus, Country, Family & Friends. Buckeyes. Browns. Tribe. 🇺🇸🇮🇱 #MAGA #2A",en,
29221051,Jessica,jravenls,Jesus loving | Wife | Mom | American | Photographer 🇺🇸,en,
3321456072,CU'ED UP & READY 🇺🇸HOLD THE LINE🇨🇱 TRUMP TRIBE,Jredpillpatriot,WE are not a Democracy WE ARE A REPUBLIC 🇺🇸I'LL BE YOUR HUCKLEBERRY #girlsandtheirguns #TrumpTribe,en,
40840621,🕊✝️🇺🇸🏴󠁧󠁢󠁳󠁣󠁴󠁿🏴󠁧󠁢󠁥󠁮󠁧󠁿🇳🇴I M Jacob,jrltexas1,"Psalm 143:8. Texan by the Grace of God, full of Hope, lover of sunrises, dreamer of mountain tops, seeker of truth. #ComeAndTakeIt #2A #10A #1A #4A. on Parler!",en,
124168079,Jeffrey Roberson,Jroberson32,"Love my family. Twitter is for laughing at Politics & politicians, reading about Tech & Comics stuff. #TexanFirst #American",en,
118825734,JS_STEVENS,js_stevens,"“et domus sua cuique tutissimum refugium”
Each man’s home is his safest refuge. 
gab & clouthub-@JS_Stevens
Proudly blocked by the grifters Gorka & Bongino.",en,
298681398,I’mAnAmerican🇺🇸💯🇺🇸,jse_amor,Calling out #LoveTrumpsHate #Hypocrites as I see them. #MAGA #WalkAway #KAG #Rebel #Rebellion BLOCKED & @DonCheadle & @lsarsour & @RBReich,en,
962936234,Jordan Sullivan,jsullivansmd,#SFBX,en,
1546173914,Josh Sutherland,jsutherland1008,"Christian, Male, American, and will always defend and stand up for every and all Americans no matter race, sex, or creed. #TRUMP2020, #WPS🐗, #HTTR, #Yankees",en,
1596090948,🕺🏿6LACK 3LVIS 🇺🇸,JT_is_Me,"I respect some, but not all—blocked by hundreds, followed by few. LV and CT.",en,
818835636551446528,❌ I am Trump  🇺🇸,JTglennUSA,Red blooded American. husband. father. Follow me on Gab @ Jglenn. I’ll be leaving this hell site for good soon enough.,en,
822583746067136513,James Stone,jtstone2112,Republican. NRA member. Prog rock and metal. #MAGA 🇺🇸 #FuckBiden  #KeepAmericaGreat 🇺🇸#Israel 🇮🇱,en,
941406175966490625,Juan,juan_groodin,"Actor, Asshole... Anthropologist? 🦾👨🏽🤳🏼 Cash me outside",en,
18683728,#TransparencyandTruth,judeacuff,Have a Blessed Day!,en,
899087631111393281,🇺🇸🇨🇺Dr. Deplorable Judy🇺🇸🇨🇺,Judy777333,"Sólo un ser humano que ama la libertad, amante de Dios, y la Justicia.
Anticomunista y todos sus sinónimos No DM",en,
3975692834,Judy Levine 🇺🇸 🦅 ⭐️🦅🇺🇸,JudyNLevine,"🇺🇸 I am a Proud Deplorable 🇺🇸 I Stand for our Flag, Our National Anthem and Our Constitution 🇺🇸",en,
23519943,Judy Reppart 🇺🇸,JudyReppart,Owner of http://Vegas24seven.com. The best Vegas web magazine #Reagan #Conservative #TrumpPatriot @vegas24seven #Patriot,en,
78674755,Tribulation $aint,JuggaloJair,Interesting times,en,
1249750810445197313,JuJuBee 🐝🐝🐝🐝🐝,JuJuBee03499050,I’m a 🇺🇸🐶❤️ Emontional support dog❤️ and I am loved by my family.I am told without me my mom would be every ill. I love 💕everyone few dogs I dislike.,en,
264013435,Julia Procopio,JulesProcopio,"substitute teacher,Music, vocalist, #MakeAmericaGreatAgain #MAGA #KeepAmericaGreat #Trump2016 #Trump2020 #Trump2024 ❤️🙏🏼🇺🇸",en,
1177129729,NoVA Transplants rejoice in their Mask Enslavement,julianpalmer15,"In, but not of D.C. (Occupied Territory): where the perpetual pursuit of contacts, money, power, & the never-ending expansion & Looting of the State corrupt all",en,
1120373992483745792,JulieJ,JulieJ2020,"Warrior Mom, Freedom Keeper, My Super Power is hearing the truth, #AmericaFirst, #Potus, #MAGA, ChickenPox survivor",en,
733964028,✭✭ 𝓙𝓾𝓵𝓲𝓮 ✭✭#TrumpConservative,JulieJujubear,"Love ✭ Dallas Cowboys ✭ 🏈 Sac Kings 🏀👑 followed by Scott Baio, Antonio Sabato Jr - Do NOT want a Twitter boyfriend. ❤️🎶Seether, Papa Roach🎶 #BYEGOP",en,
3295887638,Jules is off for Lent,julmele,Literate Catholic,en,
60464113,Hunter Joe Hiding Bitethen,Junior2Papa,Antifa is just an idea.,en,
94197745,Juno Who,Junowhotoo,"Medical professional, amateur photographer, Tolkien fanatic, not a friend to any extreme group, my views are my own.",en,
1082308746095644672,Justamom,Just_a_mom_00,"American, wife and mom",en,
86885010,DB,Just_someNobody,🇮🇱  | borderline genius | complete fuckin retard | Trump won the election by the way | @just_somenobody on Minds,en,
776606126,JustSarit,Just1Sarit,"Physician, Patriot, Zionist",en,
2715103010,Bey T Samuel 베아,JustBeaTee,"A miracle kissed life, | Not afraid of uncomfortable truths |
A Little Less SHINe(e), The Big Loss of Bling.",en,
1009089225516609537,JustineC🇺🇸🦅,justine01848685,#Trump2020 #MAGA #KAG 🇺🇸#JesusIsMySavior John 14:6 #2A #LoveDogs 🐶 #WomenForTrump 💃#ExonerateGenFlynn #TrumpBoatParade 🇺🇸 #FightBack,en,
1009089225516609537,JustineC🇺🇸🦅,justine01848685,#Trump2020 #MAGA #KAG 🇺🇸#JesusIsMySavior John 14:6 #2A #LoveDogs 🐶 #WomenForTrump 💃#ExonerateGenFlynn #TrumpBoatParade 🇺🇸 #FightBack,en,
1193360043720220672,Andy Tifa,JustinPoterson,😎 speaker of wrongthink,en,
982597824150953984,saddle up!,JustinSaddle,Texans are an interesting bunch of people - just ask any Texan.,en,
1116534615987163137,{Just Jess},JustJess020786,"I'm just me. And I like being me. Mother of three, two on Earth and one in Heaven. Wife to a wonderful man. Catholic, Pro-Life and Conservative.",en,
46344350,JustJonezy🔸,JUSTJONEZY,📸 justjonezy💻 Developer🇺🇸http://gab.com/JustJonezy,en,
720798731302539264,Jus10,JustJustinFL,Entrepreneur. Dog dad. I have opinions. 🏳️‍🌈#BidenHarris2020,en,
209706754,Loreli77🇺🇸,JustLoreli77,"love life, animals, reading and laughter. 🇺🇸 #MAGA #2A 🇺🇸 #PatriotParty 🇺🇸",en,
791324150874812416,President Trump won 2020. ✝️Elizabeth 🇺🇸,justright09,"#JesusFirst #Christian #American #PresidentTrump2020. #PatriotParty #WomenforTrump ✝️🇺🇸 #NevadaforTrump #TrumpWon
Say No to Rinos & Libs.",en,
476848835,JustTheTweets - America First,JustTheTweets17,"http://JustTheTweets.com 

 F/B @charliekirk11 @realjameswoods @RyanAFournier @Catturd2 @ScottPresler @LlinWood @tracybeanz",en,
761784563701997572,JustTiredGenX,JustTiredGenX,Stop the left wing insanity. Pronoun: Y'all,en,
1180029398,❌⚔️Tomcat Prisoner #37⚔️❌,jw0672,"Never forget you are an immortal spirit temporarily inhabiting a mortal shell. Question the Narrative, and always Follow the Money.",en,
96681491,"🇺🇸 JWink ""SAVE AMERICA"" 🇺🇸",JWink4,"“I prefer dangerous freedom over peaceful slavery"" Thomas Jefferson  
I block leftist trolls",en,
1101620427141668864,Freedom is the Prize,k_stiller,"""It is no longer I who live, but Christ who lives in me."" Gal 2:20  
I follow back all believers in the Risen Christ. ❤️#KanyeWest knows the truth.",en,
161295010,Kirst,k1k1waltz,Twitter is a timeline.,en,
27439198,K2Twiiiter,K2Twiiiter,"Conservative, Catholic, attorney, openminded, 🍷 , ski enthusiast, gun owner, constitutionally-based freedom thinker in DC. PARLOR: Americanpatriot2",en,
137721735,KRyan,Kabimbels71,"I love #America🇺🇸! #MAGA #Trump2020, Not PC - if you are, beat it.",en,
1218143013165203457,Glasses don't make you look smarter,KAC51816254,Hurt Ilhan’s feelings and lost my account,en,
2780872201,Kade Moran,kade13_,Psalm 37:5 || snap: kade.moran,en,
1237510549698740227,Kafka,kafka_code,Just a senseless stream of opinions. Kafkaesque.,en,
1031737742495965184,"Kenneth A. Grimm ""K. A. G. Sundaram""",kagsundaram,"Walking with Christ Jesus
https://kag.to/
https://www.youtube.com/channel/UC77xGXZnUqSugA8fbI8N
https://www.patreon.com/kagsundaram
 @kagsundaram on Parler",en,
1925367266,Kaleco,Kaleco4Lee,#tcot  #Libertarian #2a #pjnet #tlot #survivalist #donttreadonme #selfsufficient,en,
19550140,KAS,kalyx2020,"RN, #SaltLife, BuyOrganic,noGMO, NoOffshoreDrilling, Seminole&Bucs Football❤️",en,
805999124088766464,❤️🤍💙Christina❤️🤍💙,KambrisBowtique,🇺🇸❤️USA ❤️PRO LIFE❤️🇺🇸 ❤️PROUD AMERICAN❤️Parler & Gab: ChristinaMarie03,en,
1066107019126628352,Kamil,KamilMalina3,Follower of Yeshua,en,
304556626,Doug Brown,KappertIsle,"AFIO Member, Former Exec Director Nathan Hale Institute; Never Accepted a Bribe Former Soviet Union Energy and S&T Consultant",en,
2783966103,Kris Carmichael,KarCar48,wife mother grandmother moderate conservative who trusts Donald Trump,en,
94616343,Kate 🇮🇱 🇧🇾🇱🇹🇺🇦,KarelessFeline,"Sometimes, we give the best of our hearts uncritically - to those who hardly think of us in return. T.H.White",en,
791841379,Karey,karey_USA,"telegram/ Parler @Karey Mom, Loves USA, Catholic, Awake since 2015 .",en,
147036805,Karin🗣,KarinBull01,Mother and grandmother. Longtime thesbian and theatre buff.,en,
258100396,Karlfly11,Karlfly11,Follow me on telegram and gab @karlfly because I won’t be here long.,en,
108370360,❌Dr. Alex Karman❌,karmaal2010,"Serial Entrepreneur, Data Science, Semantic Web, Internet of Things, Augmented Reality, GIS, NLP, Ham Radio, Amateur Satellites, Enterprise Architecture",en,
807446354,Karrie Tauscher,Karrielt,"Mom, referee, friend, sister. ╬",en,
210407329,PRESIDENT ELECT FEDUP,karupe1212,"Should the political winds shift in an ugly direction, I will stand with the Patriots!
#MAGA #KAG Ecclesiastes 1:9",en,
850382666,Kat Lamb,kat_lambkat,🇺🇸#KAG 🙏HAVE A BLESSED FUTURE HAVE TO STOP THE DEMS #BACKTHEBLUE FREE SPEECH Picture is the Trump rally DallasTX🇺🇸MARINE DADWWII #INFOWARS,en,
787318013817155584,(ಠ_ಠ),KateDaGreat1111,http://gab.com/KateDaGreat,en,
205539403,President Elect Kate,katesbooksnooks,"I am 32 and live in Northern California. I am a proud Constitutional Conservative! I love to read, cross stitch, knit, crochet, quilt, and obsess over politics.",en,
782906640,Katherine Grey,KatherineGrey1,"🇺🇸Retired USCG Warrant, Former USN, Wife, Mother of three living in Wyoming with Indiana and Kentucky roots PARLER: Coastkat05 #NotMyPresident #Resist",en,
37793243,JerseyGirlKat,katherinescheri,People who are rude will be blocked. GAB: @realKathyScheri,en,
2608465644,Kathryn Ferrell,kathrynelise2,Catholic • Truth Seeker,en,
838113468339236864,rotolab,KathyMaestas70,"#MAGA🇺🇸NRA Proud dau of WWII B26 pilot, Mayflower descendant. Chocolate Labs Rule!  ❤️our FLOTUS, 🐶🐦🇺🇸🇮🇱",en,
1149055773332451331,Katie Slane,katie_slane,"now that this is nothing more than a commie echo chamber, I'm out! enjoy your porn and the destruction of America. a former dem! I apologize",en,
902111006,conservative mama bear,katieabresch,A mother of three/ proud American,en,
745707133,Katina Cabassi,Katina_139,$kat1139 / Par-G@b: @KatinaCabassi,en,
955582479267782663,Kathleen T,KatRowe4,"Urban woman living country life, snarky but fun. I talk too fast for my own damn good.",en,
2337107899,Sarah Connor,KatyaConnor,Mom. Wife. 2A. Freedom Fighter. Molon Labe.,en,
849988676968992768,NorthShore808,kauimauloa47,Trump 2020 MAGA,en,
2424063804,Karen,Kawood764,Patriot 🇺🇸 Defends the Constitution Trump Supporter,en,
844989600477138945,K Cassidy,KayCassidyW,❤️💙❤️MAGA❤️💙❤️Trump is the G.O.A.T.❤️🙏🙏🙏For Our Country❤️Caregiver to my Mom after almost 18yrs at Fortune 500 Company❤️Singer❤️Pop Culture/Book Lover,en,
23241302,Karen Cook,kayceeinva,Conservative grandmother who loves to follow politics! Ready to keep America Great! #MAGA #KAG,en,
1061706138163412992,Kay-Lib (Gab: HipHopConservative),kaylibmusic,"Christian, Conservative, rapper. In that order. http://Gab.com/HipHopConservative http://kay-lib.bandcamp.com/album/apples-of-gold-volume-1",en,
1238128950339125248,Krystal,kayyroarr,Happily Hitched 🤍 No Creepy DMs - Twitter is primarily for Politics - Q friendly - Conservative af,en,
958916234459754496,Mel Bash 🇺🇸🇺🇸🇺🇸,KBASH73,Common-sense is our last defense against a politically hijacked world. #Family #Friends #Freedom #Hibiki #CountingMacros #IMF,en,
47987041,Katherine Barrett Baker,kbsquared1961,Serve up manners & teach tolerance. Serve up book reviews 4 Real Simple Magazine. Serve WRITS & Detainers. Why else r we here but 2 serve? #MayflowerSeparatist,en,
34637312,KC DEPL0RABELLE ❌🇺🇸⚖️,KcDepl,"🎚Married,ConservativeLibertarian,constitutionalist Ipost Re:politics #MAGA #WeAreAtWar #FightBack on http://parler.com: KcDeplorabelle",en,
310377192,Texas Proud!,KCisMe63,Proud Texan!!,en,
598161591,K. D. Fisk,KDFisk,"I'm an author, (Dreams in Green available on amazon, b&n and more, published by Champagne publishing) Also I co-own Wolfae Works, a homestead and various stuff.",en,
342933239,Keith Earles,kearles2,Loved,en,
90892144,Randy Keberlein,Keberlein,"Husband, Father, Packer Fan, Realtor!",en,
714486155668955137,Keeley 2 (President-Elect),Keeley1001,"Independent conservative who LOVES #Trump2020 ❤️ family & friends. #AnimalLover #KAG #MAGA #Constitution #2A #Vote #patriots IFB ❤️RT’s, fight #indoctrination",en,
56501301,Keenly Aware🇺🇸,keenfamily,I don’t mind if you don’t agree with me or dislike my tweets Bless your heart ❤️🇺🇸 Patriot Mom 🇺🇸 southern girl born up north 🌴❤,en,
1462996729,kthass 🇺🇸,keh9701,Retired Family Nurse Practitioner,en,
1539941143,Keith cheney ,KeithCheney,I have a Passion to Travel and live life to the Fullest! I also like pineapple on my pizza! lol!,en,
2594308016,Kelly,Kelfalala,"Mother of many, 
Richest woman in the world, lovey.",en,
2150601056,President Elect Keller 🇺🇸 U can be Pres elect 2!,Keller_forTrump,"I'm on Parler @Keller1776 
Christian, #Trump2020 #MAGA  #17  #DrainTheSwamp #PATRIOT
Don't bother sending me a DM, I don't read them.",en,
60821942,K. Nicole,kellidrum,"Novice Trader, Expert Artist; so you should only trust my art advice 😉",en,
30368048,Kelly Buckeye,kellybuckeye,Buckeye til I die!  #Godmademethisway.,en,
33579928,Kelly Mitchell,kellyemitchell,analyst. mom. oil & gas stuff. parenting stuff. tweets my own. RTs are not endorsements.,en,
4922568490,Kelly lake,kellylake6_lake,TEXT TRUMP TO 88022,en,
178767953,Kelly Merritt,kellylinn8,"wife, mother, Jesus lover ❤️❤️",en,
822676787574362112,Kelsey Lofton,kelsey_lofton,"Life, liberty, and the pursuit of happiness.",en,
1033809825195544578,Kelsi Crew,KelsiCrew,"Wife, Jesus loving, proud to be an American - #Trump2020 #MAGA #KAGA",en,
17993620,Ken Blackwell,kenblackwell,"Conservative Columnist... Former Ohio State Treasurer, Secretary of State, US Ambassador to the UN, FRC, Club for Growth, NRA, ACRU",en,
2870666211,Kendallamelia Text TRUMP to 88022,Kendallamelia,"Conservative - Follower of Christ - Farmer 👩‍🌾 - Sick of corruption in our government 
 #MAGA #KAG #NoLongerSilentMajority
Text TRUMP to 88022",en,
52084085,KendyleHope,KendyleHope,"𝑶𝒉, 𝒕𝒉𝒆 𝒐𝒗𝒆𝒓𝒘𝒉𝒆𝒍𝒎𝒊𝒏𝒈, 𝒏𝒆𝒗𝒆𝒓-𝒆𝒏𝒅𝒊𝒏𝒈, 𝒓𝒆𝒄𝒌𝒍𝒆𝒔𝒔 𝒍𝒐𝒗𝒆 𝒐𝒇 𝑮𝒐𝒅➕",en,
18965946,Ken Greenberg,KenGreenberg,#MAGA #KAG #DEPLORABLE #DrainTheSwamp #BuildTheWall #TRUMP #CONSERVATIVE #WalkAway #TCOT #PATRIOT #CONSTITUTION #COS #AmericaFirst #FBTS #BanSharia #2A #banFGM,en,
35430762,Kenny Cunningham,KennyCunningham,"Jesus is 👑 | COO, @Article3Project | Founder of Cunningham Communications | Contact: kenny@cunninghamcommunication.com",en,
1182709591,Kenny Gardner,KennyGardner_,"Bright Boy ||| You said to get dirty, I'm gettin' dirty",en,
820303855229562881,Kenny,Kennykwh1120,"Life is lived 1 day at a time. Love, Accept & Forgive. Never miss a chance to say “I Love You”. #DTFOREVER #IllegitimateJoe #TRUMPWON #MAGA #NRA #PATRIOTPARTY",en,
41387325,Kenny,KennyW_NLR,Subscribe to keeparkansaslegal on youtube & visit  https://fundly.com/film-local-activism-in-arkansas to help fund more video projects,en,
29566593,Kenton Epard,KentonEpard,"Husband, Dad, Episcopalian, Entrepreneur, K-State Elec Eng, Wharton MBA. Reagan Republican. Concerned about Covid.  Buffett/Munger. Decency. Bi-Partisanship",en,
37837578,shellybeach,kentuckyshores,member of the suburban mom silent majority 💯🇺🇸trump/Desantis,en,
49472317,Keri Jaehnig,kerijaehnig,"Founder & #CEO: @ideagirlmedia. Award-winning #socialmedia marketer; Speaker; Editor-In-Chief; Culturally aware travel adventurist; 💜: #Coffee, purple, wine.",en,
1043174069808623622,Kermit(same on gab),Kermit46511416,"PATRIOT.
Just a guy asking questions
Green Frog For TRUTH",en,
18153048,McKim for Surry School Board,kerryannmckim,"Mother, widow, Maine Coast Girl #MAGA
Followed by @christina_bobb Blocked by @meghanmccain since 2009",en,
1729894669,🇺🇸Pebs Leaving Twat Soon🇺🇸,KerryG1016,💥💥Find me on free speech platforms Parler and Gab at GingerSnapx4💥💥,en,
277836681,KevinForTrump1 🇺🇸 🍭🦁,Kev4Trump,"Husband, Conservative, ✝️, Pro 2A, Business Owner, Outdoorsman, Boat Builder, #MAGA, It's election time, vote ALL Red! Trump 2020!",en,
3231250705,🤡🌎🤡🌎🤡🌎,kevbojones,"Baseball Cards, Record Albums, Cheesehead, DeadHead and recovering politricks addict. Banjo and Guitar enthusiast",en,
830259725728104448,Kevin K,Kevin_Ksk9,@FCBayern @usahockey @PearlJam @soundgarden @chriscornell @AliceInChains @Freaks4Live  @Braves #4TheWin #GoSensGo #NHL @Senators  🇺🇸🇩🇪🏒🥅⚽️ i Follow Back,en,
830259725728104448,Kevin K,Kevin_Ksk9,@FCBayern @usahockey @PearlJam @soundgarden @chriscornell @AliceInChains @Freaks4Live  @Braves #4TheWin #GoSensGo #NHL @Senators  🇺🇸🇩🇪🏒🥅⚽️ i Follow Back,en,
830259725728104448,Kevin K,Kevin_Ksk9,@FCBayern @usahockey @PearlJam @soundgarden @chriscornell @AliceInChains @Freaks4Live  @Braves #4TheWin #GoSensGo #NHL @Senators  🇺🇸🇩🇪🏒🥅⚽️ i Follow Back,en,
33782028,Kevin Fleege 🇺🇸,KevinFleege,Family | Faith | Baseball | Travel,en,
1043938043844055044,Kevin Meador,KevinMeador4,Virginia Tech NHL Politics NASCAR,en,
1242570283568922624,Dr. Kevin NESARA,kevinnass11,save da kids,en,
1687970232,Kevin Barnard,KevyB1990,"#ImpeachDeWine Conservative, blessed. Happily married to @heffron_shannon. I do not suffer trolls. Hair trigger #mutebutton. @KevB1990 on Parler",en,
703703162,Kevin Floquet,kfitty1,"Married, proud father of 5. Unapologetic Conservative. 

SD Padres and AZ Cardinals fan",en,
298607423,Kellye Shearon,KgShearon,❤️ Jesus. 🇺🇸PROUD AMERICAN. Freedom Seeker• Less Gov•Entrepreneur. Hustler. Crypto,en,
706839866491928581,Kim,kgsuns,"Live, Love, Laugh.",en,
1656034184,Kim Henry,khenry657,#AllLivesMatter #BackTheBlue #Trump2020,en,
1229863857599938561,Duchess Khristina,KhristinaKisner,"Pro-life Independent, Phoenician, Voracious reader, Originalist, #2A, #Israel, Gamer, Bearcat, #Trump2020, #PatriotParty #AmericaFirst",en,
822609497986334722,me,khuntington15,"Jesus loving daughter, wife, and mother. 
boop/bop/beep",en,
1123743159274614784,President-Elect KidsAndSoccer1,KidsAndSoccer1,http://stopthesteal.us    parler:@kidsAndsoccer1 MAGA.,en,
922771968,ChitownPatriot🇺🇸,KikiKAGChitown,#Jesusfollower #Christian #Conservative #MAGA #PROLIFE Physician and mom of 4 #2A #DeplorableChump  @Kikidocmom on Gab,en,
911725813,KPatriotTRUMP2020🇺🇲,KimberlyGPils,"Christian wife and mother, and patriot fighting for our Republic!  God bless the United States of America!",en,
4639399334,Kimberly Prins,kimberlyrprins,❤️ anything Chicago. #exceptCUBS #mom #lovemyboys #Happilymarried❣,en,
761730288678498305,🇺🇸VeteranKimberlee🇺🇸,Kimbermac2,"President Trump 100% #MAGA
Retired Navy. I love America. NRA. Married 33 yrs #AmericaFirst #KAG #Trump2020 #VetsForTrump #WomenForTrump  No DMs",en,
961061369423413248,Kimi Lee,kimiusa1990,I'm only here to support our President Trump!,en,
58634778,Kim Goodwin,kimjgoodwin,Happily Married mother of 4. Trump supporter!!,en,
2470641648,AmeriKim,kimmylemke,"Wife, mother, Grandmother and proud American...loves life, family, friends and my country USA!! And lots of travel✈️ #freespeech 🗣❤️",en,
864230060177457154,Julianne ✝️ ‏,KindeandTrue,"A time to rend, and a time to sew; a time to keep silence, and a time to speak; A time to love, and a time to hate; a time of war, and a time of peace.",en,
435297219,Chuck Knoxx 🇺🇸,kingchuck810,Freelance audio and video editor. Foulmouthed influencer. Creator of the most epic #GIANTS videos on earth. Terrible at being politically correct. #TEAMKNOXX,en,
2899177998,sir crankypants,kingcrankypants,Commies claim anti-White racism doesn't exist while calling SA White genocide a hoax & ignoring 90% of violent US hate crimes are black on White.,en,
1100077425956925447,King Henry ⚔,kinghenryp18,KNIGHTSSSSS,en,
30976812,Pam King ***,kingpamy,WAKE UP!!!!!,en,
489636537,kingsjester,kingsjester1,I'm a Christian American Conservative with a decidedly unique POV.  Check my blog out and tell me what you think!,en,
1060669912430112770,Kip Does Stuff,KipDoes,"Hello there, I'm Kip and I like to build and fix things using wood, metal or whatever I can find.",en,
1072788948,Unravel the Complex,KJJanssen2,"Wife, mother and patriot. Learning, teaching, growing. #tcot #Breitbart. Connect with me as @kjanssen on Parler and Clouthub",en,
3581716035,🎚K.J. Pritchard 🇺🇸,KJPritchard4,"USMA West Point Mom, Wife, Soc/Econ Conserv, Tchr-Rdg Specialist, ESL. Pro: Life, 2A, Jews, Israel. fb: @paulsperry_ @charliekirk11  @JamesRosentv",en,
132993805,The Desert Beach Bum 🧡🍊Karen Lee Bertiger 🌴🇺🇸,KLBertiger,"🌵🌴 CoFounder of the McDowell Sonoran Conservancy a 501(c)3 public charity in Scottsdale, AZ 🐚🌴 Beachcomber ⚓️ 🐅 Real Estate Broker in FL and AZ",en,
17503139,kldawson66,kldawson66,"Faith, Family and Country",en,
97586706,Nicole Kolesar,kliqfan1,"Lover of the Lord, my husband and children, and all things KLIQ related!",en,
75366886,Socially Distanced Kiki ❄️,klyhansen,A little bit a la-la-la-la-la-la-la a little bit a lawyer.,en,
1176321203352588289,kmas119,kmas119,"Love my 3 daughters ❤ 💕 💓 
Autism Mama
Twin mama
Love my city 🌃🗽
Love my country 🇺🇲🇺🇲🇺🇸",en,
187351126,Kathleen Caton 🇺🇸,KMCaton,"Mom, Grandma, Christian/Catholic, US Patriot, Virginian, happily owned by horses, dogs & cats #MAGA #USConstitution #1A #2A No DMs",en,
2460234972,Kathleen Svoboda,KMSvoboda_,| Entrepreneur | ✝️ | Love America | 🇺🇸 #MAGA,en,
380147020,Kendall Cameron,kn_cameron,"Christian, Father, Husband, Conservative. Opinions expressed are mine and not reflective of the opinions of those I associate with professionally or otherwise.",en,
861947544,Nicole K.,KNcldnn01,"#MAGA #KAG #Trump2020 - 🇺🇸 Fellow Patriot 🇺🇸, Wife, mother, animal lover, Conservative Trump supporter. Anti-establishment. Make America Great Again!",en,
875011426649112576,Know no Nos,Knownonos,"Know = Think, no = without,  No's = opposition

Offense is voluntarily taken, never given

Trust/think for yourseIf",en,
2310527790,LoveMyBully🇺🇸,knustad77,Proud American | Small Business Owner #Trump2020 | #MAGA2020 🇺🇸❤️,en,
1067217173649780736,BethKH@,KohLoyal,"Follower of Christ, mother of 3, born conservative",en,
418281073,Kolbie Todd,KolbieTodd,🇺🇸,en,
563507587,MUSTACHETAKEOVER,komic111,http://youtube.com/user/KomLit I do the youtube thing. Bringing Original Content For WoW ! My thoughts are my own! I respect your thoughts please respect mine.,en,
36200641,Dr. Dregs of Society,kona24,MAGA 🇺🇸🇺🇸🇺🇸,en,
600490768,Linda MAGA ✝️🙏🏻✝️,koooski,Jesus Loving✝️Realtor🏚gourmet cook👨‍🍳Trump supporter 🇺🇸🚂1st Gen proud Polish girl🇵🇱Married to a Navy Chief⚓️my BFF❤️I FB allPatriots. https://t.co/fh1YfVxJfW,en,
3177025910,secret fortifying cabal,KPlorable,Retired educator. Deep in the ❤️ of Texas. Patriotic American. Former Registered Republican. #TEXIT,en,
37032719,StunzZ,kreyes25,Just a guy making mistakes and trying to figure it all out on his own so that one day I can mentor someone that won't have to...,en,
1251198455764209664,HEAL THE US,Krim70499189,"Find, share, and report all hate groups-anarchists, socialist, & communist pages that are trying to destroy our great country.",en,
3187450379,KristenMarie680🎙🍿,KristenMarie680,Exec Producer @wcbm680 🎙 @thekingscollege grad 🗽 Carroll Co Girl 🌻 known in radio as Babycakes 🍿Tweets & Opinions are my own 🦀,en,
1242258456108650496,KJ,Kristin75635031,"Christian, conservative, warrior of truth",en,
3131353798,Kristina Hernandez,KristinaNico201,The Future is Latinx.,en,
39074525,kristin64,kristininohio,"Yoga practicing, bike-riding vegan conservative.",en,
2741883892,Kristy,kristy_Vert,Huge Denver Broncos fan. 100% Devoted Pitbull Dog Lover TRUMP2020,en,
1170844855129362433,Kristy 🇺🇸🐾💙,KristyDoughert6,Proud American ❤️🇺🇸DEFEND Police💙🇺🇸❤️45❤️🇺🇸,en,
19204554,Kristy Clifton,KristyMadrid72,"8 months ago I began the fight for my life with cancer. As a result, I have lost all of my hair. Chemo and radiation are horrible. I could use your prayers.",en,
3409529645,We're Being Poisoned,KristyMooreHer1,#MultipleChemicalSensitivity #EnvironmentalIllness #Chemicals #Quantum #EssentialOils #HolySpirit #JesusChrist #patriot #Trump2020  http://amzn.to/2nSZDLr,en,
24812945,Bradley Krolak,KroZwest,"Well, we’re living in a material world, and I’m a material girl… or boy.",en,
3233120748,Krushim,KrushimTV,"Molecular Biologist/Chemist and political Youtuber. ""You can lead a liberal to logic but you can't make them think""",en,
17860948,Karl S,kschlatzer,"Democracy needs ethics, Capitalism needs conscience - seek greatest good. ""Every time you stand up for an ideal, you send forth a tiny ripple of hope” R.Kennedy",en,
1251986358538772480,KatSophia258,KSophia258,"Animal lover, counselor, social worker, Director, mother, sister, gmom and lifetime spouse. A realist and liberal with a constant quest for truth.",en,
267278663,Katie Hart,ktluvspl83,Wifey / Dog Mom / Catholic / Pro-Life / Patriot / Conservative / Chocoholic / Ballet Lover / Photo Taker / New Englander / Weight Watcher,en,
275306442,shaygauge,kubuszki,Trump/Pence 2020 Keep America Great,en,
785284856242696192,Woodsman,kuckieman,"Project Manager, woodworker (hobby), Conservative, God Loving, Married (Happily) always busy working on or around house. also on Parler @kuckieman",en,
3058616746,kwameAtoTrump 🇺🇲🇺🇲🇺🇲,KwamePobee,"Father, Husband, Small businesman, conservative and a proud BAYERN fan. Born for a storm. Parler: @KwameAto.",en,
1390413780,News/Talk 1540 KXEL,KXEL1540,From the Cedar Valley through the Corridor...KXEL is Where Iowa Comes to Talk!,en,
22959995,Kylie Price,kylie_johnston,"Mother | Patriot | Open your eyes, the media lies.",en,
25386925,Kylie Jane Kremer,KylieJaneKremer,"Founder STOP THE STEAL group deleted by FB | #MarchForTrump Bus Tour | Official Group of 11/14, 12/12 & 1/6 in DC | Executive Director: @america1stwomen #MAGA",en,
26285050,Jada 🇺🇸,Kyrie42,"¤♥Just Me ♥¤

Trump supporter, horror movie fan, daughter of a Vietnam veteran. #MAGA #Trump2020 #TrumpTrain #POTUS45 #LiberalismIsAMentalDisorder #cult45",en,
1153372617996414976,Alex Harwell,L0nePatri0t,Freedom Radical,en,
45012542,Beast Unleashed,l3eastUnleashed,"Into music, videogames, sports, and everything nerdy and geeky oh and comics",en,
1028073448873111553,Andrea 🇺🇸🇺🇸🇺🇸,LAcreole504,#MAGA ❤️🤍💙🇺🇸❤️🤍💙 #DigitalPatriot. No DMs. parler same handle,en,
21295462,burn it all down,ladybaIIs,"Southern married lady from bowling green ky
#bowlinggreenmassacre
acting alpha to a lakeland terrier and a west highland white terrier
#maga y'all",en,
758380057203093504,JoeBidenLikesKids,Ladybosstycoon1,Think for yourself and question authority #freedomofthought #freedomofspeech,en,
360887358,LadyC,LadyCocot,Got twitter to follow fashion~ now I find myself interested in politics & the Election & an avid #DonaldTrump supporter he'll #MakeAmericaGreatAgain #VoteTrump,en,
4895353953,Lady Pat,LadyPat18,"Mother, patriot, nature lover. Proud member of NRA.  Proud Trumplican. Not looking for a date. No DM.",en,
162301746,🇺🇸Lady De’Plorable🇺🇸,LadyRedWave,"Stand Strong - Do NOT Waver I am Proud To Be An American

Still Smiling, Laughing & Enjoying LIFE because They can NOT STEAL THAT From US TOO - Don't ALLOW IT!",en,
981966963470688256,Nena Cruz- I identify as a “Dr.”,LadyStiltskin2,"American/Chamorrita girl that supports POTUS. Lost “friends” over it. Don't like it? Well, you know how to BLOCK and/or Unfollow. #Trump2020",en,
46808663,♦️Lady♥️Vegas♦️🇺🇸,LadyVegas71,"Just an American.🇺🇲

I have no political representation any more. Fed Up with Hypocrisy. I block bots and stupidity.",en,
14819246,Racheal Rae,LaehcaRae,"🎶 Tambourinist for False Flags 🎶 and co-founder of Liberty Ladies of Texas

@LaehcaRae on Parler",en,
330072048,Ray Lally,LallyRay,Gab: @raylally ---  Parler: @raylally,en,
1264049274310049792,LAM,LAM81110607,"Disposable acct. Sometimes gotta be on the down low for the oppo (research that is).  Whatever you're pissed about, calm down if you have clean drinking water.",en,
16666108,LambiGirl,Lambigirl,"Shopaholic, Patriot, Conservative Libertine, Adorable Deplorable, My ♥️ is in the Highlands",en,
745672364,John LaMond,LaMondROCKS,Radio Host of the John La Mond Show for 30 Years on WYRK. Voiceover Artist #Voiceover #VO #Trump2020 #MAGA #KAG #2A #NRA #Patriot #Israel ✡️,en,
881549290476232704,Extreme Leftist Jack Worshiper Surfer 🇺🇸🇦🇺,landmeetssea17,"Listening to all, following none, making a way for my family as best I can. Seeker of truth. God fearing. Observer of cultures. Proud American. Adopted Aussie.",en,
387151655,❌ Laney (Proud Trump Chump)❌,Laneybaby004,"Former SSG US Army, Nurse, Mother of 3 amazing children, Nana to 3 angels. Living a Blessed Life. #MAGA  #TrumpTrain http://RedPilled.com",en,
800787600,LarryDarrell,LarryDarrell3,"American...Conservative. Love Patriotism, the Constitution, common sense, the rule of law, and American grit.",en,
944011345619574784,Judge of Elections Larry West,larrywest215,"Judge of Elections for Philly's 22nd Ward, 26th Division (Political Account), leader of the Philadelphia Pirate Party | Illustrator, Designer, Coder, Metal Head",en,
231890869,Jeff Larsen 🇺🇸🇺🇸🇺🇸🇺🇸🇺🇸🇺🇸,larsman77,Father of 4 wonderful boys and Husband to a incredible wife! #patriot #armyvet #MAGA #finsfan Jesus is my Lord and Savior!!,en,
190767072,Andrew,Lastivka06,"Thought it looked cool, might delete later.",en,
172026027,Lynn Oxford,laughoutright,"Happily married. Business owner. ❤️ God, my family and country. KAG 🇺🇸",en,
722508677488324608,6%❌Julie Corpe 🚂🇺🇸🚂 (Parler @launch4success),launch4success,"Army Veteran, RN, Happily Married 30 yrs, 4 daughters, #MAGA4Everyone, Israel, #NoTPP, #VoterID, Help Our Inner Cities, Stop Soros, #TrumpCares",en,
995074773267853313,laura,laura________17,Independent. Christian. Mother. Wife. Daughter. Sister. Teacher. Learner.  Will #instablock #resisters that follow so don’t bother😉 #WakeUpAndSmellTheMAGA,en,
888400861956722689,Laura Dee 🇺🇲,Laura_Dindi,"Whatever sprinkles your donuts 






































Pet lover 🐈🐩






























































♥️🥊",en,
53524865,Fortified Fortresses❤️,laurafortified,TRUMP WON MAGA PATRIOT GOD CONSTITUTIONALIST MILITARY NRA NATIONALIST 33 yrs married HAPPILY PARLER: @laurafortified,en,
19220918,Lauragal @lauragal on Parler,lauragal,"MAGA “Jesus Christ is the same yesterday, today, and forever” - Hebrews 13:8",en,
1256753802,TRUMP COUNTRY USA,LauraLeeBordas,also  @TrumpCountryUSA on both GAB and PARLER,en,
1256753802,TRUMP COUNTRY USA,LauraLeeBordas,also  @TrumpCountryUSA on both GAB and PARLER,en,
827358042253582336,LauraNYC🇺🇸,lauraNYC212,Conservative girl living in the Big 🍎 🇺🇸🗽Keep America Great! 🙏🏻,en,
63605103,Laura,lauratexasstyle,"Just a Jersey girl living in FLORIDA! In a world of kneelers, don’t be afraid to stand!!!! 💕#BeachVibes #WalkAway",en,
354449665,Lajr,Laurenajr,Patriot. Christian. Wife & Mother.  Go Dawgs🐶,en,
408229293,lauren,laurennauman,❤️🤍💙,en,
1242151829217181698,F-bomber Momo 🇺🇸,lawallner1,"Pissed off patriot.  #MAGA and maskless, fuck you & your feelings.",en,
1214047481467551744,Mr. Sprinkles 🍩 🇺🇸,LAWDOG2929,Husband. Father. Political junkie. Trolling for news and information. Pragmatic conservative. Attorney. Dog lover. 🐕🐕 🐕 🇺🇸 🇺🇸,en,
2316751902,Curt Olson,lawriter33,"One man, alone on the outskirts of Utopia, mocking the self-appointed overlords

Gab: Curt Olson @lawriter33",en,
972012021297250304,Gwen Lawson,Lawson20Gwen,"Proud to be an American! Love my family, my country and my God
 #MAGA  #KAG  ❤❤ President Trump
🇺🇸 USA 🇺🇸 USA  🇺🇸 USA",en,
1116571229488463874,Lazaro Calls for a Crusade,LazaroM62140971,A call for a new Crusade | Radical Christian | Traditionalist | Anti-Communist | Mestizo | Not a friend of Israel,en,
2285547696,IT AIN'T OVER WokePolski,lazerman010,Polski Deplorable from City wit Big Shoulders,en,
4097455153,Lisa Bisogne,LBisogne,"Life long Republican, Love God, Family & people with common sense. Live free or die 💕💕🐘🐘🇺🇸🇺🇸  
#Life Liberty & The Pursuit of Happiness #Vegas Strong",en,
716784760354443264,Gina Reed,lbj30,Doing my small part to save my great country. MAGA‼️🇺🇸KAG‼️🇺🇸TRUMP 2020‼️🇺🇸  Only on Twitter for my President🇺🇸 Never forget 911‼️,en,
1252291824221290497,Lil Miss Sunshine,LDecker619,"They Locked Me Out 😡
Faith, Family & Laughter
Mom, Wife
Trucking, Animal Lover, especially rescues. Music Addict #2A 
#Trump2020 
#AmericaFirst",en,
2361439975,Leah Beebe Dozeman,leahdoze,Proud American! 🇺🇸,en,
86401303,Big Tech Owns Me,leannstephens,"Far Left Liberal Ideology is killing our great nation. 
Cancel #Netflix #NFL #BLM #MSDNC #CNN #FAKEBOOK 
 all thoughts and opinions my own",en,
15595321,Lance Eaton,leaton01,"#Edu Strategist, Writer, Teacher, Learner, Runner, Reader, Vegetarian, Bi, & PhD student #OpenAccess, #OER #AcademicPiracy...tweets=my own",en,
60891708,D.L.,lebalori,"Married with three children. Dreamer of Loved ones,Births,deaths,present and future events.Jesus Saved Me from Death❤️🙏🏼God is Love❤️😍🙏🏼",en,
1173405077597564929,Lisa 🇺🇸,Leeees_67,"There is no time for inaction, make a difference now ☮ &❤

#BeingTheChangeWeWantToSee




➡️Parler @Leeees67
IG @lisa_americancleanup⬅️",en,
2660374267,Skeptical Green Goblin of Earth 120703,leepunzel,Wannabe actress with too much time on her hands. Also tired of correcting people about this #DarkUniverse thing.,en,
1619074208,GAB: @LionInWinter,LegalLionTN,@LionInWinter on Gab & Parler,en,
558517155,KW900,legereit,#MAGA #2A #NRA #NoDACA #NoDAPA #CodeOfVets #TrumpIsMyPresident #BanIslam #ClearFlynnNow #GOA,en,
717750294763802624,LE🇺🇸Truth Prevails! Power in Prayer,lem3762,"#ForGodandCountry; Jesus is Lord; Born in USA-Texas; Power in Prayer; John3:16, Psalm91 
 #MAGA Trump/Pence 4moreyears!",en,
1024545537515614208,🌿LemonMinty🍋,LemonMlnty,I like candy.,en,
2978452780,Lenn X,LennX6,"Sean Davis Federalist: 
""The entire impeachment was a scam to protect Joe Biden's gravy train.""",en,
324335298,Lester Page,lep1952,"Steelworker, conservative, Christian, Hoosier",en,
1053960128175726592,Asel,Lesa94344619,"CATHOLIC, conservative, mommy, wife, business owner, pro-life, Italian I ❤️ God, Jesus, & Blessed Mother! Striving each day 2 be exactly who God wants me to be.",en,
547969112,Trump was right about everything,LessGovMoreFun,". Politics | News | Culture. We must elect leaders, not politicians. Connections with 175+k patriots like you. Freedom & Liberty!",en,
1015276606355623938,@levitinmargo,LevitinMargo,Conservative Mom💕 #WOKE Born in Russia #LegalImmigrant🙏🏻🇺🇸 LUV MY PRESIDENT❤️ #Trump2020 #DrainTheSwamp #Winning #Israel🇮🇱,en,
25818419,LEE,LFB2,"Positive, PRO Teachings of the BIBLE, husband, father, pro capitalism, PRO TRUMP, anti Herbert Marcuse.",en,
1243184641340772352,Preston,LGBTrump20,NYC born and raised 🗽 #ProudAmerican 🇺🇸 #Christian 🙏🏼 #GayConservative #Trump2020 🇺🇸 Many great memories with @realdonaldtrump before his Presidency,en,
2407718453,Liam,liam_cleary_,"Think as it was, then again it will be. Though the course may change sometimes, rivers always reach the sea",en,
454090001,Dr. Liam Schubel,LiamSchubel,Political Activist - Smash Hit Author - Midas Touch Businessman - World Chiropractic Leader - Loving Husband - Doting Dad - #MAGA #Patriot #MedicalFreedom,en,
731292058283974656,Liberals Leaving,LiberalsLeaving,#Liberals are mentally-ill lying hypocrites and frauds. Wouldnt it be great if they all just left the country like they promised to once #Trump was elected?,en,
50445403,Make America Free Again,LiberatePA,We are not descended from fearful men.,en,
1112178122605105152,Libertad Para Cuba✨,LibertadNata,#LibertadParaCuba ✨🇨🇺 🇺🇸✨ 🌬⚡️ Be patient in this chess game.  Dr. W.B.,en,
61791921,Libertarian Hub,Libertarian_Hub,"#Libertarian #news aggregation service, bringing together sources from the forefront thought leaders in #liberty. 

Uncensored: https://gab.com/LibertarianHub",en,
1249560550507286533,𝓐𝓵𝓲𝓽𝓪🇺🇸,Liberty_2020_L,"""I̶ 𝗈𝗇𝖼𝖾 𝗐𝖺𝗌 l̶o̶s̶t̶ 𝖻𝗎𝗍 𝗇𝗈𝗐 𝖺𝗆 𝘧𝘰𝘶𝘯𝘥, 𝗐𝖺𝗌 b̶l̶i̶n̶d̶ 𝖻𝗎𝗍 𝗇𝗈𝗐 𝘐 𝘴𝘦𝘦."" -F̸o̸r̸m̸e̸r̸ D̸e̸m̸s̸- 𝙴𝚗𝚐𝚒𝚗𝚎𝚎𝚛 #𝖒𝖆𝖌𝖆",en,
1135030326101782528,DetroitPride (5-11)-e 🦁🐴🔥,liberty177601,"#Bitcoin, #dogecoin. Detroit Sports fan #OnePride. Opinions are my own",en,
2513247464,Liberty Bell,libertybell007,Constitutional Conservative.  #MAGA,en,
882616762449235968,MAGA Liberty in Heels ~ Psalm 33:12,LibertyInHeels,"American girl who loves 
Jesus, Family, my Hubby - @TSPI7, USA, High Heels, AL Football, Cheesy Reality Shows, & Buttered Popcorn.
Retweet doesn't=endorsement.",en,
4753880594,Liberty Points™,libertypoints,Biden is a China First thief. Don’t fear racist Socialists. 🇺🇸 #CovidHysteria #StopTheSteal #LEXIT #ProLife #1A #2A | Links ⬇️ | Turn on the bell! 🛎,en,
198907126,LiBra Lalena,librajiminez,"Model, Published writer, Lyricist, Dancer, Actress. I ♥ Jesus, NYC, Prince, Fashion, Art, Activism, Animals & music ♬ #NYFW #LAFW #LFW #MiamiSwim etc",en,
1397066096,Licia Trudeau 🇺🇸,LiciaT3,"Owner and president of Sundog Fisheries, Inc. F/V Sundog and F/V Bla",en,
1397066096,Licia Trudeau 🇺🇸,LiciaT3,"Owner and president of Sundog Fisheries, Inc. F/V Sundog and F/V Bla",en,
1048171280963436545,Merci🐾Mabel🐾MarcyJo,LifeintheUpper1,"What you do speaks so loud that I cannot hear what you say.  🇺🇸TRUMP 2020🇺🇸 {INFJ}
 2 Chronicles 7:14  Jeremiah 29:11 🙏🏻 Psalm 91 ✝
Blessed Beyond Measure",en,
2578087805,Latoya D. George,lifes_damn_good,"Christian. Mother. Truther. 
Let your voice be heard so no one can tell you about you.",en,
1109300684459929601,Ligan Starr🇺🇸,LiganStarr,"🎃🇺🇸🎃🇺🇸🎃🇺🇸🎃🇺🇸🎃🇺🇸🎃🇺🇸🎃
#StopTheGreatReset",en,
44073404,lightningjen79,Lightningjen79,Follower of 🔯Jesus✝️ Love my Hubby & blessed w/ our 2 lovely daughters GoKnightsGo✨🛡⚔️✨ #SaveSanditon🎩💗👒,en,
44073404,lightningjen79,Lightningjen79,Follower of 🔯Jesus✝️ Love my Hubby & blessed w/ our 2 lovely daughters GoKnightsGo✨🛡⚔️✨ #SaveSanditon🎩💗👒,en,
938912107415838721,Lil_Big_Dog,Lil_Big_Dog,"Yeah, you Americans, why don't you go back to strip malls und drink your Zimas and Smirnoff Ices!",en,
606540154,Lindsay 🌞,lil_lightworker,"Just trying to be a decent, loving person in a messy world. Parler- lilMissLindsay Instagram- lil_Lightworker. Please visit my art page @Lightworker_lil",en,
905530725310402560,Lila Marshall,lilarhay1,"Began Awakening 1997; 21 years of study, reflection & healing work (childhood incest, SRA survivor), exploring 3D Matrix; all roads lead to this Q movement.",en,
26122621,I Stand With Trump !,lilredfrmkokomo,Voted for Trump/Pence!! #StandWithTrump #StandWithIsrael #MAGA #DrainTheSwamp has begun #UnitedWeStand #FBTS #AmericaFirst #PraiseTheLord ISAIAH 55:8 & 9,en,
3968980156,Lincoln Cobretti,LincolnCobretti,"NFL, NBA, MLB, NHL, NCAA, UFC. MAGA Forever. 🇺🇸",en,
626134928,Linda Cree29,LindaCree,Retired Librarian from Galveston Elementary School.,en,
860233232431939584,Linda Hale 🇺🇸⭐🇺🇸 Never Give Up,LindaHale8006,"Grandmother, Christian, Patriot 
#AbortionIsMurder 
#Military #Trump2020 #MAGA #KAG   
🇺🇸 God Bless the USA 🇺🇸",en,
2972882027,Linda Santangelo,Lindasantangel1,NYC Photography,en,
347627434,"Linda Suhler, PhD",LindaSuhler,PRESIDENT Trump was best President ever! America First Christian supports Family~Constitution~Capitalism~NRA~ Military~Police~Israel *My views are solely mine*,en,
70270489,Linda Muller,LindaTMuller,I am Pat Buchanan's WebMaster - http://buchanan.org/blog -  This is my personal Twitter. No endorsement of my comments or content  is intended or implied.,en,
270051079,Linda,lindyjoy333,"I teach water aerobics at a local community college, love to work in the garden , care for of all my pets, especially my spoiled Bichon Cubby and feral cats.",en,
23253804,Kathy Petersen,linkinparklover,"patriot, Christian, protector of a adult child with special needs, pew pew",en,
27164836,linda kleeman,linklee1,"Mother, wife, grandmother- had 3 corporate and professional careers in the Airline Industry, Education, and the Media. Conservative economically and a Christian",en,
257983463,LionessHeart777,LionessHeart777,#BigTechCensorship,en,
25008430,ThankYou9,LionsFanInGA,"Detroit Lions, Chicago Cubs, Georgia Bulldogs, Rock music  #Lions #UGA #Cubs #FlyTheW #FantasyFootball #GoDawgs #OnePride

What you're looking for ain't here 👋",en,
26929188,Liquatic 🇺🇸,Liquatic,"Author, Photographer, Piano player.",en,
3063945633,🗽 Lisa at the Red Bridge,Lisa_redbridge,"🇺🇸 American Patriot, Historian, Christian, Mom, Sarcastic Introvert.
I Will Cross Over The River And Rest Under The Shade Of The Trees. 🏞️
#AdoptDontShop🐕🐾",en,
841663638,sweet & sour,lisa_sups,Imagine a cool quirky bio *here*,en,
55565378,Lisa Reade,lisa11792,"Mother of two Eagle Scouts, married to Steve, Westie lover",en,
754737276,Sobelleconservative,LisaAnde213,"If we don't speak up & protect ourselves then the liberals will do it for you!
#ProudMomOfALEO
#PrayForLEOs
Also on Parler
@Lisa213 SoBelleconserv",en,
21656972,Lisa Ann Smith,LisaAnnSmith,"Follower of Christ, wife, mother, daughter, sister, aunt, friend, & proud West Virginia Mountaineer!",en,
143335089,Lisa Ritchie✝️,LisaCRitchie,"follower of Jesus, wife/mom/grammy",en,
143335089,Lisa Ritchie✝️,LisaCRitchie,"follower of Jesus, wife/mom/grammy",en,
368481845,🇺🇸🍀 Lisa McG🍀🇺🇸,LisaMcGov,AMERICA FIRST 🇺🇸 | Proud NYer 🗽 | Gen X'er | CIA Chef | Dog Lover | #NeverForget 9/11 | #MAGA | Peace 🕊️ Love ❤️ America,en,
3515738421,Lisa McGrath,LItllisa119,"freedom fighting patriot, #defend2A, #defend1A as if your life depended on it. #EveryKneeSHALLbow",en,
516512723,Esther R. Hardy,littlebirdie333,"Retired Shands at UF administrator. Love the Lord Jesus Christ, family and this great land. Like many other Floridians, I'm a LEGAL Cuban transplant.",en,
513722174,Lisa Michelle  ⭐  ⭐  ⭐,littlelisala,Recovered Dem w/the wisdom 2 know it's the anti-Semitic Party of hate & social justice is an oxymoron as liberal is 2 the Left. #MAGA Parler Name: @littlelisa,en,
1139972729095032833,"Christopher ""Carterocks"" Carter",livecarter75,"Journalist and Influencer.  MTV, CNN, OAN, FOXNEWS.",en,
1145750201979637764,"🎵Up on stage to speak, Jill sends me...🎶",lives_andy,"If I spring a leak, she Depends me, If I can’t seem to think she defends me, a Dementia Dream if I ever did see one.",en,
1244755786817056768,Hoss 🇺🇸,LivingFreeorDie,Live Free or Die. Golden Retriever lover. Baylor University:SicEm Bears. God Bless America and our military men and women. Conservative.,en,
238260316,Living Word Princess 🗣,LivingWordCDs,"Devout Christ follower, mother of two, U.S. Army Veteran and creator of the devotional line ""Self-Talk from the Scriptures.""  #MAFA 🇺🇸🙏🏼",en,
809287962,Elizabeth Oertel,LizStarPath,Ancient Vedic Tropical Astrologer,en,
321190259,Liz,LizWillis_,Proud Auburn Alum - Comms&business. 🐯 VP of operations @rsbnetwork 🇺🇸,en,
25693443,Linda Johnson,ljohnson816,Mother. retired. loved Foodservice industry. Christian. Constitutionalist. Patriot. Lover of rescue dogs. Thankful for God’s grace and America. Go Chiefs!,en,
787736606195277824,Lori,LJT_is_me,"BE what you hope to become - your choice
— Find me on Gab or telegram: @LJT_is_me",en,
229655175,anderson,locktreee,valar morghulis,en,
382514476,L. followed by the Baio brothers!,lodaox,"3 amazing kids! (1 is a Marine; Semper Fi!) #Nurse 27 years. ❤️ #GOD, #FAMILY & #COUNTRY! #MS & all it entails❤️#TX/#Trump 2020 #MAGA ❤️🇺🇸",en,
595089669,⚖️Justice For America ⚖️,LoganNewberry22,#VFL Former Democrat - Walked away in 2016 #WalkAway #MAGA #TrumpWon  🇺🇸 @GAB @newby3 John 3:16,en,
343404637,America 1776-2021 RIP,LogicalAmerican,I am a Conservative.  I will tell the truth and facts.  I am logical.  Hopefully you are.  Constitutionalist #1A #2A #MAGA #Resist46 #Resistance,en,
2890164458,🇺🇸 Logic Is A Honey Badger 🇺🇸,LogicDontCare,"Emotional decisions rarely provide logical solutions. All posts are my own. Blocked by @NickJFuentes. Followed by @IWashington. 
#MAGA",en,
362564173,Lolly #save America,lollyazul,Proud to be an American! #MAGA #BuildTheWall #saveNJ ⚽️🇺🇸🇺🇸#number 9,en,
184027478,AmericaFirstDeplorable,LongLiveCovfefe,#Resist #NotMyPresident,en,
16489831,Lonny Leitner,LonnyLeitner,"Proud conservative but not angry. Love airplanes & politics. I don’t take myself too seriously. Tweets are my own.
Find me on Parler @LonnyLeitner",en,
1094456309527670785,Election Integrity Matters 🇺🇸,LookEastSimon,Founder HK-American Coalition for Trump. Proud US Citizen for American and God’s values. Fight the Leftists/Commies. Shine a light to expose evils. #Trump2020,en,
3408057279,Lora Ries,lora_ries,"Senior Research Fellow, Homeland Security @Heritage. DHS Alum. Animal Lover. Nats Fan. Views are my own.",en,
927775437480017920,XIV,LordanJori,All those who hate me love death.  Proverbs 8:36,en,
2910461954,Lori,Lorifl1975,I ❤️ my freedom & my country!🇺🇸God bless the USA! 🇺🇸 🇺🇸🇺🇸🇺🇸🇺🇸 MAGA -TRUMP 2020-#WALKAWAY,en,
829820934370516993,Lori,LoriLit30300097,🇺🇸God Bless America🇺🇸,en,
3318238316,❌❤️Lori🇺🇸Miller💙❌,LoriMillerTX1,♦️Patriotic American♦️Proud Texan♦️Christian♦️Conservative♦️Support Military♦️Trump Supporter💯 #BackTheBlue #MAGA #KAG2020,en,
145089913,loripawpaw,loripawpaw,"God fearing American, Ready to KAGA . loripawpaw is my name .",en,
2534571936,LottaFaChina,LottaFaChina,"Shuck Me, Suck Me,  Eat Me Raw...",en,
877953224031993857,Lou,Lou02703,"#MAGA #TRUMP2020 #KAG
No unsolicited DM's, I will not reply! On Parler @Lou02703",en,
960684164063383552,BrendaLou1,Lou1Brenda,"Child of God, wife, mother, grandmother, artist, retired Librarian. I love life! ✝️🙏❤️🤍💙",en,
823775821,Louie,Louie_Avella,Sundays are for the Sfogliatelle,en,
47446743,Lou Fiorentino,louis2nd,#VetsResistSquadron. Vietnam Vet.,en,
2920692923,Recalcitrant Gen Xer,love_bigly,"Independent-Libertarian.  Horror movies, tattoos, my autistic son, my daughter’s gay best friend, pro legalization, less government, term limits",en,
96855443,Thomas,loveabletom1,i love stream video games watch movies and tv shows,en,
370266923,Darci L Love,lovedarci,"❤️Happily Married,Mother of 3 Boys! Hair stylist/Barber 💇🏻‍♀️ I believe in fighting for what's right",en,
64569545,Alesssndra H. Love,LoveGlamourSoul,❤️Loving Wife + Mama of 6 ❤️ Roman ✝️ Catholic 🇬🇷🇦🇱🇺🇸 Pro 2A TEXAN 💖 Influencer • Truth Seeker❤️,en,
866312745339174913,Emberfly 🕊,lovehealinspire,:: love Jesus✝️ my husband💗our POTUS🇺🇸 hiking🏜Constitution📜Creation💫:: fighting stage 4 MBC :: Proverbs 3:1-8 :: #Trump2020 :: #covfefe :: #UnitedWeStand,en,
818674213,Lovely_Infidel كافر,Lovely_Infidel,"Conservative wife/mom. Army brat. Progressives/liberals/leftists=treason. 
On Parler @LovelyInfidel 
W W G 1 W G A    Q A n o n",en,
759159420970422272,🇺🇸Rockin' My World,LoveOfBlackLabs,"🇺🇸❌ Your Ignorance entertains me. Proudly followed by @HeyTammyBruce, @RyanAFournier & @TheRealHublife❤️Blocked by Philipe Reines and #edKrassen 🤣#MAGA",en,
1162814666029985792,Dianna❤TrumpCult45🇺🇸🇺🇸,LovesDianna,"100% President Trump supporter MAGA KAG Women4Trump BuildTheWall Trump2020Landslide, Happily Married, NO Lists",en,
69983753,Jeanie,LovesTrump2020,"I strongly support President Trump and freedom of speech. I abhor censorship. 
My Parler account - @LovesTrump
Gab: @LovesTrumpForever",en,
902567978,"""WE"" Are 4 FREEDOM",LovesUSA2,"""WE"" the People of the United States in order to form a more perfect union established..."" LIFE, LIBERTY, and JUSTICE! 
 ""Q"" SOLDIER  ""WE"" ARE PRO-LIFE!",en,
3073381675,🇺🇸Victoria🇺🇸,LovingTrumpMAGA,I ❤️ my country & am horrified & terrified a FAKE President has been installed to destroy the country I love so much! I am a Trump Conservative 4 ever💔🇺🇸,en,
3073381675,🇺🇸Victoria🇺🇸,LovingTrumpMAGA,I ❤️ my country & am horrified & terrified a FAKE President has been installed to destroy the country I love so much! I am a Trump Conservative 4 ever💔🇺🇸,en,
3073381675,🇺🇸Victoria🇺🇸,LovingTrumpMAGA,I ❤️ my country & am horrified & terrified a FAKE President has been installed to destroy the country I love so much! I am a Trump Conservative 4 ever💔🇺🇸,en,
17665633,LoVoPhoto,LoVoPhoto,"Artist/ Photographer based in Miami & Managua. Eclectic Iconoclast with a passion for beauty, good food and good friends.",en,
103133752,Laura Nabors,Lpnabors,Christian-Paralegal-Digital Editor-News-Junkie- Gab: @NaborsInc,en,
1134517008505233409,LiberalsRtraitors,LRtraitors,"Just so you are fairly warned. If you engage me and disrespect me  I will not be civil, I will be very vile. the time for debate is over.Ihateeveryliberal",en,
299122796,Lisa Thompson,lslth2,"I always end up in TX. Married with 4 great kids. Love Sci-Fi books, the beach and my furfaced fourlegged buds. #prolife #tcot #patriot #teaparty  #MAGA",en,
1459535533,ObsessedPatriot,lsotm22,"Patriot, Conservative to the Max,  Animal Lover🐿🐈🐕🦔🐾, Anon, Trump supporter forever......",en,
35657173,Lisa St.Pierre 🌸🦋🌸,lstpierre,Wife💕Mom💕Grandma💕...,en,
855453588549750784,Baby Yoda,lsu_sir,LSU Alum 💜💛🐯 | Liberty 🇺🇸 | Dogs 🐶 | Views DO NOT represent my employer | Cancel Culture is Sick | Don’t Tread On Me|,en,
1523414748,linda thompson,lthomps54,2019,en,
763947900342710274,Linda Thompson,LThompsonBooks,"Gripping Christian WWII novels. No friend of cancel culture!
⭐FREE STORY! https://t.co/bT1SKz7oFT?amp=1
⭐Winner, Cascade Award
⭐Finalist, Christy & Carol Awards",en,
18178232,Gulag Inmate 4520,LU7AN,Proud member of @AOC's #SandysList.,en,
104940969,LuAnn,lucarp2_JBINMP,"Love Country Music, especially Keith Urban!!!! Also a huge football fan, Go Ravens! I bleed Purple and Black! Love the Orioles!",en,
89175694,Lucy,LucianaIsis2207,"Cristã, conservadora de direita. Torço pelo Presidente Bolsonaro.🇧🇷🇧🇷🇧🇷",en,
38524838,Lugifer,lugifer,L'œuf,en,
2161648412,🇵🇱Łukasz🇺🇸,lukaszusa,"'A przed ucztą potrzeba dom oczyścić z śmieci. Oczyścić dom, powtarzam, oczyścić dom, dzieci'

Ratownik medyczny, wkrótce pielęgniarka   #POL #Polonia #US",en,
434449429,Luke Cymbal,LukeCymbal,"Chair, Shelby County Young Republicans @ShelbyCountyYR •••Begging the question•••",en,
818315474723282944,Circle Back Joe to Delaware,LulaMae01,God loves Trump*ISRAEL* JESUS King of Kings Lord of Lords *FB @JessieJaneDuff @PastorDScott @CharlieKirk11 @RitaCosby @GrrrGraphics @RealEricCarmen @ScottBaio,en,
1009207772640993280,Lu Blakey,lulubell2141,"An AZ conservative, Donald Trump is still my President, Wife, Mom, Love my Country, #SaveAmerica, #MAGA, 🚫 DM's.",en,
421081811,Lulu,LuluH1234567,"TheRealMom of three, author, guilty of using Oxford comma. Loves sketching, painting, hates cooking, hates political games. #MAGA",en,
23282557,Lexie Robins 🇺🇸,lululexie,A mom to 5 fabulous boys. Pilates Reformer and Spin Instructor. #Trump2024 #FreeSpeech #2A,en,
883767894,Lurabyss,Lurabyss,"F-14 Navy Vet, Designer, Systems Engineer, Entrepreneur, Defending God, Country, Women & Children From Leftist Hordes. I've Got Your Six! #GAB #Parler #Rumble",en,
2356942944,🇺🇸 Eloisa.B.G 🇺🇸,luvdanae_72,"I AM A PROUD AMERICAN, A PROUD LATINA, & I AM VERY PROUD OF MY COUNTRY 🇺🇸",en,
924541530,Luvmyk9kids2,luvmyk9kids2,"Loves his wife, kids and granddaughters...everyone else, not so much!",en,
489945924,Michelle Carolyn,Luvsgsds,"Constitution, Animal Rescue, Coffee",en,
2464470806,LumiCelestial,LuxandraV,"ReTweeter of Tweets.
USNAVY Veteran /Air Force Brat. Exxon Co.USA Vet. 🇺🇲 We The People. NOT We The Media.",en,
834590083776802817,sidney collins,lwcasa297,I Don't Know Half Of You Half As Well As I Should Like; And I Like Less Than Half Of You Half As Well As You Deserve. #MAGAFOREVER,en,
3083319637,"Fight Back for LIFE, LIBERTY & HAPPINESS",lynne2719,🇺🇸 Red State Dweller 🇺🇸 🇺🇸 🇺🇸 Trump Supporter from Day ONE! 🇺🇸Lollie SOONER fan,en,
336669928,Lynn Crossman,Lynnmc710,"MAGA🙏🏻Trump2020🇺🇸Back the Blue,💙Support our Troops💪🏻God 💒Family 🧔🏻👩🏼👱🏻‍♀️🧑🏻👱🏻‍♀️**NO DM’S PLEASE**",en,
15868005,Make Mine With Cheese 🌮,LynnWood002,"Many hats (mom, wife, OR nurse, student), not enough hands. I need a bigger hat rack and more hours in the day.
#breastcancerwarriors",en,
3370622183,Melanie H 🇺🇸 #TrumpIsTheLegitimatePresident,M_hilco,"Mom, Vet, American Patriot,
Love God, Country, family, Military, Vets & #45 

#MAGA #Military #AmericaFirst 🇺🇸 #WalkAway #BackTheBlue

http://gab.com/M_hilco",en,
2942062579,M. Chamberlain,M01vChambo,"I'm proud to be an Okie from Muskogee, A place where even squares can have a ball",en,
783514897057480709,🍃🕊 ConQuest 🦅🍃,MaD2016wiFe,🍃Life ~ Liberty ~ Pursuit of Happiness🍃,en,
103465324,Mary,madasa2,"🙏 ❤️ 🇺🇸MAGA, Mother, Wife, Electrical Engineer, Program Mgr, System Engineer, “Give my regards to your puppet master.”",en,
918106016994250752,Madison Berkley,MadiBugson,"Live, Love, Share",en,
991743824551493632,GirlNurse,madpeys,#truthoverfeelings #conservative #christian #nurse Venmo @madpeys,en,
28414469,Maryann 🧡🧡🧡,mafwrites,Freelance writer/editor,en,
435449437,ProudTrumpSupporter,MAGA_DJT2016,"~Wife~Mom~Grandma~ ~Independent B4 @realdonaldtrump ~Love of God, Family, Country~ ~Respect for our Flag and Vets!",en,
18179219,Bob Milan 🎃,MAGABobRRT,"Blessed Husband, Father and Grandfather of 7.   Find me on Parler: B_thalken",en,
1028515140457689088,Conservative Teacher,MAGAeducator,An American High School Teacher that loves his country and hates the #swamp. Actively helping to #PrimaryKinzinger in #IL16. #MAGA,en,
3885993200,🇺🇸JulesForFreedom🇺🇸,MAGAJules4Trump,"Catholic, Cuban American woman against censorship, socialism and communism. Donald Trump will always be the best president EVER. 🇺🇸🇺🇸🇺🇸",en,
894436309,MAGA 🌹 Rose,MAGARoseTaylor,Mom | MAGA and @realdonaldtrump Supporter | Investigative Journalist and Editor for @NewRightNetwork Co-Host of Patriot Housewives Podcast,en,
1058751285573242880,Most Acquitted POTUS of all-time!,MAGASoGood,Conservative. 🇺🇸,en,
1058751285573242880,Most Acquitted POTUS of all-time!,MAGASoGood,Conservative. 🇺🇸,en,
865157534,Maggie Tian,maggietianchina,"An ordibary people who can do extraordinary things. It's me, a UCB drop off, volunteer who cares of the democracy progress in the world and advocates actions",en,
28854023,Victoria Garzillo,mahjonggirl,Proud Hoosier🙂 In a time of universal deceit telling the truth becomes a  revolutionary act. Trump Supporter. Block Communists.MAGA 🇺🇸,en,
988595098542903296,I ᖇᗴᗩᒪᒪƳ ᗪᗝᑎ丅 ᑕᗩᖇᗴ ᗩᑎƳᗰᗝᖇᗴ!,MajorityuSilent,"Stop using @BotSentinel because your feelings got hurt!
!EM etiB .tnediserP ym t'nsi nediB eoJ ,WTB hO",en,
788881459692003328,Mike Hanley,MakeAMgr8Again,🇺🇸🇺🇸🇺🇸 http://RightSideNews.com 🇺🇸🇺🇸🇺🇸,en,
3254524106,JE Aggas,makingmoney541,#Gematria #MAGA #KAG #Trump2020 #Markets #Nationalist #WalkAway ....EX Democrat,en,
35904291,Daniel Williams,Malachi210,"Christian • Queer • Appalachian • Liberationist • Lover of Harm Reduction, Local Activist Power, and ReproFreedom™️ {he/him/his pronouns}",en,
51632627,Donna,malcolm844,✨Christian🇺🇸conservative ❤️married 💜love retirement💚knit for charity💛🇺🇸ONLY on Twitter for Trump! 🇺🇸,en,
3318875547,∆ ° Honey🐝 ¯¯̿̿¯̿̿',MaleficentBee,"""i just did a line of math""--honey🐝  ็็็็้้้้้็็็็็็็็้้้้้็็็็็็็็้้้้้็ ็็็็้้้""Annuit coeptis"" Thomson  ͡°`  ___             ""Anonymity is sacrosanct"" --DPR🎩",en,
55573636,M.A.🇺🇸,malprl,"2 Corinthians 4:18  Jesus Christ is my Savior.
A Conservative who loves travel and Texas Tech
#Godhasalreadywon",en,
83917884,✝️ Ġase 🇬🇧,maltesemassive,"This ... is the most corrupt game in the world. And you get absolute tossers doing jobs for exorbitant money. Well, I don’t really want to be part of that. #DTS",en,
119479520,Maluza,MALUZA49,"FREEDOM and REPUBLICAN VALUES
LIBERTAD y VALORES REPUBLICANOS",en,
955467384797761536,MamaBear,MamaBear0315,#AmericaFirst #MakeAmericaSafeAgain #MAGA,en,
597583519,Natalie Wysowski,MaMaS7809,"drink , burp and be merry!!",en,
32391570,April Griffith,MamatoRylie,"I'm a wife to my handsome husband, Mama to Rylie and Rowan. I love God, my family and my country, coffee, and crafting. Proud homeschooling Mama too!",en,
25021862,'G' Thang,Mammagistweetin,#Patriot #NavyMom #nofilter #MAGA Parade waving as you fly by to the block zone Blocked by whiners @cher @johncusack @rosie Followed by @therealroseanne,en,
778072586,Keri Mason,mammamas,Proud American Woman Ready to be the Warrior God has ordained me to be!🙏❤️🇺🇸 Joshua 1:9,en,
1070549247601401857,she/her/them/they/him/he/haw,mandyland1123,#bluelivesmatter #policewife #mommabear #backtheblue 🇺🇸❤️I don’t answer creepy DM’s so don’t bother sending them. YOU ARE ALL NUTS!!!!,en,
1252038232839200774,UnconstitutionalAction 🇺🇸,ManHeHim,Immigrant lawyer who loves America. Exposing the left’s open disdain for our constitution and American values.,en,
2898918799,Manny Hood,ManLeeHood,Evolve Real Estate,en,
117527843,Neda Hilliard,mannfordmom,"OSU-IT alum, but BOOMER SOONER! Chef. Unabashed foodie. Crazy about college football, NASCAR, preserving American middle class values.#MAGA!",en,
45838753,MaryAnnNotGinger,MAnotGinger,take no prisoners! Married my Dino! #ZeroPinocchios,en,
511321400,Briscoe Darling 🇺🇸,mapiii1968,tiller of soil and feller of trees...,en,
1194031427358212096,Truther Chad 🇺🇸,MarathonofFact,"Young Christian Warrior,
Patriot,
On an endless battle against fake news and sketchy dudes
#AllCommiesAreBastards",en,
1019311423250489346,Marc N Tn,Marc42969914,"Love my job , own my home & love my son and live everyday like it’s my last , I Love America & My President ❤️🇺🇸❤️🇺🇸 God Bless You All 🙏",en,
1231993265739747328,Straight outta social media jail aka Marc,MarcBaer5,"Dfs Nerd & Security Guru. All thoughts / opinions are my own and not indicative of any department or facility I’m involved with, past, present or future",en,
3246241836,Marcial Longworth,Marciallon,Just another Latino stuck in America's Finest Lockdown. Communists get blocked.,en,
3189093031,Marcy,MarcyWin4D,"Perseverance through adversity is greatly rewarded!
follow my other account @t_win4",en,
32564172,Marianne K. 🇺🇸,MarFtMyers,"It's a beautiful day...In the sand is even better! 
Professional Sand Sculptor/Nationwide.
Work hard, play hard, play nice.",en,
122409033,Margie352,MARGIE352,Supporting my President all day everyday🇺🇸 .  #MAGA 🇺🇸Make America Great Again🇺🇸 Proud of My Country🇺🇸,en,
976887374666809344,aWeeBitSkeptical🇺🇸,mariaDE15422883,Politics by necessity,en,
1921354406,marianne_m,marianne_chrism,N U R S E P O L I T I C A L J U N K I E ❤️T R A V E L M U S I C P H O T O G R A P H Y A R T W R I T I N G F I L M S 💁🏻,en,
885932371,TexasProud,MarianneFannin2,Texas proud!,en,
424485775,Maria Nunz/Maria628 on Parler,MariaNunziata1,"Life Coach & Spiritual Teacher. 
Married 30 years to the love of my life. 
Healing the lives of others with CBD. 💚💚💚
 
God bless America!!! 🇺🇸🇺🇸",en,
463484822,advofthefoodaholic,mariasgoodtaste,A witty site about my #foodie adventures in #Miami & beyond. #Latina #SocialMedia Manager. Let's connect on #FB & #Instagram at Adventures of the Foodaholic,en,
36403589,MarieATX💗,MarieAg777,"🇺🇸 Free, free indeed John 8:36",en,
976987464920281088,Mariko Mudd,MarikoMudd,"Mother of 3👦👦👶, Wife and Music Producer🎵. Love my God, Family and Country🇺🇸.. (starting a podcast: TBA)
Instagram @family_funlife",en,
1583605560,Kinikia,MarineMoMof5,Wife ❤️ | MoM ❤️ | Patriot 🇺🇸,en,
109063913,Eric (aka Schommes),marioplusluigi,"18+NSFW Pokemon Go TL 47 Team Mystic 
#Conservative 
Pringles Speedrunner 
MN Sports Fan",en,
950718088621838338,Marisa W. 6%!!!💥,MarisaWojciesz1,"I'm just a Florida girl living in a South Carolina world!.... & loving it!!
Hunting fishing & loving everyday!
#MAGA!!!!
#TakeTheOath
#FightBack
17😉",en,
23194229,Mark America (@markamerica on Parler and Gab),markamerica,"An American by birth, a Texan by choice, a horseman, a writer, an economist, and a network engineer. Same username on http://Parler.com",en,
400383768,mark becker,markdavidbecker,"Digital Marketing Strategist, Social Media Marketing, Content Marketing, B2B Marketer, SEO, Strategy for blending online and offline media. Love playing #tennis",en,
993962131,Mark Donohoo,MarkDonohoo,"“Success isn't given, it's earned. You have to want it more than anyone else” Angels- Mike Trout #fighton✌️",en,
1045460708090150912,Mark D. Morgan,MarkDustyMorga1,I will never bend the knee to corporate fascists who are illegally occupying our nation's capital. Let your voices be heard!,en,
3772910893,Market Wire News,MarketWN,"Market Wire News is a news platform to help you research, connect and engage.",en,
1151468196140130306,marky mark and the funky bunch 🇺🇸🇭🇺,markmywords_mf,"USN SSBN Vet - Independent, both sides are corrupt. Media propagates false narratives & propaganda.   Belief can be manipulated. Only knowledge is dangerous.",en,
391222759,Mark Peanut Three,MarkPeanutThree,Official page of Peanut 3 on Peanut Gallery Review. https://linktr.ee/PeanutThree Trump http://allianceindependentauthors.org/badges/badge-185x185-associate.png,en,
1548506839,♡ Marly💙,Marly_USA,God is in Control,en,
4878909383,#CancelCorruption,Marsha886,"Father was #USNavy. #1A #2A #AuditElectionIntegrity
 
Our Constitution is an instrument for the people to restrain the government. #FightForYourRights",en,
765910718596190209,Marsha L.,marshachriste17,"❤🙏🇺🇸🇬🇧 🇮🇱  (NO DM=BLOCK!!!)  #FIGHTBACK #WEWILLNOTCOMPLY  IFBAP,CONSERVATIVE, The Constitution is the Law of the Land.🚫infringement  🚫Vaccines",en,
848596697747947520,Martina,martinashole,Autistic Drag Queen,en,
1103840177888378880,Martin Henderson,MartinH75527501,"Passionate, loving, inquisitive just to name a few attributes. We must take adventures to discover where we truly belong. 🏳️‍🌈",en,
216362345,Martin Loewinger,martinloewinger,"Husband, Father, Friend, Spartan, Crossfitter. Tweets are solely my opinion. Retweets or likes DO NOT constitute an endorsement; I just may have enjoyed it!",en,
1241348886,Martin Reynolds,MartinPReynolds,http://martinreynolds.co.uk Social Media management & mentoring helping you save time & money while generating more traffic & business - 01603 559188,en,
3230021454,mary,Mary4Trump2020,"#ProudVet #RealTrump #MAGA
Christian ⛪️& Patriot🇺🇸",en,
963946083020918784,why would anyone follow me,MaryAn51825592,I wanna thank my haters and I wanna thank myself for being where I am today • Nobody exists on purpose nobody belongs anywhere everyone is gonna die,en,
2429788189,MaryJ,MaryannJordan20,harper college student proud conservative American Chicago p a r l e r @yogamaj,en,
249248140,Mary Antunez,maryantunez4515,"Conservative/Catholic/M.Sc. in HRD. Human Performance Improvement Consultant. Talkative, extrovert & vocal. Most of us have something good to offer.",en,
2766803427,"Mary, Mary, Quite Contrary ✨",marycuda,"Clevelander in DC working in design, tweeting bout space, movies, dogs, & my political opinions • I hobby-photograph local birds, trees & history on my Insta 📸",en,
849076167026114560,MJ Wiz💫✨🇺🇸,MaryjaneWisdom1,"Rooting for TRUTH, JUSTICE, and THE AMERICAN WAY as the greatest show on Earth unfolds. Political atheist until Trump happened. Vote for FREEDOM #TRUMP2020",en,
4790171983,MaryMPatriot ✝🇺🇸🦅,MaryMPatriot1,"Jesus Christ is my Savior, Trump is my President, American Patriot, Tyrany not an option, history proves socialism never works.",en,
933693476,Maskless in Fascist MN-Give me O2 or give me death,marypatriott,"🇺🇸America-where We The People WANT OUR 1A FREEDOM BACK!🇺🇸Trump the Reformer fought the Elites. He opened our eyes, & THEY’RE STAYING THAT WAY. #MAGA!",en,
309163526,MarysLegionair,MarysLegionair,People of accomplishment rarely sat back and let things happen to them. They went out and happened to things. ~ Leonardo Da Vinci,en,
701188479305166848,Marsha Elam,marzhanel,"Left of Liberal, Truth over Party, Hippie, Save the Planet -New Technology, Anti War & Deep State",en,
35607928,Patriot Pounch,Mas_hoc,My glass is neither half empty nor half full-it is refillable. Trump Supporter. Cancer Survivor. Fan of life. Numbers 6:22-27 @Pounch on Parler and GAB,en,
474427429,Our Representative Republic died,MAS4America,"WYSIWYG LOVE husband, family, military, fire fighters, police, EMT, Constitution, loyalty, primary sources, liberty, faith, charity, educate, Buy/Hire American",en,
372682768,Tracy,matanda0507,“What in the ACTUAL hell is this #fuckery right here?” OH it’s them again....nvm 🤷‍♀️,en,
1097225142,Mat-N-Sher ❌,matandsher,@viralfreedom on Parler. Trump won.,en,
321156998,Patriot 1,Matt_Schaller,Biden is owned by China. Retake America Now. Crush Big Tech and the Media complex.,en,
1905114859,Blue Lives Matter 🇺🇸,matt4etc,Former naval person,en,
29995128,Matthew Brady,mattbrady775,"shoot first, ask questions later
#MAGA #KAG #Trump2020
I follow back all patriots",en,
293303772,🇺🇸🇺🇸Matt Conzo 🇺🇸🇺🇸,mattconzo,"Born & Raised Long Island, New York. Once was lost & now I’m found! Voted Trump for change! Biden = DISASTER! NOT a fan of hypocrites! NOT Politically correct!",en,
22594575,Matthew Prewett,matthewprewett,"Social activist, businessman, transformer, equipper, prophetic voice, cryptocurrency enthusiast. Charismatic Anglo-Catholic.",en,
4334235089,Matt Widuch,matthewwiduch,"Bass player, Bartender, Animal lover, Leisure enthusiast, Right-Libertarian 🇺🇸
#Resist",en,
1051828062,Matthew D,mattydeman,Proud Wyomingite. BA in Political Science from the University of Wyoming.,en,
3507153435,Truthalwaysprevails,Mattyneen,Work hard 🇺🇸,en,
225073016,Neon99,mauishook99,Psalm 46:10 Be Still and know that I AM GOD,en,
1179331,"Martin W. Mischel, American Dissident",Mawam,"Freedom loving, formerly sports watching, scifi consuming, political junkie w/ a penchant for bad taste. I will never kneel to the mob.",en,
17574216,Scott Rooney,maverick262,Streaming Sat-Tues http://Twitch.tv/maverick262 | Business: maverick262@icloud.com,en,
26597633,Max Gonzalez,max617,"so it was written, so it shall be done",en,
1256088578712465408,Maxine R.,MaxineR2911,"Patriot from California!🇺🇸 Not a racist, not a homophobe, not a bigot, NOT a Democrat. Parler: @MaxineR2911",en,
2725550579,Edward Anderson,maxrock2306,"self employed family man, who is sick of the corrupt government, # 2nd ,# life,# Jesus(old testament) and I support our president. MAGA",en,
987419369599676416,Real MaxTad,MaxTadpol,"Standing up for America's conservative values every damn day.
 
#MAGA #1A #2A #4A
#KeepTheDamnWall 
#Resist",en,
498290815,May,mayworks_me,"mom she/her 
Independent conservative art school & computer science graduate pro-rights anti-segregation anti-discrimination 
CT, USA |",en,
2983201993,Micah Berninghausen,MBerninghausen,"20+ yrs of Internet Construction. 2002 & 2003 Team WarChild BFV Champ, Original Counter Strike Mapper, now CEO of Aggressive Mastery Games",en,
709436632542228481,Mumbling Bearded Freak ☦️🔸,MblingBrdFrk,"Proponent of free speech, healthy debate of ideas and overall tomfoolery.                                      Follow me on Parler : MumblingBeardedFreak",en,
1050535029049311232,Mutt,mblucas77,"#MAGA #Trump2020nowmorethanever
B.S. Agriculture
University of Georgia
#KAG #draintheswamp 
#trumptrain #termlimits
#trump2020tosaveamerica",en,
52958962,Prime Minister Elect Matteo Salvini 🇮🇹,mbove12,"#finoallafine #forzajuve “We have two lives, and the second begins when we realize we only have one.” Confucius RIP Karol Wojityla",en,
2596288055,MDB 031875☕🇺🇸,mbrack0318,"What can I say, I LOVE AMERICA!

 PROUD LIFE MEMBER OF THE NRA! MAGA",en,
1159188257684492288,President-Elect Trump cult #45,mccartymom3,I fight hard and love even harder,en,
52146805,Morgan Goldberg,mcdgoldberg,Working mom,en,
30868721,McGWiz,McGWiz,Sooner born & bred; livin' in a Sooner family.,en,
4132841,"Scott McLeod (he, him, his)",mcleod,"Associate Professor. CASTLE Founder. Blogger. Idea generator. Solution builder. Agitator. Catalyst. “If the leaders don’t get it, it’s not going to happen.”",en,
1385274848,Melissa Courtney,mcourtney7471,"Born and raised in Hanford, California and moved to Missouri in 1998. Love it here but as they say; I'm just a California girl in a Missouri world.",en,
1225196063944036353,Louisiana McPatriot,McPatriot2275,"Home of logic, common sense & politically incorrect humor. 1A & 2A are absolute. I say exactly what I mean, no need for interpretation.",en,
3533323814,flag girl 🇺🇸🍊🍊🍊🧡🧡🔶,McphersonAifd,"Christian, conservative and Patriot",en,
197249196,Laurie McReady,McReadyLaurieA,"Constitutional Conservative, Patriot, BitterClinger, Blue Star ArmyMom, 1776&2morrow would carry musket/wear 3 corner hat #NRA #AntiAntifa #MayflowerDescendant",en,
197249196,Laurie McReady,McReadyLaurieA,"Constitutional Conservative, Patriot, BitterClinger, Blue Star ArmyMom, 1776&2morrow would carry musket/wear 3 corner hat #NRA #AntiAntifa #MayflowerDescendant",en,
3071773184,Maria del Carmen Uceda,MdCUceda,"Beloved Daughter of God commissioned to guide families to fully heal, live, love and lead. His Way for His Glory.
Surgical Sherpa at http://www.cirugiacare.com",en,
3433271854,Dr. Mikey PhD,mdd0027,"Husband, Father -PhD Theology, MBA, CSP -Fan of Whiskey 🥃 Liberty or Death 🇺🇸 - Don't Tread on Me ✝ IN HOC SIGNO VINCES  #DTOM #AppealToHeaven",en,
20847517,Kellie Meckes,MecKel,"Mother of 2, 2 footed and 2, 4 footed lovely creations of God! And married to one handsome Man!",en,
259454715,Meghan Hooper White,MegElizHoops,Maker of TV and movies for ViacomCBS. Next career jazz singer. She/Her. All tweets are my own.,en,
1281967752,Meggilyweggily,meggy_head,I’m obsessed with missing persons and the Holocaust. I run the second largest missing persons database on the internet.,en,
1108712690275495936,Meke Montuori,Meke25NY,"I'm a professional health n Medical writer for hire and blogger at http://health-kik.com
Wife💍Proud mamma of 2👧🏽🧒🏽  PRO-LIFE🇺🇸🇮🇹Parler @Meke25ny",en,
1042282272538255360,mel lynne,MelByTheSand,"#Patriot ""The best is yet to come.""",en,
936011241281212416,President-elect MelissaK 🌴🦋☀️🇺🇸🙏🏻⛏,melissa_102211,For God and Country,en,
4842923147,Melissa,MelissaBurges7,#TrumpTrain #MAGA #Trump2020 #DrainTheSwamp Proud wife of Retired Navy Veteran🇺🇸  God bless America!!,en,
865933171577286657,Melissa,melissasnazzy,"I'm a dork                                                          
Instagram @melissasnazzy",en,
3178536802,Melissa LIBERTY #StolenElection,MelissaStout12,Give me liberty or give me DEATH! Gang rape survivor by 3 illegal aliens #BuildTheWallNOW. #NotMyPresidentBiden #1A #2A #BlueLivesMatter,en,
1233933844216197121,MellyGosLightly #STOPTHESTEAL,MellyGosLightly,(State House)Campaign Mgr & Political Advisor ...This (hopefully) is temp acct or might be new one depending on if I have to start over...I loathe Twitter❤️🇺🇸,en,
730675758453002240,Mel Markham,melmarkham1,Retired government employee and defense contractor.,en,
744165237213913090,Mel A,melodiea44,"I love God, my husband and children, family, friends, my country and music.  COUNTRY music! TRUMP🇺🇸❤🇺🇸",en,
1077334027298893824,President-Elect Mememagi1776,mememagi1776,memes and wall building,en,
817652,memeorandum,memeorandum,"An auto-generated summary of the stories that US political commentators are discussing online right now.
Not human-edited, unlike @Techmeme or @mediagazer.",en,
279683174,Classless Skip B.A. ☕️,MenaceSocietyUT,"Classless Ute - Utah '95 - Accountant in Corporate Murica - Sad! - Low Energy - Blocked by @realDonaldTrump, @jasoninthehouse, @gopTODD, & various BYU fans",en,
1518591601,Mark Mendlovitz,MendlovitzMark,"Busy busting my stereotype. Scientific reasoning is my nature & training. And if you're a Leftist, I'm enjoying your cognitive dissonance.",en,
35491164,DepLAURAble #TrumpWon FighterForTrump ❤️🇺🇸❤️,MensaChick,"I homeschooled, what's your superpower? #OwlNation #KSUmom #Trump2020 #SilentMajority #2A #MAGA #ChristIsMySavior #LimbaughInstitutePerpetualStudent",en,
35491164,DepLAURAble #TrumpWon FighterForTrump ❤️🇺🇸❤️,MensaChick,"I homeschooled, what's your superpower? #OwlNation #KSUmom #Trump2020 #SilentMajority #2A #MAGA #ChristIsMySavior #LimbaughInstitutePerpetualStudent",en,
587087880,Todd Merchant,MerchantTodd,"Hardworking auto technician. Supporter of conservative values. North Carolina born and live. Thank god for our constitution, good rock n roll and my MAGA family",en,
438589393,Meredith Marshall,MeredithMarsha1,"Retired Grandmother, Conservative....Very Conservative! No DM's please I love humor--Lighten up-life is short. Keep it civil
KAG",en,
759462171667562496,Mery Robins 🇺🇸,MeryRobins,"Naturalized American Cuban Immigrant. Happily Married. #KeepAmericaGreat
🚫Will not answer DMs",en,
42481297,Dr Rox,meteoritedude,AGW is a farce. Liberalism IS a mental disorder.  Liberals are  criminal cheaters. #MAGA,en,
853399966303256577,Metra Humor,MetraHumor,With censorship comes irrelevance.,en,
1696548686,Michael Foster,Mfoster392,"I'm a Independent. I believe in the Constitution, America first, Honor, Pride and Respect",en,
898958425,Mallory Gayle Holm,MGH_KetoPA,The Keto PA! 💙,en,
17751422,Mgon 🟧,Mgon,Christian✝️God👑#MAGA🇺🇸#KAG #1A #2A🔫#WalkAway🏳️‍🌈| @Debostic @Cernovich @JackPosobiec @realJamesWoods @ScottBaio @iWashington @PrisonPlanet @KSorbs,en,
17751422,Mgon 🟧,Mgon,Christian✝️God👑#MAGA🇺🇸#KAG #1A #2A🔫#WalkAway🏳️‍🌈| @Debostic @Cernovich @JackPosobiec @realJamesWoods @ScottBaio @iWashington @PrisonPlanet @KSorbs,en,
17751422,Mgon 🟧,Mgon,Christian✝️God👑#MAGA🇺🇸#KAG #1A #2A🔫#WalkAway🏳️‍🌈| @Debostic @Cernovich @JackPosobiec @realJamesWoods @ScottBaio @iWashington @PrisonPlanet @KSorbs,en,
891092725017202688,Mgrace1,Mgrace0601,"Be honest and real, someone is always watching!",en,
372810993,Matthew Hubbard,mhubbardk,i’m on a different wavelength - my neck beard gets all the attention — #bitcoin — streamin’ dreams — transparency is key 🔑 — 📈,en,
112209850,DeplorableMia,mia_deplorable,"Patriot 🇺🇲🦅🙏 #Trump2020
☻/ /▌ / \ I took the RED PILL. As long as there is breath in my body I will never ever cease to be a seeker after truth.",en,
908133817587781632,Kiko Castillo,Miami1stVet,Business Owner - Veteran - Christian - All About the U,en,
2309036718,MADWAG1989,Miao_Jian,Conservative,en,
322094170,Michael Simeone,michael_simeone,"Director, Data Science and Analytics, ASU Libraries
Arizona State University",en,
912305765578412032,Blah,Michael99846133,just a dude with a family. who has had enough.,en,
752493806,Michael DeLauzon 🇺🇸 🦅,MichaelDeLauzon,Retired father of two great kids.,en,
374292258,Michael J. Lewis II,MichaelJLewisII,"Let's create a better future through #DataScience, #SustainableSystems, & #IntellectuallyHonestConversations. Retweets are not universally endorsements.",en,
1051359863840878593,Michael&Mona,MichaelMona4,Movies History General News Haha Politics DIY & Home NBA NFL MLB,en,
4380089482,MichaEL Sawdy,MichaELofYHWH,Bible-thumper - Kitty Dad 🐈 - Author of @SignsOfTimes777 (http://Amazon.com/author/michaelsawdy) - Founder of @BiblicalSigns - Supporter of 🇮🇱,en,
140543668,Michael Stuart,michaelstuart63,"MC, Commercial/TV Actor, VO Actor, Writer/Producer of @Sonriseradio; Producer of Celebrity Top Ten Countdown w/ Joe Breezy, Christian",en,
3948838337,"Ms Kitty - A Republic, if you can keep it.🇺🇸",michak123,The price of freedom is eternal vigilance (Thomas Jefferson),en,
741258851215912961,Michele 🇺🇸,Michelem1998,"I love my beautiful 💕daughter, my bulldog🐾 & God  ❤️🧚",en,
1624284144,PrincessDeplorable,micheleod1,"Proud Hardworking Taxpaying, Populist Woman. Believer in the #2A, & The American Dream. Daughter of the American Revolution. #FoulMouth. #TrumpIsMyPresident",en,
1624284144,PrincessDeplorable,micheleod1,"Proud Hardworking Taxpaying, Populist Woman. Believer in the #2A, & The American Dream. Daughter of the American Revolution. #FoulMouth. #TrumpIsMyPresident",en,
1149906901196562434,M. Shelayne Smoke,MicheleSmoke,"When Words Fail, Music Speaks  🇺🇸 #MAGA 🇺🇸 #AllLivesMatter  🇺🇸 #AmericaFirst 🇺🇸 #Trump2020 🇺🇸 I follow back! #BlueLivesMatter 💙",en,
1011974351363584000,New Song🌟🌟🌟KAG2020,Michell75717325,John 14:6🙏 MAGA2020 🇺🇸Love my Freedom ❤Free Speech❤ Support our Military 🇺🇸Free Our Soldiers 🇺🇸KAG🇺🇸Clear General Flynn🇺🇸StopHumanTrafficking 🙏,en,
76866234,Michelle Hughes,MichelleHughes_,"Vaping saved my life after a COPD diagnosis. I'm an Author, Former Respiratory Therapist, Mother to Five, God Bless America!",en,
2169030391,MickeyTulip,MickeyTulip,"Shakespearean canine fool/pet for Alexis Villamar-R&D exec in medical tech, Columbia U GSAS alumna, lecturer, Comparative Literature, culture analyst, photoG",en,
96187339,Mickey Jr.,Mickezilla,"Professional Illustrator and Graphic Designer. Geek culture aficionado. Amateur Philosopher, Theologian, and Historian.",en,
449296876,KentuckyChump,mickifis,#trump #patriotparty #MAGA #americanpatriot #nra #wife #mom #over40 #jesus #FlynnIsFree #trunalimunumaprzure,en,
4390331,Fed up in Illinois,mickivoss,RESIST .Stand strong and stay united.Fight 4 the young and support the old.,en,
199462863,Joe American,MidAmericanGuy,In God We Trust,en,
1249852987532554240,IntelligentDezign,MiddleAgeCrazy4,"#WeLoveGinaCarano
beep/bop/boop
Liberty over Lockdowns ... The Mainstream Media lies constantly and without consequences",en,
1190023052,double tap,MifwicH,shooting racing memes,en,
1251950224462864384,Miguel El Pocho Para Trump,Miguel87104655,I don’t even care anymore 🤗 Facts don’t care about your feelings 😎  #Trump2020NowMoreThanEver #Trump2020ToSaveAmerica #VeteransForTrump #LatinosForTrump,en,
22054814,Mike Amrock,MikeAmrock,Just killing time between soccer matches & NASCAR races!! #MAGA 🇺🇸,en,
22532371,Mike Gwizdala,MikeGwizdala,"Reporter & Photog @troyrecord. MGwizdala@medianewsgroup.com. Editor & Writer @BronxPinstripes. Captain #BPCrew Albany Chapter🚩 PA Announcer, @UAlbany ⚾️& 🥎.",en,
1231393337602662401,Mike⚓Hawk Patriot Party,MikeHawkRulz,"Merchant Mariner,
Flipping Stocks,
14 Time China Virus Survivor,
PA Born & Raised
#BoatLife #MAGA
#BackTheBlue
#Trump2020 #KAG
                   I follow back!",en,
705487721842798592,TraderMike,mikel_trader,Always looking for the next great trade! God Bless America!,en,
575632351,Mike Maneth,MikeManeth,"•Pro guitarist and vocalist                               

•Show Musician, Bandleader, & Music Director       

•Conservative, #Maga, #Trump

(NO DM'S!!!)",en,
2188157621,Mike,mikesfitnessmma,"Work hard, train hard and always be true to youself and others.",en,
30387315,Censored Veteran🦁❤🇺🇲,MikeTheMover,#Survivor #HappilyMarried #ProudPapa⚓️ #MAGAveteran ✝️✡️#God❤️#Famliy❤️#Country❤#1A ✌️#2A #AllLivesMatter 🇺🇸 #Trumplican #AntiRINO #Meningioma #FIGHTBACK,en,
65647228,Mike Woestehoff,mikewoestehoff,"Personal account. Navajo, born in Tuba & raised in Ganado, AZ. I try to keep track of Native funding opportunities. https://bit.ly/nofanative",en,
877320831252271104,Mile High Strategies,MileHighGuyTim,"THE SWING KING --
Swing Trading --
Technical Analysis --
Trading Mentor & CTA --
SAR Swing System",en,
68536126,C-Bubbles,milscarf,Those who deny freedom to others deserve it not for themselves ~Abraham Lincoln,en,
68536126,C-Bubbles,milscarf,Those who deny freedom to others deserve it not for themselves ~Abraham Lincoln,en,
2764357665,Mimi (Digital Warrior)🇺🇸,Mimi_Florida,"Grandmother, wife, mother, sister, daughter and a good friend. Love the USA! Love Trump! Love Jesus! #MAGA",en,
1020319719625306112,Mimi,mimikmorgan,GOD~FAMILY~COUNTRY 🇺🇸 America 1st 🇺🇸,en,
954596279572619264,mindersue,mindersue2,Major crafter 👍 Love my President MAGA ❤️🇺🇸❤️🇺🇸❤️🇺🇸,en,
954596279572619264,mindersue,mindersue2,Major crafter 👍 Love my President MAGA ❤️🇺🇸❤️🇺🇸❤️🇺🇸,en,
1248462142077980672,🇺🇸 UNITY⭐ 🇺🇸🇮🇱,MindfulObserve1,"US Patriot living in lefty CA
IFBAP
The MainStream media sucks.
#MAGA
@USMC 87-93",en,
409571529,Howard Wachtel,mindovermath,"Retired college #math professor. Single.  Bridge enthusiast, Schlager music fan, #Flyers and #Phillies fan. American #Patriot. #MAGA #TrumpTrain.",en,
66373,ｍｉｎｕｓｂａｂｙ,minusbaby,¹ Nuyorican · ² Illustration · ³ Design · ⁴ Music · ⁵ he/him/grim,en,
1083892386462384129,Masshole37 🇺🇸,MireLotus,"History nerd. Civics obsessed, gun slinging, artist and farmer 🇺🇸 #1A #2A  #MAGA #FreeAssangeNow 

You Do You.",en,
2954900717,TRUMP WON Get over it!,MisBHavnNTulsa,"Healthcare professional, #2A, #4A, Indep consv, daughter of WWII Navy Vet  🍹 sarcastic most of the time. 🇺🇸 My freedom doesn't end where your fear begins!",en,
1067063261055655937,ScottMiscMN,MiscMn,"New to Twitter. A hard working middleclass, love family values. Support policies that helps grow economy.",en,
791179412033118213,Missgraciemae,Missgraciemae11,"On the Trump train. Mom of 4, Gramma of 10 #MAGA #DEPLORABLES #DrainTheSwamp #BuildTheWall #TRUMP2020 #CONSERVATIVE #CHRISTIAN #PATRIOT, GO SEAHAWKS!",en,
784808599595786240,Vanessa Parker 🇺🇸,missingact,"Black Woman. Unhyphenated American. Senior Product Designer. Also: Tech. Guns. Freedom. 
Watch @AntifaMovie Rise of the Black Flags",en,
1261809728218435585,M,MISSINGNO_727,Dum Vivimus Vivamus,en,
46202755,Mandy Gunasekara,MississippiMG,Fmr. Chief of Staff at  US EPA. Wife of @SecVII. Mother of 2. Environmental lawyer. Founder Energy 45. Former Sr. EPA Air Official 🇺🇸Opinions are my own,en,
1083328025540915201,Melissa K,MissK_USofA,American patriot. proud conservative. proud wife and mother trying to conserve the American way! Party Affiliation: MAGA. she-bitch/they-bitch,en,
3322128315,Kelly Ann,misskellyaudrey,Smiles Are Free! 🎄🐰💒🇺🇸 🐩🌴🐦 🇺🇦 🇷🇺 🇮🇱 🇭🇺 🇵🇱 🇮🇪 🇬🇧 🇩🇪 🇬🇷 🇸🇪 🇷🇴 🇱🇻,en,
2857037954,🇺🇲🐝🌻Dr. Bee BTX🌻🐝🇺🇲,Missmeme62,"Mother, Grandmother, Wife🌻🌼Huge Texas Family🔥 NO GLOBALIST TRASH💖God & Country 🥰",en,
29484029,Maureen Murphy,missusmurf,"Back the Blue, Married, Yep that's me⬆️👮",en,
750529837798875136,Melissa,MissyABack,"Texas mom of 4 humans, 2 horses, 2 donkeys and a mule. conservative, follower of Jesus Christ my Lord and savior, Mexican food lover",en,
968538316206477313,misterian,MisterianZajac,"outspoken liberal, House music head, cat dad, master gardener",en,
216928263,Mistie,Mistierain,Mean What You Say and Say What You Mean. Texas Born & Raised         No private messages! 🇺🇸,en,
938973935621885952,Tom Davis,Mistletoe_Tom,"Dad, Grandpa, retired USAF, business owner, Tigers fan. Telling stories of HOLIDAYS, HISTORY & HEROES for Victory & Valor at http://mistletoetom.com",en,
47754889,Chelle_Bell 🔔🔨🇺🇸,mistynites69,"Enjoying country life with my family, goats, chickens & felines. RN/ER/Trauma & miss it, but family first. Simple life & love America.",en,
1214716212686606343,Angelica,MiszAngelicaa,Child of the Most High God ✟🕊  Mother Wife Pro Freedom #MAGA🔴,en,
2468693881,Dr. Boomin’,mitch_mcnabb,Pronouns : sukka / dick,en,
46255257,Mitch Ferguson,mitch7777,"🇺🇸🏴󠁧󠁢󠁳󠁣󠁴󠁿✝️Christian, Husband, Father, Grandfather,ex-Navy Submariner, motorcyclist. #MAGA#KAG#1A#2A Followed by Miles Commodore,gab@mitchf77",en,
804519904447791104,MiVotedTrump2020,MiTrump2020,"Family Man, baseball/softball coach. “feelings are a poor guide to reality” #MAGA Thank You! @realDonaldTrump",en,
1162001903615696898,1776 Patriot 🇺🇸🇺🇸,mj_184,"Mom, Jojo, Patriot! #MAGA Joe Biden is not my President.",en,
424806929,Matt Jarbo,mjarbo,"Podcaster. Owner/Operator 3 Buck Theater. Humble True Crime Merchant. Former Gubernatorial Candidate, California 2003.",en,
3279098148,Miguel Costelanez,mjcostel27,"Mexican-American, Successful Tech-Executive, Golfer, Dad, Cat rescuer. Generation X is the best generation",en,
81128135,Matt 🇺🇸 (Parler: Mattyshack),mjwilliams711,"Husband, dad...",en,
1120481726,mike @1 maga love trump!!!!,mke12009,i support trump 100% dont follow me if you dont also. trump 2020 #Maga  #trump2020. im also on parlor. same @mke12009. follow me there also join http://prolifem,en,
1120481726,mike @1 maga love trump!!!!,mke12009,i support trump 100% dont follow me if you dont also. trump 2020 #Maga  #trump2020. im also on parlor. same @mke12009. follow me there also join http://prolifem,en,
327220046,Mktg4TheFuture,Mktg4theFuture,"Digital Marketing Agency | Responsive Web Design, SEO, Social Media Marketing, Email, Mobile, iOS Dev, Android Dev, PPC, Adwords Partner. How can we help u?",en,
48770208,Maria Lowndes Sevely - @mlsline,mlsline,"Architecture | Dir. & PM, Hurricane Sandy Recovery: NY Rising & NYC BIB | Sr. Proj. Designer w/ I.M. Pei: US Holocaust Memorial Museum | Harvard | Wellesley",en,
62441142,Mary Bearden,mmbear5,"Doing my best to do the right thing at all times, if possible.",en,
178301444,❌michelle #FreeAssange❌,mmdrew2010,"🦉Love my kids,cats and country. #MAGA I support @realdonaldtrump Start name calling and I will block you instantly. No lists.❌❌❌",en,
178301444,❌michelle #FreeAssange❌,mmdrew2010,"🦉Love my kids,cats and country. #MAGA I support @realdonaldtrump Start name calling and I will block you instantly. No lists.❌❌❌",en,
970371703,MMJMOM ✌💚😘🇺🇸,mmjmom,"Mother to 6 beautiful kids & 2 grandbabies  ~ Cannabis cures ~ Google #6630507 Founding member &Chapter leader for IWCC of ND~Love everyone,  Judge No one♥♥",en,
81457805,Prez-Elect Shelle Belle,MMMMcBride,"A God-fearing, freedom-loving Texas girl...",en,
344986294,John W. Pettit,mmmonk53,Retired Washington lawyer; former FCC General Counsel. Repub. Pilot. AF JAG vet. Advocate of free speech. RT's/Like’s don't necessarily= agreement. No DM's.,en,
508306061,🇺🇸,moarningGeorgeW,🇺🇸🇺🇸🇺🇸🇺🇸Army veteran 🇺🇸🇺🇸🇺🇸🇺🇸 “I love the United States and I love the constitution”-ACB,en,
711924470844420097,Montgomery County Republican Club,MoCoGOPClub,"Provides the avenue for #Republican grassroots activists to influence policy, develop candidates, and elect the leaders of #Maryland and #MoCo",en,
500205853,mocat,MohawkMikeCats,"Fear of God, love of America!
#USA2020
#KAG",en,
127296243,Bama DeplorableKaren,Momfullofhope,"#RollTideRoll  Support Vets, Ex-Dem #WalkAway #BlueLivesMatter  #BuildTheWall We're Taking Our Country Back! Proud Deplorable! #Trump2020 #MAGA #KAG",en,
48361333,TNPatriot Mom,MommaBecks,"America IS 1st! NATIONALIST, MAGA!
PRO-LIFE, 2A, NRA, Israel & Pres.TRUMP,
CHRISTIAN, Ret. Engr, Patriot GOP, Married
GAB: @TNPatriotMom",en,
231268367,B. Perry,momof3bluegrass,"Child of the King, daughter, sister, wife, mom, Mimi. Proud, loyal supporter of @realdonaldjtrump #Conservative #Christian #ProLife #Unafraid",en,
490437706,Jenn M,momrockzz,http://Momrockzzhernewlife.com Patriotic American 🇺🇸 Living a happy retirement life!,en,
763878152107986944,THX GOD4AMERICA MOM,MomSfbr,Active concerned American mom #BelieveEVIDENCE and #ApplyCommonSense,en,
165590224,TRUMP WON IN A LANDLIDE 🌟🌟🌟,momyoft00,"#MAGA
born and raised Republican Cali girl who has since moved to America.  #GodblessTexas 
#MAGA",en,
732976058266464256,💕America 💕🇺🇸,Monica4Trump,"I Love our great country, America 🇺🇸. John 3:16 #JESUS,❤️GOD! #Veterans #Military #Trump",en,
732976058266464256,💕America 💕🇺🇸,Monica4Trump,"I Love our great country, America 🇺🇸. John 3:16 #JESUS,❤️GOD! #Veterans #Military #Trump",en,
102238015,Global Awareness 101,Mononoke__Hime,"Official Global Awareness 101 page. Problem Solver, ex-Activist, Spiritual Warrior keeping you informed of news that is affecting humanity & nature worldwide.",en,
527080388,earth_bound_misfit,monroviacoach,life is a present you open one day at a time,en,
1598174204,Angelo Parodi,MonsieurParodi,"Teacher, lover of films, music and literature and believer in social justice. He/Him. #Resist #BLM",en,
374104340,C5Z04,mooneyguy1980,#NRA #AOPA #Harvick #TB12 #Catholic #MAGA,en,
73134729,❌Freedom of Tits & Tweets❌,Moonsugarlily,I was a very active fireball before my health issues progressed~now I'm living vicariously through video games!^_^,en,
17545473,mooselips 🇺🇸🦅🇺🇸🦅🇺🇸🦅 parler= Mooselipss,mooselips,"Retired R.N. 
lives in Florida.🌴🌴🌴   🍹🍹🍹
🇺🇸☀️🇺🇸☀️🇺🇸 
#LTC

🚫DM's.  🚫PORN.  🚫DM's.        😁  Happy gal",en,
17545473,mooselips 🇺🇸🦅🇺🇸🦅🇺🇸🦅 parler= Mooselipss,mooselips,"Retired R.N. 
lives in Florida.🌴🌴🌴   🍹🍹🍹
🇺🇸☀️🇺🇸☀️🇺🇸 
#LTC

🚫DM's.  🚫PORN.  🚫DM's.        😁  Happy gal",en,
179245474,Paul Pipher,Moral_Liberty,"Reality, what a concept. Don't let anyone or any Gov. take away responsibility for oneself. Its the essence of one's own being. If its to be, its up to me",en,
781178431,PSA - Plato Socrates Aristotle,MoralNecessity,The USA and the Republic for which it stands will not be thwarted by half a century of corrupt politicians. So help me God.,en,
954341039623598080,moreau,moreaukevin7,"Kevin Moreau, retired MSgt, USAF. works for DHS-TSA",en,
2340471913,✝️🇺🇸Jake M.O.R.P.H💪♊,morph4582,"God!
Family!
Dad!
Bodybuilder!",en,
24922764,MoScarlet,MoScarlet,As God as my witness I will fight for the blessed Light of Liberty!,en,
788010966780968960,izzo_the_barber,MostWantedIZZO,Licensed Cosmetologist/Master Barber 💈instagram: izzo_85 & izzo_the_barber SnapChat: SantanaRico #WokeUpRealer #IfYouDontGetYoAssUpAndGetThisMoney,en,
3782383457,Moto,motobabalou,#NOMOREdemocraps2021 #KAG2020 #DJTMountRushmore #PresidentTrumpBestPresidentEver #VoteRed #RedWaveRising2018 #Midterms201 #TrumpTrain #FollowallPatriots #Vets!,en,
3369504316,Jim Flores,motorhead610,I’m 1 of 75+million Americans that will NOT surrender. Done with Twitter. Americans #RISEUPNOW & #DEFEND our constitution #2A #1A,en,
571592528,🕵🏿mrmouktar🌚👌🏿,MouktarAlbert,Ethiopian American Economics/Political Science Undergraduate UofM,en,
44873670,🌴Ƒℓorida ʍ๏xi ~*´`*·~-.¸Ƹ̵̡Ӝ̵̨̄Ʒ~*´¨¯¨`*·~-.¸,Moxi_Mimi,"Artist🎨


You don’t walk away from a failed coup.",en,
1050903715560022016,Marcus Patrius ★,mpatrius,"Trad Cat, father, husband.",en,
774434361839980546,Liberalism is a mental disorder,Mr__Sparky,Enjoy the 💩 show libtards 🤣🖕,en,
14167266,Brent Wheeler,mrbrent62,"Network Engineer,  Professional Wedding Photographer, Embroidery, Macintosh Ubuntu Win. user. Husband and father of 2 great boys. Indonesian Traveler.",en,
795767768251592704,Christopher Alan🇺🇸,MrChrisAlan,Anti-Francis Catholic.,en,
199831014,Mr Gatsby Cheney ✈️,MrGatsbyCheney,El que no produce no seduce.,en,
244621333,"Jon E. Anderson, MD",MRICTPET,“There are more stupid people in the world than smart. Especially when you’re as smart as me.” 🤓🤔👨‍⚕️ MD. Block all douchebaggery 1981 Clemson Tiger Walk-on,en,
66186502,MrMooBBQ,MrMooBBQ,"Foodie, BBQ Pitmaster Guru, Full Time Jokester & Laughaholic ;-D #Trump #MAGA #KAGA Proud to help Re-Elect #POTUS45",en,
2544110296,Ms. Mimi,Mrs_ChinChe,"Conservative, love God, Follower of Christ, love marriage, love freedom.",en,
454406172,Ericka 🇺🇸🙏🏼🐾👨‍👩‍👧‍👦,mrs_ericka,Child of God. Wife. Mom. Daughter. Sister. Entrepreneur. MAGA2020.,en,
54109809,Angela Jolene Surratt,MrsAngelaJolene,Human. Wife. Mother. Lover. Christian. Cancer Survivor. GOP PCT 172 Chair. GEPRW President. WEST TEXAN @MrMWS444 is my hubby❤️@SurrattFarms is our way of life!,en,
1877001882,The name's Peloshi...Nanshy Peloshi..,mrsashleyshea,"Mother of 2 brilliant kids
Wife to the perfect husband
Business owner
Ph.d,
Carnegie Mellon, MIT
Yes, Beavers & Terriers..I know
🇺🇸Constitutionalist🇺🇸",en,
1255570703782477824,MrsCommonSense2,MrsCommonSense2,God bless America!! FREEDOM COMES FROM GOD! PATRIOT and MAGA,en,
1255570703782477824,MrsCommonSense2,MrsCommonSense2,God bless America!! FREEDOM COMES FROM GOD! PATRIOT and MAGA,en,
2872759981,M Huneycutt,MrsHuney8814,Live everyday to the fullest. 🌞 Sunshine & Beaches make me happy. I Stand For The Flag 🇺🇸,en,
1047566539564752897,Trak,MrsJanieDoe,🇺🇸Trump2020🇺🇸,en,
1103081712605630465,Mr. Soul - #Resist,MrSoul69174059,"Why do people who measure America by her failures measure other systems by their aspirations?  

Communism killed 100m!   It cannot be re-worked! #NRA #MAGA",en,
2510616822,Mrs. Shuman,MrsShuman1,"High School Librarian, Mom, and Tech Learner",en,
177475690,Steve Garcia,MrSteveGarcia,"Former Marine, dog dad and right-wing “extremist”",en,
1004607693624143872,~Z~ 🌷,MrsZM07,"Foreign Affairs, International Trade, Politics, History, Travel, Books, Coffee #TRUMP2020 #KAG2020 #FreeSpeech #NRA #BackTheBlue 
@ZM07 on #Parler",en,
2838985557,Morticia,ms_morticia,@ms_morticia on Gab @msmorticia on Parler,en,
1499775464,Peasant With a Pitchfork,MsAlachuaCounty,"#MAGA is Forever! I block all trolls, soy boys, loony leftists, Antifa & BLM. Ain't nobody got time for y'alls sh*t! #AmericaFirst",en,
465037324,Evi L. Bloggerlady,MsEBL,I write in order to attain that feeling of tension relieved and function achieved which a cow enjoys on giving milk. H.L. Mencken,en,
465037324,Evi L. Bloggerlady,MsEBL,I write in order to attain that feeling of tension relieved and function achieved which a cow enjoys on giving milk. H.L. Mencken,en,
2329404733,Susan S W,mswaller48,🇺🇸 #Resist #BidenIsNotMyPresident  A like/retweet means nothing!    Followed by @scottpresser,en,
333211931,🇺🇸David🏳️‍🌈,MTD76,"#IRISE Born and raised in the city of angels, but unfortunately all the angels left my city long ago. Trump is a coward for not pardoning #Assange",en,
579160011,Kerry Veazey,MTDisVet,"Husband,Father,Disabled Veteran,and video gamer",en,
90688191,Armen,mtnmama12753,"mountain mama, the blueberry lady, Lucy & Andy’s gma, burner. I worship Mother Nature, and vote blue.",en,
934269901,MTP,mtp100362,"God, Family, Country. Constitution. Freedom .Truth. Logic. and Common sense DTOM Open America Back the Blue Support our Troops R.E.D",en,
69297102,Muddawg76,muddawg76,"Lurker of http://Ace.mu.nu. Computer Scientist, Machinist, Cook, Electrician, Sonar Tech... former US Navy Submariner. Pardon my language/humor on occasion.",en,
3794936292,Dr TwoEggers,mulletbrain,critical thinker,en,
923690065351643136,murdoc,murdoc10_75,"Great things may come to those who wait, but only the things left by those who hustle... to thy own self be true...listen to the senior man.",en,
283605525,Murphy Mush,murphflying69,#TeamFollowback Just a kid from Chicago Illinois who loves to kill the bookie and dominate gambling,en,
22862240,Bellevue Rocks 🇺🇸👊,MyBellevue,I was there #InaugurationDay. #Patriots #MAGA #KAG #Winning,en,
29958721,My Flower Pros (carol joy),myflowerpros,"Farmer girl, Flower Child, Happy Soul! Loving, Giving & Kind! My children are #1 even though I have 5. I love my precious fur babies & HuBBy too! 😉",en,
1060718898503450625,My Own Thoughts,MyOwnTh51677338,I am a personal blogger.  I write blogs about my thoughts and opinions about news and politics.,en,
25972015,Awakening Warrior,mythicalangel9,"Proud Mom of 4 grown boys.
#MAGA #TheStorm 
Antifa is NOT an idea, Antifa is a terrorist organization

End child trafficking
http://youtu.be/Xq-knHXSKYY",en,
286111460,Tim Van Horn,MyTimVanHorn,Husband. Dad. Brother. Uncle. Neighbor. Friend. Host @Mighty990KWAM @My3SubsPodcast . Freelance TV analyst @Memphis901FC & Agent  @CryeLeike  (901)756-8900,en,
885517404,Crumb Scraping Deplorable,mytxalibi,Pro-Life 2A Happily married 39 yrs Honored follows @AlvedaCKing @michellemalkin @RealJamesWoods @charliekirk11 #KAG #MAGA #Trump2020,en,
885517404,Crumb Scraping Deplorable,mytxalibi,Pro-Life 2A Happily married 39 yrs Honored follows @AlvedaCKing @michellemalkin @RealJamesWoods @charliekirk11 #KAG #MAGA #Trump2020,en,
50049805,Armed Southern Charm🇺🇸,MZGreenOfficial,"I am who I am. Some love me for it, but most hate me for it.💚I'm a mom of 3, a Marine's wife, a 3-percenter, & a proud, Texan!",en,
715194662982520832,Natalie DeMarco,NA_DeMarco,"Patriot 🇺🇸 Behavioral Finance, Consulting, Capital Markets, IPO's, IAR, Business Development, C-Level Management, Public Speaking",en,
48981836,Rebecca Cook,Nabonnand,"Christian, Constitution lover, servant to my pets, married to a Red Raider for 41 yrs., huge supporter of military sacrifices, #MAGA",en,
1071258608455835649,Nancy F 🇺🇸🙏👧👦👶🐾🐴🐎🐇,NancyF28093558,"My King is JESUS
Cleveland Teams Addict
INDIANS -BROWNS- CAVS
Trump Supporter-Proud American",en,
27282113,Nancy Levine,nancylevine,"Author The Tao of Pug +3 (@PenguinBooks) | Contributor: Sports Illustrated @RanttMedia @Salon @RawStory | No. 1 #ESG influencer on Twitter 2020, @Commetric #BLM",en,
141310604,Nancy Cross,nancyscottcross,"bullet journal buff, pilates enthusiast, eclectic reader, stroke survivor",en,
796304635,Nan Kolinski,NanKolinski,I support http://vets4childrescue.org  and @CraigRSawyer  Freedom & truth lover.  Small govt. Enforce the Constitution! #2A #Prolife 1913 beginning of the end.,en,
4886325111,Rick Proctor,NaplesRocks,"Real Estate Broker-3HOF, Horse Owner 30yrs, Sheffield Stable, #BestFit,Golfer, Member ASGA, Maryland & Florida RE-Broker, Redskin Fan-#HTTR",en,
16054602,NASCRACKEN 🇺🇸🇨🇴🏁🏒🥅🥊🚨🥇🏆👍,NASCARNAC,"Mosport soothsayer, Dad of 3, SURVIVOR, JPM/BradK/Penske, NHL Panthers, Colombian(ish), politics, (salty) Catholic, RT just RT #MAGA #FlaPanthers ON PARLER TOO!",en,
1145866561271554048,Natalie Winters,nataliegwinters,"National Pulse Senior Investigative Reporter | @UChicago 
TIPS: nataliegracewinters@protonmail.com
SUPPORT: http://www.patreon.com/nataliegwinters",en,
772934961766608897,Natalie Harp,NatalieJHarp,Anchor @OANN • Trump 2020 Advisory Board • Psalm 23,en,
1202251686,NatalieJo 💫✨,natalieJo_TX,Just one of 74.4 Million,en,
3079963360,Nathan 🇺🇸,Nate94_K,LVC grad '16 | Accounting major | Music minor | Politics (#conservative #Trump #MAGA NOT PC) | Christian ✝️ | Videogames | Pokémon GO | #JoeBidenNotMyPresident,en,
766843352159510528,🇺🇸Nate 🇺🇸,NateluvsAmerica,"Southern, Patriot🇺🇸, Dog Dad, Free Speech Absolutist, Conservative, Lifelong NRA member, 2A Defender, and Staunch Veteran Advocate.",en,
1180580432829669376,Nathan Davies 🇺🇲,NathanDavies043,"✝️
 Sleepy joe = 🤡🤡
#MakeAmericaGreatAgain
BLM is built on a lie
MAGA FOREVER 🇺🇸🇺🇸
LIBERTY OR DEATH 🐍
DELAWARE FOR TRUMP",en,
7143752,Nathan Martin,NathanMartin,"Conservative from North Central Ohio. City councilman in #Shelby, Iraq Veteran, husband, and dad!",en,
3221404776,Nat,nattie8859,"If you don't stand for something, you'll fall for anything.

#Faith🙏 #Maga🇺🇲",en,
1623104534,splish,nawilliams34,redacted,en,
274176512,Choctawnic,Nawtic,"#Patriot #ColoradoNative
I always have one foot in the future...
💀 🇺🇸 🐺 
The #law of justice is coming.",en,
40908168,Trump Hardcore,navyChiefalways,"husband, father, grandfather,  twenty year Navy Chief veteran! 2A #MAGAFOREVER NRA Texan Conservative Pro Lifer Deplorable #PATRIOT PARTY NOW",en,
1263226188,NanceB,nbatchlett_b,Conservative from PA,en,
4830488877,Dr. Flag Girl 🇺🇸,NC_Sport3,Golf. Travel. Food. Love of country 🇺🇸 I don’t do DMs. #MAGA,en,
2322988729,¿unknown¿,ncsweetest,I am a Navy veteran.,en,
932908795,Trollbot Jules,NE_JMo,Nebraska Conservative. Love the Huskers. Die hard Cubs fan. Taking up golf. Foodie. #NoTechnocracy  #NoMask,en,
1142919084478291970,TexasNece,NeceTexas,"NM born, Texas raised, back in NM exposing the radical left wing democrat politicos destroying NM.",en,
1238000307746947072,Matt F,needtrump_4ever,"Love Reading ,Music , #Freedom, #Justice #Trump2020. Not a republican, I am a #TRUMPLICAN !",en,
538113640,Educate to Liberate,NefertariNkenge,"Thinker, writer, entrepreneur, graduate professor. Detroit ❤️Thoughts & opinions 💯my own. Follow my blog: https://educatetoliberate.blog/",en,
108957748,GA Wolverine Neil Sullivan,NeilSullivan72,#MAGA. #prolife #schoolchoice.#bebest,en,
1190676088483123201,Grayonper,NekkidGroyper,Groyp - not a fed,en,
1239288514614829057,nelson,nels_2020_,"Catholic, Father, Husband, American. 
Conservative with some libertarian leanings. 
Tweets are my own, RT not so much.",en,
2517997171,-,netcrew15,"Opining on matters of politics and sports. Proud believer of American excellence, ingenuity and ideals.",en,
438907123,Aj Doss,nettajdoss,"Former Democrat, Registered Independent, vote Republican when they uphold my values and beliefs. I enjoy hearing both sides in a “civil discord”.",en,
286680192,NettiQueen,nettiqueen,Simply Netti,en,
2516329976,Dr. John Bartsch,Neurs4You,Chiropractic Physician for over 34 years. Imperfect Christ follower. Retweets are not necessarily endorsements. 🚫Dating DMs please!,en,
710111395,Deplorable L Arroyo😆🇺🇸🇵🇷,Newarkguy1973,Conservative GOP American -Puerto Rican descent. #MAGA #TrumpPence20  PR#51 👍😆,en,
4828420879,Mark Robbins,Never0u812,Trump Supporter Uss Parche operation Ivey Bell. True American! Anti-PC Pro-2nd. Liberalism is Killing America. #BoyCottNFL #ImpeachMccain #FireFlake,en,
515501206,"President Elect B. Money RN, MSN",NeverSurrenderZ,🇺🇸🇺🇸Don’t tread on me 🇺🇸🇺🇸We have had an significant increase of coyote presence attacking my animals. Thus my new hobby. MAGA,en,
891605821,MBiggs,NewHalcyon17,”Nobody made a greater mistake than he who did nothing because he could do only a little”-Edmund Burke,en,
1153369658503901185,BATTLEGROUND NEWS🎙 with Karyn Morton & the A-Team,NewsKaryn,"Cons Talk Radio, Natl, State, Local Issues - What's happening, how to help! AM600•FM101.1•http://WBOB.com Join the battle 904-831-0600 #KAG",en,
53506915,"cuomo fortified, people died",NewYearsDani,blessing hearts and timelines,en,
390329838,Tami,NGCaptured,"American,☦︎ Christian ☦︎ Conservative, RN ☤ NICU, Trump 2020. Blessed to live in the USA! God Bless America. #2A #NRA #MAGA  Parler - Tami2  -🚫DMs",en,
711339876764012545,Nick Baker,nickbakerpower,https://goo.gl/RQaV96,en,
410256885,Nick Hamblen 🇺🇸,nickhamblen,Desert Born 🌵,en,
26917457,The Nicolas Bowling Show 🎙 🇺🇸,NicoRealNSE,The Nicolas Bowling Show - Conservative Commentary According To Me! Live every Friday-God willing at the link below.,en,
1162111357,Nikki😷,nikki_miumiu,"My life is totally unremarkable, staying in a country which doesnt belongs to me, eating, sleeping and living by myself... So yea, this is me. Welcome to hell.",en,
282852336,Νικόλαος,Niko2584,Sports Entertainment Fan @WWE @iMPACTWRESTLING @luchaunderground WORKING OUT #FITFAM #Cooking,en,
205892973,AmericanThoughts,NJ_RepMindLC,"Father, Husband, Firefighter, Business Owner, American Born🇺🇸, Boriqua Blood🇵🇷, Catholic, Conservative, Republican, St. John’s Alum.",en,
3087104091,Keith,NJDColts,"| @NJDevils 🔴⚫⚪🏒 | @Colts 💙⚪🏈 | @LFC 🔴⚪⚽️ | @PearlJam 🎸 | @AliceInChains 🎸 | @AuburnFootball 💙🟠🏈 | @Pirates ⚫🟡⚾️ |
Rhythm 🎸 |",en,
271624117,Noelle Curtis,njurica11,Wife. Mother. Teacher. Fightin Texas Aggie. Proud to be an American! 🇺🇸❤️🤍💙,en,
213074942,NICK,NJVeghead,"It is not death that we wish to avoid, but life that we wish to live.",en,
892064135571288065,Kos J.,NkostaNostra_2,"They shot but the punks missed... 
Youtuber, gamer, #StarWarsLegends fan. Formerly @nkostanostra",en,
183816474,nmachi jidenma,nmachijidenma,"Strategy & Business Development Lead @WhatsApp . Investor + Advisor. The opinions stated here are my own, not those of my company. nmachijidenma@gmail.com.",en,
41385012,Chris Lawton 💙,NMLifestyles,"Entrepreneur, Patriot, Liberty Activist, Freedom Lover, Prosperity Conscience, Founders Original Intent Constitutionally. Retorts are most likely my own. IFBP",en,
827974596183855104,TurnNMRed 🌟🌟🌟,nmyuccaflower,#FloodIsComing #JusticeIsComing #dueprocess #MAGA Justice for ALL Happily Married for 22 years #TogetherWeWin. @rodeomom on parler,en,
895485884098916352,NN,NnPnemck,Propaganda is a hell of a drug,en,
1195464474469253121,Patrick,No_Spf,"Blessed Husband Father & Grandfather, Everyone was a Patriot until Patriotic stuff needed to get done #ProLife #2A",en,
125946845,Stephen Stencel,no2pencel,"I retired from the USAF after 23 yrs. I have a beautiful wife,two great kids, and have some awesome friends.",en,
4675180453,Noah Harvey,NoahHarvey7104,It is what it is,en,
1065258881708777472,Noah.M 米洛亚,noahmitchell07,my Parler : Noahmitchell,en,
705792417627148288,max,nojustmax,Just some rando,en,
73801254,Walmart Hillbilly,NoKoolAide,Friends don't let friends vote Democrat. Verified to be at least 33% more black than @Shaunking,en,
4439908641,@Nomad1ne_BOB,nomad1ne_BOB,"#TRUMP2020 #rentrv4fun
#voteTRUMP #BlueLivesMatter #AllLivesMatter",en,
77357314,Donna,Nonna111006,Married,en,
793425345915551748,Chester Copperpot,nonsequitur2787,"Trying to figure out how to overcome censors, fight for the truth & gain followers. Sarcastic, logical, critical thinker who makes obscure references. #MAGA IFB",en,
2551599859,Nora Bryson Felton,Nora4GoodhueCo,"Devoted Christian, wife, mother, daughter, sister, citizen, and farmer",en,
1131700057101590530,Aaron Holder,NoraaJ61,Husband. Carpenter. Survivalist. Gardner. Slave of the Lord Jesus Christ.,en,
404486738,Deplorable_Blondie,NorCal_Sheryl,#MAGA #MAGAROLLERCOASTER #KAG2020 #DrainTheSwamp #KeepGodInOurSchools #ProLife #StandForThePledge #LoveOurVeterans #PrayForAmeruca,en,
809215890722082817,Mickey Freedom,Noregrets2024,"Woke former Dem believes in USA, God, All Lives Matter, not skin color. Working for the Great American Comeback!",en,
856945495280898049,Grant Reid Properties,Norforsythhomes,"Husband, proud father. Buy/ sell your next home through us! http://grantreidproperties.com (Parler Parler @LegaUSAPatriot https://g.page/GrantReidProperties?gm",en,
1352604722,Carrott,norma57663100,"I love all animals. Dogs are people too.,Volunteer animal rescuer . I love my children & grandchildren 💗Walk with the man above and respect 🇺🇸",en,
3229321526,Lucy Tucker,normieconboomer,I’m here to follow.,en,
41986554,No Sheep Use Brain 🇺🇸,NoSheepUseBrain,I don’t even like social media - busy living my life - but irrational cyber people are taking over the real world! I gotta use my logic jujitsu to fight!,en,
1169267717985263616,Trump Registry 17Q71,NoSnowflakes20,100% Red Blooded American Patriot. Not willing to cater to your snowflake tendencies. You’ll probably be triggered. Oh well. 🤷🏻‍♂️ 🤷🏻‍♂️🤷🏻‍♂️ #MAGA #DTOM,en,
2299826742,Extortion17 ⚓️,NoSurrender200,"MSM is a Conspiracy Against US! Nit_Twit is Awesome! #200List 
Parler: Extortion17 @NoSurrender200
GAB: NoSurrender200 @Clipped_Wings",en,
796888461773049856,Not Hexed,not_hexed,"We The Living, 2nd Amendment, Free Speech",en,
806518977589612544,notanumber_6,notanumber_6,"Without free speech, we are not fully human. Censorship is the enemy of progress.",en,
340512594,🐻MichiganGrammyBear,NotGoingToHell,Saved by the blood of Jesus Christ. Repent&Trust in Jesus as Lord and Savior. Conservative in everything except frosting. Love the #unBEARables,en,
41507583,installedpresidenterinleigh,notmyonlymove,“Complaining about a problem without proposing a solution is called whining” - Teddy Roosevelt 🇺🇸💪🏻🙏❤️🇺🇸💪🏻🙏❤️🇺🇸💪🏻🙏❤️🇺🇸💪🏻🙏❤️🇺🇸💪🏻,en,
829922695693283328,NO-Medical-TYRRANY,NoTreason17,#ArmyVeteran #MAGA 🖕🏼Fauci & Gates #Plandemic2020 My Body My Choice #DrainTheSwamp #Nationalist #Patriot Don’t be a 🐑,en,
82636302,Notta Sheep,NottaSheep,"Here to expose the #FakeNewsMedia for the liars & hypocrites that they are. #KAG. Gab and Parler: @nottasheep 
Followed by @tedcruz & @toddeherman",en,
1172297362179424257,Chief Ballot Stuffer,NotTherealist,Proud Native 🦌 ThisIt/ThatIt #TMYK🌈 supporter of LBGTQ.,en,
140881333,Not Today Suckaz,NotTodaySuckaz,“Don’t underestimate Joe’s ability to fukc things up” -BHO,en,
16067067,💋⚓️ Jac 🇺🇸,nousgnostic,Native American..strongest weapon of the United States is a patriotic citizen' Parler @Jacqcar gab @jicarilla,en,
811581271,Christians Repent Now,NowChurchRepent,"Forgiveness of sins, breaking & returning curses sent by witches, healing, casting out devils https://t.co/cHNfpciLU7 Join https://t.co/HArH4XkmJD",en,
115401154,Parler: nursecindy32,nursecindy32,"Patriot! Proud Christian, mom, wife, grandma. Love camping & RVing! 2A & proud US Army vet & retired RN. Impatiently waiting on the rapture! Q!",en,
1368400886,Amy Stansell,nurseemom,"Mom to 3.....Gramzie to 3.....Republic all the way 🇺🇸, prolife supporter....God loving American 🇺🇸",en,
1178675958515150849,Charlotte Smith,nursing_smith,I'm a mother of one rebel and a nurse. Passionate about #myvalues and #equality.,en,
576789157,Lori 🌊 ❤️🐕🐈🐘🦏🦉🦜,NWBiscotti,"Granddaughter of 🇮🇹 Immigrants.
♥️ Pro-choice. Pro-mask. Believes science. Humanist. DV survivor.
#sheldricktrust",en,
2434224397,jo nvmade,nvmadejo,"#LetTheTruthBeRevealed #MayGodBlessAmerica Every knee shall bow, every tongue confess that Jesus Christ is Lord!",en,
191243427,NVGirl,NVPatriotGirl,"Political activist and commentator, runner, fitness enthusiast, lover of all things outdoors. Proud Patriot. #maga #backtheblue",en,
47491556,Robert Hartung,NYbobie,Retired law enforcement independent  conservative !,en,
1932183302,EV,NYinAR,"Honor, family, country. #MAGA #USN 🇺🇸✝️26 yr active duty family.",en,
27364778,NYTXNN,nytxnn,American Citizen. America First RT≠Endorsement,en,
863087287382540289,reverse peephole,OaktHill,"Artist, Finish Carpentry, Mouldings, Restoration, Renovation and Home Improvement. Blogger, artist, musician, dad, car enthusiast.",en,
2492967013,Obv1ouslyNQth1ng,Obv1ouslyNQth1n,Great ambition is the passion of a great character. Those endowed with it may perform very good or bad acts. All depends on the principles in which direct them.,en,
1036027696373891072,𝘗𝘦𝘳𝘴𝘪𝘢𝘯 𝘊𝘢𝘭𝘪𝘧𝘰𝘳𝘯𝘪𝘢𝘯🦅🇺🇲🦁🟧,OCCaliPatriot,"US-born Citizen. Son of Persian Immigrants
Believer in the Constitution of the United States. #StopTheSteaI 🟧.
God Bless the U.S.A.🇺🇲🇮🇱
#RecallGavin2020",en,
3308323093,OC Deplorable,OCDeplorable,#AmericaFirst Support #PresidentTrump Conservative married Christian Patriot who loves America. Will FB ALL #MAGA #Trump2024 #StopCensorship #FightBack #Resist,en,
24768899,Anna Dalva,oceanmaniac,Travel Journalist NYC ✈️ Florida.,en,
275268161,OCMaker,OCMaker,Maker of things. 73 de K6TJO,en,
46038449,Ralph Cisneros,ocpaver,"Love Jesus, Husband, Dad, Proud American who will fight to defend our Constitution!! #MAGA #TRUMP2020 #TermLimits #TRUMPPATRIOT",en,
3161139356,Sonia ODonnell,OdonnellSonesco,"Former prosecutor, white-collar litigator who loves America and wants to preserve the Constitution.",en,
333186174,★ Krista ★,OfficeOfKrista,🇺🇸,en,
1371650910,Char❀ (Gab & Parler - @CharH),OhCanadaLady,Canada to USA to Canada to USA.  Married and have a great family.,en,
1260036861948559360,President-Elect Ohio Son of Liberty,ohio_son,Ohioan For Life | Sane in an Insane World | 2019 Was a Good Year,en,
126313550,Neptune78,OhmsLaw78,#PragerU is mind poison. I block people who dictate to their followers what they can post or like or follow. #Twitter,en,
23987491,QueenShan👑,OhSoFabShan,Just Me,en,
1727374842,mhs,ohululu,"Christian, Constitution. Pro God Pro Life Pro Gun #Trump2020 “When tyranny becomes law, rebellion becomes Duty” Thomas Jefferson",en,
332038794,From Sea to Shining Sea,OKCloud9,"Aviation and Space enthusiast, Patriot, Daughter of the ""Mighty Eighth"" AirForce,  DemExit'd in 2016 
#WalkAwayFromDemocrats 
On Parler: @OKCloud9",en,
332038794,From Sea to Shining Sea,OKCloud9,"Aviation and Space enthusiast, Patriot, Daughter of the ""Mighty Eighth"" AirForce,  DemExit'd in 2016 
#WalkAwayFromDemocrats 
On Parler: @OKCloud9",en,
332038794,From Sea to Shining Sea,OKCloud9,"Aviation and Space enthusiast, Patriot, Daughter of the ""Mighty Eighth"" AirForce,  DemExit'd in 2016 
#WalkAwayFromDemocrats 
On Parler: @OKCloud9",en,
427921310,OkieDeb,okiebadokie,"Mother, Grammie, Conservative Christian, American Patriot, watchman on the wall, Trump Supporter! MAGA!🙏🏽🇺🇸♥️💯",en,
782006432753258500,Crusty Old Sailor - Old Nikko Actual ⚓️,Old_Nikko,Old retired small ship sailor!,en,
816817272597704705,Ol' Dirty People,OlDirtyPeople,"Where my Ol' Dirty People at?                              

Making America Great Again on Gab @acrook",en,
1084883891104743425,Trump is the best & only president Trump For life!,OleskyJustine,Trump Lovin~All American~God loving Info wars listening ~ truth seeking conservative.,en,
21897511,cg,Olgold96,@Carylg81,en,
1259645056866230283,president-elect,olive_l_e,LGBTrump 🌈 | LAW & ORDER 🚔 | ALL Black Lives Matter | ❤️ Tucker Carlson ❤️ | #WalkAway 🇺🇸🇺🇸🇺🇸,en,
1260826475172855808,BK KING,OliveBr42748782,Favorite President: @realdonaldtrump 🇺🇸🗽 Favorite Criminals: @joebiden @obama,en,
1010709084277039104,RED,OlivelovesRED,Maryland Crab Lover 🦀 Floridian 🌞 Maine Is The Way Life Should Be🌲   #Nationals #Natitude #Terps #Melbournefl #MountDesertIsland #ChesapeakeBay #2A,en,
500707517,Melissa Houle,oliviashouse6,Just an average white girl trying to be loved. Proud conservative. Working in healthcare. Living the life :),en,
38017081,Michael O'Sullivan,OMichaelo,Celebrate God’s grace & Trump our top possibility thinker & problem solver! See Romans 1:18-20 & book: JESUS-ARTISAN OF BEAUTIFUL POSSIBILITIES - on B&N!,en,
801879701073629184,🛡️⚔️ Miracle Mike ⚔️🛡️,OMiracleMikeO,"Archangel battling evil for the Armor of God. Carry the Shield of Faith, Sword of Spirit, Helmet of Salvation, Belt of truth & The Breastplate of Righteousness",en,
235379754,Dr. president elect.,On_anon54,"MAGA 17 patriot, Christian. Come Holy spirit. +++",en,
1725407809,OneNewsBroadcas,OneNewsBroadcas,OneNewsBroadcas,en,
1218447526614843393,DanielainLalaland🇺🇲,oneofmypersonas,"Patriot 🇺🇲
Human being, period.  No platforms.
Nationalist. Mutually beneficial collaboration with and respect for other peaceful countries & cultures.",en,
628478237,American Patriot Mom,OnePatriotMom,Conservative Mom. Wife. Gardener. Living the American Dream & a believer in the American Constitution! Go big or go home! Parler @OnePatriotMom,en,
274609186,Marcia,OneRedDuck,"Retired USPS, Mom, Gramma, Corgi & Daschund owner, Cabo San Lucas is my paradise 💥PROUD DEMOCRAT/LIBERAL💥💪🏻Blocks Trolls, Bots & Racists.",en,
1325420046,Noe,onewaymatt1720,Matthew 17:20 🙏🏼✝️ God bless America!! 🇺🇸♥️ -follow me on Parler too! @onewaymatt1720,en,
1325420046,Noe,onewaymatt1720,Matthew 17:20 🙏🏼✝️ God bless America!! 🇺🇸♥️ -follow me on Parler too! @onewaymatt1720,en,
3037664563,President-Elect Sister to all Patriots...,OnofrioSarah,"Trump is the only one that can stop the Democrat mob...🇺🇲🇺🇸  I am a Trumplican   🇺🇲💪 #IStandWIthTrump
#MAGA",en,
1060695634850787328,Operation Dropkick,OpDropkick,"My friends call me Lenny, but I got no friends.",en,
785633228,Iloominati 🌲,OrenBalaban,Media Analyst. Entrepeneur. Independent. Web Developer. Powered by Linux.,en,
785247468,ριѕѕє∂ σƒƒ мαтту 🇺🇸,OtherMatty,I’m not worried about being polite here anymore  I like dogs probably more than I like you. 🇺🇸,en,
1101530128159391744,Real eyes 👀 Truth in Our Midst ⚖️🇺🇲🦅,OurMidst,Truth Investigator,en,
865227092727934978,🌲Kurt Rustle🌲,OutlanderSystem,"Massively intelligent, large dataset driven, fully autonomous shitposting robot",en,
54355658,Peggie Malcolm,OutlanSpringers,I have many passions...but one of my biggest is for my English Springer Spaniels!,en,
906222176453439488,gingersnap🇺🇸🇺🇸🇺🇸🇺🇸🇺🇸🇺🇸🇺🇸✝️,owlsvaultstone,"God-MAGA-1A2A-family-Trump 2020-don’t like stupid-Christian-OAN follower-conceal carry-Conservative-NRA,Military supporter,don’t like scammers",en,
973722435928260608,Renay,OWMS12,"Mom to two beautiful girls. Engineering and sales, Born June 15, 2015, Notorious crier , frequent Canada traveller.",en,
821781392778547201,Martin H Oxman,OxmanMartin,I DO NOT ACCEPT NOR SUPPORT JOE BIDEN FOR POTUS! THE 2020 ELECTION WAS A FRAUD! MY VOTE WAS STOLEN!!,en,
1451821616,OzarCaneSaw,OzarCaneSaw,"Just here to corch it up, flying around making plays. The moment you take the twitter serious, it wins.",en,
1149353412,Ozetty,Ozetty,Retired LEO #BlueLivesMatter #NRA #MAGA #KAG #BuildTheWall,en,
262289529,Paul Perry,PA_P3RRY,"WVU Alum | Petroleum Engr | [o|||||||o] | Numismatist | Whatever you are, be a good one",en,
937126751842512897,Az 🇺🇸Republican Back until Parler is back,PAAZRepublican,"True conservative, love our country & US flag. I support patriots, not necessarily the Republican Party.  Stand up and fight for our country and constitution.",en,
750393812980293633,Connie P.,pad2154,"I am not politically correct. Happily married to my best friend. 🇺🇸#MAGA 🇺🇸#WINNING🇺🇸 #TRUMP🇺🇸#CONSERVATIVE
No 🛑DMs🛑",en,
109669240,Mark Campolongo,PAGateway,Conservative with a libertarian lean. Unabashed Joe Paterno supporter - haters will be blocked. Retweet of a post does not imply endorsement.,en,
27024136,M.E. Moore,paidbeachbum,"Constitutional Populist, Film Producer, believer in the Lord Jesus Christ. Against the USA being the police force of the world.",en,
18294618,Pam Adkisson,pamadkisson,Keys2TheCoast Advertising /Marketing - Era Polly Real Estate Referral Agent - Social Media Manager 🇺🇸🇺🇸🇺🇸,en,
850226993081704448,Pamelada,PamelaViray2,"Wife, mom, artist, substitute teacher, singer",en,
69405618,Pam 🇺🇸,Pammy_63,"America will never destroy itself from the inside. If we falter and lose our freedoms, it will be because we destroyed ourselves. ~ Abraham Lincoln 🇺🇸",en,
259450253,P Keegan,pammypam4,"Proud Mom, lover, and supporter of Down Syndrome and autistic people.",en,
982669970940284928,Pam-Nation,pamnation411,"Howell Town Councilwoman, Sports Lover, Deplorable 🇺🇸, Teachers Aide 📚 🍎",en,
874750040,Pam Wisnewski,PamWisnewski,"GOD IS GOOD, ALL THE TIME!  Teamwork!  Love my kids!  NYer 4ever,    MAGA,  All-in,  ISAIAH 43:19",en,
1393134764,Herr Galke 🇺🇸❌,Paprika_im_Blut,"Nationalist. Millenial. America First!👍#AfD, #MAGA Trump, #120db, enviroment&animals.",en,
952619255228334080,Mac@ParagonConsulting,ParagonCMac,Peak Performance Consultant helping people become the best possible version of themselves.,en,
751327552682078208,J. King ❌,paramaximus,"100% Natural, No Artificial Intelligence, flavor or color!",en,
349349515,P. A. Ritzer,PARitzer,"Author #SevenOxSeven (hist fiction TX, KS), ""Love and the Art of Bookstore Book Signing"" #LABBSb, https://t.co/p9ZT8G20QK. Follow, rt≠endorsement. @PARitzer on Parler, Gab",en,
37771543,ParleUSA,ParleUSA,Don’t worry about what I’m doing. Worry about why you’re worried about what I’m doing. I love Jesus. America First. Find me on Gab https://gab.com/ParleUSA,en,
3351309777,KAD,partyof3andB,🇺🇸,en,
537814245,Sunny Girl,Pas1969Strong,From MT living the dream now in sunshine every day. #MAGA girl.#KAG#TrumpPence2020,en,
469913850,Carol RN ❤️Rush 👩‍⚕️🌺🌸🇺🇸,pasqueflower19,"Mom of Brittany, Matt, Sally & Morgan. #RN, #Conservative, #Reagan, #Trump #CaryGrant. #Yellowstone #Casablanca Parler/Gab- @pasqueflower19 #ResistBidenHarris",en,
877228420790272000,Pastor Pinewood,PastoralOutdoor,"Husband, Pastor, Farmer, fisherman, avid outdoorsman, committed libertarian and pursuer of truth.",en,
21800690,Len Paxton,pastorlen,Founder and Speaker at Acts 26:18 Ministries.. Celebrating 40 Years Of Spirit Filled Ministry,en,
15987245,CAMPONTHIS,PastorSJCamp,"Pastor/Teacher Cross Church I Reformed I 5 Solas I 1689LBCF I Singer/Songwriter I NRA/USCCA I Hub 2 Cyd I 7 Kids, 4 In-laws, 5 grandchildren I Lives Coram Deo I",en,
317320780,Patricia Coughlin,PatCough,"I SUPPORT PRESIDENT TRUMP 100%.  
AMERICA FIRST.  AND FOREVER.  
#MAGA.     #KeepAmericaGreat.
      Please NO DMs.",en,
1235263774539599873,TexasPatientAdvocate,PatientTexas,"Texan with a chronic medical condition. Impacted by CoPay Accumulators/Accelerator & High Deductibles, HPHD = Zero Coverage Health Insurance.",en,
45601304,Pam,patk58,"Proud American 🇺🇸 ! I💗 being Grandma, gardening !! MAGA !! KAG !! don’t do DMs",en,
22036532,Patrick C. Morgan,patrckm,"Husband & father #believer #wdw #MAGA #NRA Ottawa Co. Mi. Georgetown Precinct 3 GOP Delegate, #MIGOP Delegate, Ottawa county #GOP Executive committeeman",en,
160631338,"Patricia Bellomo, Author",patriciabellomo,Novelist. #mafiaromance #mafiathriller / #MAGA. Proud Patriot. Trump 2020.,en,
829074632317734913,Patricia Ernst,PatriciaErnst14,"displaced Texan, PERNST on Parler, defending the constitution",en,
829074632317734913,Patricia Ernst,PatriciaErnst14,"displaced Texan, PERNST on Parler, defending the constitution",en,
261743206,Patrick Comack,patrickcomack,Analyst at @ZacharyGroupLLC; Pernicious Anemia survivor; I trust God; short $TSLA via puts; My tweets about financial securities are not investment advice.,en,
22709843,Patrick Egan 🇺🇸,patrickegan3,Roman Catholic. Husband. Father. Libertarian.,en,
22709843,Patrick Egan 🇺🇸,patrickegan3,Roman Catholic. Husband. Father. Libertarian.,en,
773154576094683137,Patrick Krason,PatrickKrason,I comment inappropriately on stupid posts. I call out #FakeNews posts. I stick my nose where it doesn’t belong. I can be an asshole. Opinions are mine alone.,en,
4520234832,Patrick Lapone,PatrickLapone,🇺🇸🇺🇸🇺🇸🇺🇸🇺🇸🇺🇸MAGA🇺🇸🇺🇸🇺🇸🇺🇸🇺🇸🇺🇸,en,
755520532750163972,Patrick T. Rooney,PatrickTRooney,"| Catholic | Conservative | Vote Red | 🇺🇸 | 🇰🇷 |#BidenCheated  ""If fascism ever comes to America, it will come in the name of liberalism."" - Ronald Reagan",en,
939914154227486721,Warrior_4_Truth,Patriot_124,SGT USMC COMBAT VETERAN 🇺🇸#GODCOUNTRYCORPS #SEMPERFI #TRUMP2020 #MAGA #PATRIOTPARTY FIND ME ON PARLER & GAB:WARRIOR4TRUTH Currently not able to follow back,en,
203946698,Brown eyes👁Patriot 🇺🇸,patriot_brown,"#bidennotmypresident #Conservative, Animal lover , end animal abuse 🐾. #buildthewall #MAGA #Trump2024 🇺🇸 #2A #FBTS. Gab @patriotgirl55",en,
526552266,Patriot Lioness,Patriot_Lioness,Happily Married/Cat Lover/Christian/Conservative/Constitutionalist /Trump Won/MAGA/ Wine Maker just for the fun of it /Blocks Haters&Trolls/NO LISTS,en,
1197621270797525002,Patriot-4-evva 🇺🇸 🇺🇸,patriot4evva,Jesus Is Lord 🙌🏼 || Love My Family || Trump Supporter || Texas Deplorable 🤠 #PermanentNiceList,en,
1026185766215602177,robert p,Patriotbob1665,Proud fiscal and constitutional conservative #MAGA  I follow back all Patriots  http://gab.com - Patriotbob1965,en,
634013830,American Lotus 🇺🇸,PatrioticLotus,Patriot. Truth Seeker. God Wins. Pronouns: Red/White/Blue,en,
768098547770068992,AmericanPatriotMO,PatriotinMO_USA,Christian mom who loves the USA.,en,
388768730,Donald🇺🇸,PatriotintheUSA,"Proud American, Pro Israel, Pro Military, Pro Law Enforcement, #ProLife, Pro #TeaParty, Conservative. Libertarian on Some Issues #MAGA #KAG #Trump2020 #tcot #2A",en,
575857218,Jacki Barron ❌🇺🇸✡️⭐️,PatriotJackiB,Jewish American Patriot Mom & breast cancer survivor. My support for US and Israel is as strong as my opinions! #MAGA 🇺🇸 #Israel 🇮🇱 #BlessRVets,en,
3435940588,I ❤️ Winning 🇺🇸 #RESIST,PatriotMarie,"#SilentNoMore #HappyWife👠 #AmericaFirst #IAmAChristian✝️ #JesusIsLord #1A #2A #Trump2024 #RESIST #MAGA #Impeach46
 Gab @ Silentmajority John 14:6🙏🏻",en,
1013422872537120768,"NM ""Abortion to Birth"" DEMs",PatriotNM,"Good News 
Commentary

#unbornlivesmatter 
#1A
#2A",en,
4307195599,Dan,Patriottexan76,"🇺🇸 TEXAS MADE 🇺🇸 Give me liberty, or give me death! #maga #TRUMP2020 #trumpismypresident 1A 2A constitutional Patriot 2nd Generation Trucker",en,
471439412,💙🧡Auburn_Red Head💙🧡,patrise_reed,"Life is better at the beach🏖 War Eagle, y’all! 🦅Follow me and I’ll follow back ✌🏻Peace, love and happiness✌🏻#MAGA🇺🇸🇺🇸🇺🇸",en,
305883827,Patsy Williams,PatsyWilliams1,Louisana born and raised..living in Georgia! Love my LSU TIgers! and New Orleans Saints! grandmother worried about grandsons future in this crazy world! #MAGA,en,
60611163,Patti,Pattizongker47,"I am a wife, mother and strong supporter of our #POTUS Donald Trump for President 2020! #trump2020 #womenfortrump",en,
25623875,Nurse for Trump,Pattybrobst,I am a nurse and love my family.  I am a Trump supporting deplorable and a proud American,en,
445065141,PaoloTomilloso❌ 🇺🇸👌👌#MAGA❌,paul2dat,Once a marine always a marine/squid veteran4ronpaul,en,
85503348,paulajeantx,paulajeantx,Widow of a veteran; mother; Cowboys fan; proud to share a birthday with President Trump! #BuildTheWall #AmericaFirst #BackTheBlue,en,
2809753898,A Calif. NY Yankees Fan,Paulie_Z_2130,"NY #Yankees fan, California resident who believes in small government, low taxes, and baseball ⚾️ ❤🇺🇸🇮🇱",en,
1086121436782252033,Paul Lahomes 🇺🇸,PaulLahomes,"#MAGA #KAG Family Man, #LatinosforTrump America 1st! Proudly support our military! Back the Blue! Save the Children! Life, Liberty & Justice! Law and Order!",en,
834248645096644608,pauls nyc via FLA🕆🇺🇸🕊,pauls_nyc,"DO NOT FOLLOW UNLESS YOU LIKE MY POSTS OR FIND INTERESTING.
Will save time from you getting offended and having to unFollow.
I Do not necessarily Follow back.",en,
717151314828898306,Paul,paulski9er,Signing the Declaration of Independence was like signing your own death warrant. We all need to be just as courageous to fight to uphold our freedoms!,en,
823270787234705408,Paul,PaulUS8617,"Became a tweeter to fight the jingoism, MAGA lies, #VeryFakeNews, #AlternateFacts & haters of America that threaten democracy & the Constitution of our country",en,
1228230626,Hugh Gallagher,payments_guru,Give me liberty or give me death. -Patrick Henry,en,
3318228600,Payten,paytenoprea,txst ‘23,en,
716761316476788736,Cam30 🇺🇸,pccote66,"Life is Short, so Enjoy it while you Can | Husband | Father | Common Sense goes a Long Way | Movie & Music Fanatic ✌🇺🇸✌ #AlwaysSupportOurVeterans #1A #2A",en,
38851847,Paul Hammond,PCHammond15,The trials of life will make you either bitter or better. MI to FL. ✈️ Michigan's Natural Import Follow me on instagram: pchammond and Snapchat: det4life15,en,
2502688904,Blondie🥀,peaceluvmusic65,"International K Pop Fan, QAF, Crazy Cat & Dog Lady, Crisis Counselor, former Cali girl ( I miss Cali  💔) $Reenee35",en,
1629339452,BP 🍎,PeckPolitics,"Writer, Independent Thinker, Film Junkie",en,
18143008,Jason McNamara🇺🇸,PeerInvestment,"Patriot and defender of traditional American values, customs, and preserving our USA heritage and freedoms. This is the civil rights movement of our lifetime.",en,
3950712737,Aunty Peg Proudly Cov fe ‘fe w/DJT,peggy_fruge,"2 Chron 7:14-married to 3xVietnamUSMC Vet-Christian-Mom/GMa🚫porn-trolls-lists-BS-“haters”-vulgarity-DM’#, #TexasProud, Question everything, Proudly Cov fe ‘fe!",en,
991838512336048134,Pens Girl,PensGirl2,"TRUMP2020🇺🇸🙏
NO🚫DM!! LOVE MY COUNTRY❤🇺🇸#AnimalLover🐶🐱 Happily Married❤ #TermLimits🇺🇸1A🇺🇸2A🇺🇸Follow me @PensGirl2 Parler & @PensGirl on Gab.",en,
14533791,Winners ⭐️ ⭐️ ⭐️,pentony,"🇺🇸 ""It’s Easier to Fool People Than to Convince Them That They Have Been Fooled."" ~ Mark Twain 🇺🇸",en,
793160160,B͟I͟D͟E͟N͟ ͟L͟I͟E͟D͟ ͟&͟ ͟C͟H͟E͟A͟T͟E͟D͟!,PepeThePimpp,Say it with me now!; “J͟O͟S͟E͟P͟H͟ ͟R͟ ͟B͟I͟D͟E͟N͟ has C͟H͟E͟A͟T͟E͟D͟ in the 2020 election with F͟R͟A͟U͟D͟U͟L͟E͟N͟T͟ ͟V͟O͟T͟E͟S͟!” #JesusMattersMost🙏🏼🇺🇸,en,
883853167,Peppermintmom,Peppermintmom,Independent. Retired. Member in good standing if the KMA Club,en,
1345998470,PerceptLink,PerceptLink,"PerceptLink applies data science to business problems. If you want to discover new rivers of profit to capture, we need to talk.",en,
3400201858,Perfectly Clear w/ Roger Stone,Perfectly_Clear,PERFECTLY CLEAR with ROGER STONE and @realTylerNixon • Telegram: https://t.co/JVYYffMOP7 • Gab: https://t.co/WP9i6P5rDw • Get yourself #RogerStone: https://t.co/143WbxLId1,en,
316617810,President Elect Bob 👊🏼👊🏼,perl_greyhound,https://twitter.com/kayleighmcenany/status/1316470737260228608?s=21,en,
907092902899105792,Persephone Love,Persephone_Sews,"Daughter of Demeter. I make things. Sparkly things. ✨ #sewing, cats, snark, grad school. #FBR Block=Reclaiming my time. #ResistanceArtist 🌊",en,
2993840216,Zax,persiangoddd,🇺🇸🇮🇷,en,
52543416,🇺🇸 The Persistent Patriot 🇺🇸,PersistPatriot,"Veteran’s Daughter. Conservative. Former journalist/editor when verified facts, credibility and non-partisanship in reporting was mandatory.",en,
309308716,marcovision,peruginiink,Creative Director + AdMan. I also watch a lot of soccer. 🇮🇹🇺🇸,en,
3399251801,Pete Reyes,PeteCubaLibre,"Phil 4:13 President/Co-Founder of MPRC, Marielita, Husband, Father, ABAJO EL COMUNISMO! TRUMP 2020",en,
326165355,Sarah Palin = Joan of Arc (Text TRUMP to 88022!!!),PetePetretich,"FUCK YOU Twitter!!!

Fuck you, wanna-be Thought Police. Fuck you FOREVER...",en,
606080691,Justice B.❤️,Petersrock33,"⌛️❤J4🕊 #humanity. Matthew 13:24-30, 36-43 🌾🌾 which one are you?",en,
67766126,Ernest P. Worrell.❌(PETE)🇺🇸🇺🇸,PETEWHITE77,#gopackgo Towing. Department of Corrections. 👮  #gopackgo Been a Trump supporter since I was younger!! My pronouns are Fuck/You DIEHARD GREENBAY PACKER FAN.,en,
1057799351894982661,🙏🏻 #PrayForAmerica 🇺🇸,PghBlackGold,"Standing up against #SJWPCBS w/ facts & logic #SocialismSucks ❌ Biden is NOT my President 🇨🇳 
Find me on Gab, Parler & Telegram: @PghBlackGold",en,
2324616306,Proseh,phall1069,"Moon Worshiper #Astrophile  #Starseed #Patriot, Mother of 1, Wife of USMC Vet-@SgtPatriot1 #Crystals, #Astrology #Reading",en,
1069672903321432064,Pham Ngo,PhamNgo1,https://stopthesteal.us/,en,
265579989,Mikey🇺🇸🦅,PharrOut_10,God. Family. Country🇺🇸🦅,en,
344355427,pbp,PHIBBER13,"#Family #OkState Fan, #Hunter, #Catholic #TLM Vote 4 Conservative Principles, #NoRINOS #TexasBorn Love #Italy #coffee #Bourbon #LoveAmerica",en,
1089656978752843776,Phil,Phil_in_DC,Public Sector Consultant extraordinaire. Objectivist. Entrepreneur.,en,
377776716,Philly Young Republicans,PhiladelphiaYRs,Est. 1864 The official twitter of the Philadelphia Young Republicans. Building the future of the @PhillyGOP @PAGOP The oldest Young Republican club in America,en,
905854769381597184,Silver Beard,PhilHigdon3,"Retired/Disabled mental health professional-treated drug issues. Rural area always. Constitutionalist. Well educated especially for a country boy (MS, Psy)...☮♥",en,
66259470,Philip Flowers,philipflow,"husband of Eve, father of David &Phelps, servant of the Most High",en,
130921871,Phil James,PhilJames,QA Mgr,en,
800550913,🍀Meg 🇺🇸 ⛪️ ☮️ VOTE📍,phillygirlagain,🌟Faith Family Freedom!🌟 IFBAP 💯% #MAGA #KAG #⛱ formerly @jerseygirlagain. 🔔 ABSOLUTELY NO DM’s Do Not Message Me!,en,
27067705,Philly GOP,PhillyGOP,"We are the Philadelphia Republican Party, standing up for our freedoms in the birthplace of our nation. 🇺🇸🐘 #PhillyGOP #PhillyGOPUnited",en,
1146916964,Individual Liberty,PierceJDeWayne,United States Marine: Vietnam War & Desert Storm/Persian Gulf War Combat Veteran. The “media” has been Lying about veterans since 1967.,en,
29128560,Peggy 🇺🇸,pigletjay,"Proud/Patriotic American.  #MAGA #TRUMP2020, AMENDMENTS 1, 2 & 4",en,
20399773,Jeff Pijanowski,Pijanowski,"Former Newsday news editor, now a nonprofit executive. I cruise, judge/cook BBQ and fly Cessnas. #BillsMafia! Go Bills, Bonas, UH Coogs, Sabres, Yankees",en,
1101621901,PublicInterestLegal,PILFoundation,"Defending #electionintegrity in court, defending the Constitutional power of states to protect the integrity of elections.",en,
4094975841,PilotMarie,Pilotyourdreams,"Commercial Airline Pilot (AA), B787 Dreamliner is my office. Piloting My Dreams Into Reality, WW Entrepreneur, Adventurer, Powered by possibility!",en,
2717369235,Carlye❤️🇺🇸,pinkdaisey22,Proud 🇺🇸 woman💞 Lover of life 👠🇺🇸#MAGA☀️🌺🐬👙Florida girl🌿🌹 Follow back 🇺🇸 #Parler @pinkdaisey22,en,
2865540585,🇺🇸A Laney🇺🇸,pinkngreen3,"TRUMPLICAN 🇺🇸 Pro-Military, Pro-Police, Proud NRA Member *Follow me on Parler @Pinkngreen3 & Gab @ALaney #VoteRedToSaveAmerica #Trump2020 #MAGA",en,
28748249,Linda,Pinmonkey57,"Child of the '70s. I was raised on country sunshine. Always a farm girl at heart. My beagle understands me. Love baseball, real country music, rock&roll oldies,",en,
533341974,Frankie-Ji,piratesbelay,"Force Multipliers -
#AMC Hold 
#MAGA lives in the heart of lions 
432Hz
Royal Enfield Rider",en,
1265684064578592769,"Digital Jedi Loves Father, Jesus, & Holy Spirit",PissedWarrior,"Spiritual Warfare Prayer Warrior
I use this account to distribute info. You choose what to believe.
Gab: @BehindEnemyLinesOR
Telegram: @DigitalJediFromOregon",en,
461486301,Paul My,pistartech,"Internet business owner, Proud citizen of USA, Defender of Israel.",en,
1080838006901297152,🇺🇲PITBULL🇺🇸,Pitbull_Patriot,"I'm not dying (🙏🏽), but it is my fervent wish that Donald J Trump wins reelection. 



#MAGA #Trump2020 #KAG",en,
2311063871,𝗱𝗲𝗿𝗲𝗸,pixelprotectors,Husband to one / Adoptive father to two / Foster father to many / Distracted by too many hobbies / Contributor @HumanDefenseINI,en,
1088919210313613314,Fairy Princess,PixieJo3,Tracking Truth‼️ and wherever that leads. I am NOT a bot troll.,en,
74749913,Pixtal Peep,PixtalPeep,"Clear Eyes, Full Hearts, Can’t Lose",en,
27755898,Preston J Gary Jr,pjgaryjr,"Catholic, Husband, father, avid Saints fan who sometimes writes about his beloved team.  Straight from the basket of proud deplorables.",en,
770067585073381379,Paul J McDuffie,pjmcduffie4,"Christian.Husband.Father,American",en,
312477483,🌟WestieMama 🌟,pjwilb,Proud Texan & Descendant of William Wallace. Life is 2 short 2 put up with the uninformed who parrot the MSM. #MAGA #IStandWithGenFlynn #VoterID,en,
312477483,🌟WestieMama 🌟,pjwilb,Proud Texan & Descendant of William Wallace. Life is 2 short 2 put up with the uninformed who parrot the MSM. #MAGA #IStandWithGenFlynn #VoterID,en,
556955675,Hunt Zee Wolf,PKellyHardwa822,"Time is short, are you saved Christian John 3:16🙏 MATTHEW 7:15  Isaiah 5:20 2 Timothy 3:2-5 Rev 13 #ProLife #1A #2A #Resist Evil   #OSINT",en,
556955675,Hunt Zee Wolf,PKellyHardwa822,"Time is short, are you saved Christian John 3:16🙏 MATTHEW 7:15  Isaiah 5:20 2 Timothy 3:2-5 Rev 13 #ProLife #1A #2A #Resist Evil   #OSINT",en,
773549675580366848,Deplorable P🇺🇸🇺🇸🇺🇸,pkmcewen,"Deplorable Basketeer, Christian, Married 23 years, 3 children and 1 grandchild, Powered by faith, Stand with Israel, Stand with Trump",en,
27366237,Becky,PlanBJ,"Mom x2, Entrepreneur, Wealth creator, Cook and Cyclist and Atlanta Braves fan",en,
1102799059570561025,fudgethisfudgethat,PlaneAndSimple2,Trump ATW🇺🇸NYPD🗽NYFD🇺🇸Veterans💝St. Jude Children’s Research Hospital/stjude.org☕️Blackout Coffee Co.▪️Click on my link below 👇🏼for the best brewtal ☕️,en,
536822108,Hannah Vincent,PlantainHF,Proud wife and mom of 4. Dog grooming business owner. Child of God. Proud American.,en,
535949106,Johanna Parrish @Parrish_Place,playdoh52,"Super Happy Trump Supporter, Mother of Micro-premie ( 25 weeks), Pro-Life Activist, Married Millennial Mother of 2, Smartphone repair technician, Ebay Seller",en,
49610918,The Playful Walrus,PlayfulWalrus,#Christian #Constitution #prolife #FreeMarkets #TaxReform #NoShamnesty -I explain here http://playfulwalrus.blogspot.com/p/my-personal-declaration.html pronouns,en,
3836008983,PlayTheTrumpCard ⚡️ Legal Votes Only Please,PlaysTrumpCard,"24/7 commentary supporting President Trump
Remain calm & continue Trumping
#MAGA #KAG",en,
1229104786089422849,Plutzaman,plutzaman,Conservative with libertarian leanings,en,
371825029,Gov. northam Wants War,pmikewillis,Follow me on Parler @GovnorthamWantsWar #2AM #NukeLife #WarEagle #PlagiocephalyAwareness #TorticollisAwareness #MAGA #KAG #WalkAway  IFBAP ❤️🇺🇸❤️🇺🇸,en,
997136441309249536,Slim Pickens Podcast,podcast_slim,"The art of conversation with people I find interesting,talented, funny or more intelligent than myself. Unscripted & Unedited 🎤🎧📡",en,
37467514,Anna Podder Bolsonaro 🇧🇷 Trump🇺🇸 #KAG,podderlands,"“The abstract, unreal freedom of the liberal intellect was really nothing more than childish disobedience, amplified into anarchy” Sir Roger Scruton",en,
34106844,Eugenia Raileanu,podpeople0127,"1000% Trump supporter. The best President since Abe Lincoln 💖♥️
I changed party affiliation to Independent.
Disgusted with all the RINOS.",en,
247312318,Ella🌱π🍊👣🌺🌎🌴🍋Florida ن,POE314PI,Florida Cracker 👣Jesus♡family♡freedom☆organic growering♡art♡salt life♡History♡ΜΟΛΩΝ ΛΑΒΕ☆ Archaeology♡Genealogy♡Daughter of Vikings&Kings♡Pro-life♡MAGA☆,en,
2234326038,Beautiful Insomniac,PoleFitnessFoxx,"some will some won't, next Follow me on IG@misstattwhooty & Snapchat @https://www.snapchat.com/add/jettefox",en,
49725343,Politically Incorrect 🇺🇸 🗣🗣,political_busy,"🚫🚫🚫 DMs. I don't deal with TROLLS or jerks #INSTABLOCK both. PC is BS! Don't like it, go away! If you've come here I've pissed you off. 🤷‍♀️ I don't care.",en,
798351157001388033,Politically Alternative Media 🇺🇸,PoliticallyAlt,"We fight back against mainstream media's false narrative. 
https://parler.com/profile/PoliticallyAlt/posts",en,
798351157001388033,Politically Alternative Media 🇺🇸,PoliticallyAlt,"We fight back against mainstream media's false narrative. 
https://parler.com/profile/PoliticallyAlt/posts",en,
798351157001388033,Politically Alternative Media 🇺🇸,PoliticallyAlt,"We fight back against mainstream media's false narrative. 
https://parler.com/profile/PoliticallyAlt/posts",en,
1254556114982756353,Politicamil,politicamil,Anti establishment. Constitutionalist.  Mother. Child of God. Freethinker.,en,
1258471767330492418,PolitiCat,Politicat45,"Dog who identifies as a cat. Entrepreneur. 
#FUJack",en,
41827287,PolitiDad,PolitiDad,"Small Town Dad 🇺🇸, Independent Thinker, Freedom-Loving American, Cyber Security Engineer",en,
2931973490,🚀🚀Moon Princess 🚀🚀,PolitiShox,LIVING IN THE CRYPTOVERSE 💰-MARRIED!,en,
27234106,Matt Pollard,pollardqb23,where did all our freedoms go?,en,
3482708422,Jumbo Pomeranian,PomeranianJumbo,SIU Frauds / Skip Tracing - Self employed Private Investigator - Love & Believe In USA ... 😎,en,
65207311,The Poob,poobin420,"#MAGA #Trumplican #IFBP. I'm sick of the #CryBullies on the left. No DM's please. I ❤ the USA 🇺🇸 and our last President, Trump.",en,
329300035,Mike (Mr. Saltine),Pookies_8,"I believe in God the Father,Jesus his only son,personal responsibility,anti-murder(prolife) bill of right #MAGA #KAG #Trump2020",en,
329300035,Mike (Mr. Saltine),Pookies_8,"I believe in God the Father,Jesus his only son,personal responsibility,anti-murder(prolife) bill of right #MAGA #KAG #Trump2020",en,
329300035,Mike (Mr. Saltine),Pookies_8,"I believe in God the Father,Jesus his only son,personal responsibility,anti-murder(prolife) bill of right #MAGA #KAG #Trump2020",en,
1241719580948643842,keep laughing.,Poozymoto,I’m glad you’re feeling cute.,en,
1070276413779959809,PopCulturePb,PopCulturePb,"YouTuber following pop culture.
Huge Scifi Fan! Hot takes on #Marvel, #StarWars, #DC and anything big.
Founding member of Prophets of Geek Culture",en,
68021407,GW,porterguy1,"Christian, Husband, Father, Family Practice physician, Patriot, 2A supporter, #MAGA🇺🇸",en,
791052695524311040,JustAnotherDisputedTweet🎯,PostelleAllyson,"SRA/Attempted Murder Survivor, Theft of Intellectual Property by Hypnosis, Targeted Individual, Behavior Therapist, Abuse/Neglect Investigator, Spec Ed Teacher.",en,
1126414392080232449,Traducción de Donald Trump al Español,POTUS_Trump_ESP,@hectorvote traduce Tweets de @RealDonaldTrump para que no cambien su mensaje. I translate tweets to Spanish to prevent #FakeNews. Not affiliated/impersonating,en,
841704342474375170,Potus Archive,POTUSPreserved,Presidential Records Act,en,
1128916842,Gus Atlanta,PR_51st_STATE,"America First, Pro-Life, I Stand with The People of ISRAEL, GOD bless America & Long Live the Republic. #AllLivesMatter #KAG #OldGLORY #StopTheSTEAL",en,
1256188400840908800,Prayer Trooper🇺🇸🗽🗡,PrayerTrooper,"Helping you to see God in your life. Truth seeker, Patriot, Artist, Educator, Coach",en,
1083484590327689219,WesTexClay,prayerw62758802,Child of God👑 Interceding On Behalf of His Anointed ⚔️ 🇺🇸🇺🇸MAGA🇺🇸🇺🇸,en,
1491173263,Travis Howard,preacherthoward,"A Baptist with a Bride, a Bible, and a Burden!  Husband to my Beautiful wife, Pastor of a great Church, Child of The King, Servant of The Lord Jesus Christ!",en,
253312240,PreacherTrainer,PreacherTrainer,#Preacher #Trainer #JesusSaves #Jesus #FirstFridayFellowship #SavedByGrace #Fitness #RealConservative #Patriot #USA,en,
3227363439,P,preeyahx3,💊 Not a Libtard,en,
945318105164734464,CryptoLevi,presidentLevii,"Crypto Enthusiast.
#btc
$icx $enj $vgx $dot $htr $one $lto $ocean
           REDDE1 code @investvoyager for $25 of btc. 
*not financial advice*",en,
174810906,Mr. Price is Right 🇺🇸,Price_Williams,Just because I disagree with you does not mean that I hate you. That’s all I have to say about that...,en,
27923510,DannyClinton,pride130,"son of WJ Clinton, stepson of Hillary Clinton",en,
304724544,Pristine Mind 💎,Pristinesara,"Love alone is worth the fight.
I am blessed with a wonderful family🌹
Don't worry be happy😊 
#Conservative
#Latina 🇻🇪🇵🇾

☀ God will never fail us☀",en,
36741547,Privacy Camp,PrivacyCamp,"The source for news on #Privacy Worldwide.  Founded by @ShaunDakin, @DakinMarketing at @GeorgeMasonU #gmu315",en,
27113553,NARAL Pro-Choice CT,ProChoiceCT,Connecticut's leading political advocate for women's reproductive rights. https://linktr.ee/naralct,en,
58388941,Producer Millian Quinteros,producermillian,Voiceover • Audio Editing • Podcasting • Cryptocurrency • Vlogging,en,
1419597456,Hunter Mayberry 🇺🇲,ProfesserBird,"Founder of ProBird Reviews. Writer. I love watching birds 😍 Wrote: God Took Her Home rt's ≠ endorsements
#ProfesserBird  #DOGECOIN",en,
1194398838246821889,The Virginia Project,ProjectVirginia,"Building a 21st Century Virginia GOP

info@virginiaproject.com

Donate at Winred https://secure.winred.com/the-virginia-project/donate",en,
386918403,Pro Libertate 🇺🇸,prolibertate7,Proud American Woman. Had to change name/pic due to threats from 'tolerant' liberals. I follow all Patriots. On Parler as @ProLibertate7,en,
1242534298537938944,stephanie ( ChildOfGod ),ProphetSteph777,"*Wife&Mother-Proverbs 31 woman* Jesus hands, feet and mouthpiece #GodAnointed",en,
1248264409291653121,Prophet Zach Gardner,ProphetZachG,Autistic Adult. Celiac Disease. God's Unlikely Voice.,en,
14236800,Mulder’s Unapologetic Toxic Masculinity,proteinwisdom,"Writer, former academic, and liberty activist. My opinions are mine, they're real, and they're FABULOUS!",en,
589743866,Pray for America! 🇺🇸,ProudAmerican82,"Love the USA, hate what the Left Wing Mob is doing to it. I love life and protecting the rights of the most vulnerable! #WalkAway #MAGA #CHRIST #Trump2020",en,
17766879,🇺🇸 No More LIP 🍀,psbrown,"American patriot. Proud constitutional conservative. Pursuing happiness, loving life, liberty, music and my baby in the land of the free. #USA #Veteran #KAG",en,
1188669599899885568,𝐍𝐲𝐬𝐬𝐚🇺🇸🩺,PsychedRN,𝐮𝐧𝐚𝐛𝐚𝐬𝐡𝐞𝐝𝐥𝐲 𝐞𝐝𝐮𝐜𝐚𝐭𝐞𝐝 𝐩𝐬𝐲𝐜𝐡 𝐧𝐮𝐫𝐬𝐞 + xxᴠɪɪ ❥ 𝐚𝐥𝐦𝐨𝐬𝐭 𝐰𝐢𝐟𝐞 + ꜰᴜʀ ʙᴀʙʏᴍᴀᴍᴀ ❥,en,
1159824374104354816,PT News Network,PTNewsnetwork,"PT News Network is a media outlet covering breaking news, events and topics specifically geared towards those working in the trucking industry and all Americans",en,
245225572,Danny,Puffwoody,"Yankees/Giants.Running/skiing/biking, Fan of the Boss, DMB, McCartney ,beer,deck,stogies and
Ronald Reagan",en,
152373515,Puglisi Consulting,Puglisi,Puglisi Consulting “Support for Professionals and Agencies” a Digital Ethos concept.,en,
20218885,the punditocracy,punditOcrat,"Political opperative working the shadows. Family man, connoisseur of the wet shave and Wall Street Capitalist who occupies a job.",en,
66698953,PureSocial™,PureSocialNet,"Crowdscore™, Thought Leaders, Pure, Unbiased, Smart Media. Retweets are not endorsements. #smartmedia http://puresocial.tv",en,
2912215553,Boku,purodiusa,"Banner by the lovely and talented @mitsuparfum, used with permission.",en,
2988998907,PurpleSky11 🇺🇸,purple_sky11,"~Facts Matter
~I stand for 🇺🇸
~I am not afraid of storms, for I am learning how to sail my ship. ⛵⛅
#MAGA #Patriot #Mom  💪💜   o7🇺🇸",en,
785529636935512066,PresidentElectPurple (🌟)❌💊🇺🇸,Purple38347235,"Love the USA.Respect those that defend it. Have no problem clinging to GOD,guns and religion.#MAGA,#KAG,#1A,#2A. I stand for the anthem & kneel only before GOD!",en,
20281328,Rozrn (Rosa BHI),PushBack4Trump,"#America, @Twitter & CEO @jack are partner’s w the Marxist left & #TheDemocrats 2 #purge free speech. I went from 15K supporters to 7K & going down by the hour!",en,
631453913,Ribo413,Pvr9Riley,I called Trump’s win in 2016 and I’m calling his win again in 2020. The liberal elite in the northeast and on the west coast have No serious candidate. #MAGA,en,
763059465033768960,F The Trolls,PyschoCTsBack70,"Bubba Loyalist 4 Life,General Bean,PlayTimesOver!All FlipFloppers Kiss my Ass,Obis is a Crybaby!BA💪ParodyAcct #MAGA Trump2020🇺🇸RT's aren't endorsements",en,
1446959204,Kat,QBx2mom,football !! @Amberlen on parler,en,
74963542,BIDEN IS A FRAUD,qith8n,BIDEN IS NOT MY PRESIDENT | TWITTER CAN KISS MY ASS | SOCIALISM IS FOR MORONS ✌🏾🇺🇸,en,
1074128326770483205,Mr. Largo,QLargo1,You only have one life to live. Enjoy every single moment.,en,
1135042201803730945,RevelatQr,QRevelatorQ,"Genealogy, anthropology, history, nature lover",en,
250657681,QT,QTWIQ1,"Knitting in heels, no less. typos happen. 🇺🇸🇺🇸",en,
473336172,David Gilstrap,Quadfather0708,"Christian, Husband, Quad-Father,Son, Brother, Don't Tread on me American!",en,
527186918,Mrs. Duckett,QueenBailey_,"Bears, Beets, Battlestar galictica #Blessed #Mom #Artist #RTR ❤️🐘",en,
1245466253067681793,QueenHollyFay on Gab 🇺🇸♀️,QueenHollyFay20,"#BidenIsDestroyingAmerica #SaveAmerica #ImpeachKamala 
#NoIdentityPolitics 🙅🏽‍♀️🙅🏽‍♀️🙅🏽‍♀️  #BackTheBlue #Defend2A #WomenInSTEM  
#AdoptDontShop 😻",en,
24927052,Salvo MPM,queenoftwilight,Travel ... Music ... Weird things ... repeat!!!  Music Publishing/Management,en,
186430361,Patricia Mckinney,QueenZion1965,"Founder of WIT. Author, Spiritual Advisor, Prophetic Teacher, Visionary and Lover of The Most High God and His Holspirit 🙌🏽
#Patriot 🇱🇷 #MAGA",en,
395573855,QUE$T10NABLE,QUEST10NABLE,Baller on a Budget / Overall Questionable Human,en,
315073604,MAGA Forever,r_shinn,"So I don't get banned, my pronouns: She / Her",en,
2218020651,DM💙,R3dWhiteNblue,"I'm just here to support our President. I always TRY to debate with class and facts. No DM's please, I won't respond.
Wife, mother, animal lover. #MAGA #KAG",en,
708947848688234496,#WeAreTrump 🇺🇸❤️🇺🇸,Rach_H_81,"🙏🏻🇺🇸💙🇺🇸🙏🏻 Mother, Wife, Small Business Owner, Diehard supporter of our POTUS! Making America Great Again one tweet at a time. 😉🇺🇸👍🏻",en,
1090749194422358020,Rachel Thompson🇺🇸,rachelh56432117,#Trump2020 #MAGA #Georgia On My Mind #HappilyMarried #2A #Christian 🙏 #Patriot #ProLife #NRA,en,
130232886,Rachel Hunter,rachelhunter80,#MAGA #CHRISTIAN #BackTheBlue,en,
876432743604813824,Rachel Van,RachelVan9876,"Christian, single mom, retired Army National Guard and conservative😊",en,
841061291045318657,Renee Davis,RAD_USA,"I'm not Bossy - I've just been Blessed w/an Administrative Gift.

#USNavyVet #Christian #Family #BuckeyeGirl #LakeErieLover #Fish #CleveSportsFAN #CraftBeerBabe",en,
237522887,Paul-fitness(sometimes Cross-fitness)&bikes/movies,Railgunbikes,"I workout, watch movies, build awesome bicycles, eat, I love me not you. I block all news/sports, or people I don't like.",en,
1881869352,Railpony #netneutrality #BenadictDonald #lockedup,railpony,Single Straight Male Railfan and Brony from NW US highfnctng Sensory autistic Neither Pedo Nor Propedo #netneutrality #RinglingBrosRevival #SaveOurTrains #sueeu,en,
990483994763563008,Rain Parker,Rain2374,Don’t be 🐑 (@Rain23 Parler)Trump 2020 Partys don’t mean anything. (Rain23 on gab),en,
2315838763,💞🇺🇸FOLLOW the SIGNAL🇺🇸💞,RainsHalcom,"💗 GOD~ FAMILY ~COUNTRY

💗 SNOOPY

🇺🇸❤MAGA❤🇺🇸

Gardening, camping, grandkids, photography 

#JUSTDRIVE
#WarRoomPandemic
#WashingtonState",en,
1005118766,Raissa Devereux,RaissaDevereux,"I'm an eclectic SF/Fantasy fan, Anglophile, and child of the 80's.",en,
773282446070587392,RaMello,RaMelloMusic,Music Hip-Hop/Rap R&B/Soul #RedLife,en,
763080408418451460,Powered By Freedom 🇺🇸,RamenInMyVeins,America FIRST | The men and women that bravely run toward danger are the real HEROES | You Get What You Give | Love conquers Hate | 🇺🇸🏳️‍🌈💙👮♥️👩‍🚒✝️,en,
881574854180446208,Patriots VS. Everybody!!!,RamitMon,"American Patriot, III%, Defender of the Constitution, God Fearing Liberal Slayer, NRA Life Member, Deplorable, #MAGA #TRUMP #NRA #Draintheswamp🇺🇸🇺🇸🇺🇸",en,
924442707736563712,Ramona Pevey,RamonaPevey,"Christian Conservative Wife, Mother of 2 and Teacher of many. ❤️’s God and family. Proud to be an American. 🇺🇸  -no DMs",en,
135563887,President-Elect Ramón E. Balaguer T.D. #REBTD,RamonEBT,"Love God,
my wife & sons, family & friends,
USA & Military,
Dominican Republic & earth,
Life, ministry & my businesses.
In that order. #REBTD",en,
551247611,C.S. Ramza,Ramza_2,"""I am a millionaire. It's a weird thing to hear, right? It's a weird thing to say...I AM A F***ING (multi)MILLIONAIRE!! And guess how old I am? 45.”",en,
845002104557240320,#IStandWithTrump #AmericaFirst #1A #2A USA,Randy77847389,"@realDonaldTrump @TrumpWarRoom  
 @TeamTrump @BlackVoices4DJT @EquipoTrump @WomenforTrump",en,
2704595310,Randy Wright,RandyTWright,Technology & Politics are my thing - Constitutional Conservative - Clinging to my Bible and Guns.  Opinions are mine alone!  Rtwright on Parler. #NotMyPresident,en,
279842758,Randy Wynett,RandyWynett18M,"Driver/Owner of #18M Dirt Late Model | Randy Wynett Racing | #2A μολὼν λαβέ si vis pa· cem, pa· ra bel· lum | Just trying to get on the track & sling dirt!!",en,
47777322,Anonymous Source,Ranna5215,#CONSERVATIVE #2A #MAGA 🥃🥃🥃,en,
1223664024442683392,Raspberry Rose,RaspberryRose7,For King Christ and Country 🇺🇸,en,
1223664024442683392,Raspberry Rose,RaspberryRose7,For King Christ and Country 🇺🇸,en,
31560813,RavensRedd,RavensRedd,Working on me.,en,
1011333843499044864,Ray Baker,RayBake19770045,"Christian, Conservative, Patriot.   It's a      wonderful life if you don't weaken!",en,
3413095636,Ray,RaybytheRiver,We shall see.,en,
1243663732577677312,Owen Bailey-Waltz,raydkent,"""You want to know which ring's my favorite? The next one."" -Thomas Edward Patrick Brady, Jr.",en,
20616568,Ray Feldmann,rayfeldmann0523,"Communicator, connector, and collaborator. Authenticity is my superpower!! President and CEO of Feldmann Communications Strategies LLC (@FC_Strategies)",en,
1905987714,Devon Gardner,RayGardner94,hopefully I don’t get banned.,en,
707509885,atypical_millennial,RayOfPolitics,Far from perfect JC lover. Wife. Mother. Woman. Patriot. My race is human. So is yours. #Trump2020,en,
789955591984652288,R B Belaire 🇺🇸,rbbelaire,"Father, Veteran, Patriot, Educator, Professional Land Surveyor, Squeeze lyric interpreter, Political Junkie, Cajun in Texas. #KAG",en,
186318732,Chuck Batten,rcbatten,"My journey to the truth started in the 80's. Henry Marshall, Billy Sol Estes, Lyndon Johnson, John F. Kennedy. All are tied to what's going on today.",en,
1091846620059189248,Rev. Dr. Robert,rdeane13,"#1A #2A shall NOT be infringed. 71 yr old 100% disabled Nam Vet. God bless my angel wife, the USA & Donald Trump. Our Constitution = Our Freedom    John 3:16",en,
82476746,Frankie Satterfield,Rdsknsfan3,"Fighting to take back OUR country from Socialists. I will not be stopped in my pursuit of helping to push back the ""Frontiers Of Ignorance"".",en,
988593192189726720,Amanda Smith,Real_ASmith,"Aero Engr, Texas A&M alum, Gunship Mama, leader, patriot,  Fmr CIA DS&T, current oil and gas mgr,
http://StoptheSteal.US",en,
85056149,Ben Hunter,real_benhunter,"Christian, American, Content Creator, Writer, Film Connoisseur, Avid Reader, Politics, Somewhat of a Surfer too",en,
3333554652,*Real Deal Teal*🆓⚔️,real_deal_teal,"Southern by the grace of God, Jeffersonian, 2nd amendment shall not be infringed absolutist, proud cigar and whiskey snob, and constitutional originalist.",en,
19777469,AnneMarie ☃️,RealAnneMarieC,"Parler @RealAnneMarieC 🇺🇲
Mother of five❤️
Lolly to two 💞
Trump won 2020
Democrats cheat Republicans are weak! #MAGA @realDonaldTrump
I still smirk a lot 😎",en,
19777469,AnneMarie ☃️,RealAnneMarieC,"Parler @RealAnneMarieC 🇺🇲
Mother of five❤️
Lolly to two 💞
Trump won 2020
Democrats cheat Republicans are weak! #MAGA @realDonaldTrump
I still smirk a lot 😎",en,
850748784522928129,SDbeachbum,realbeachbum5,no DMs. I will unfollow and block,en,
762672535,Bobby Walker🇺🇸,RealBobbyWalker,Digital Director: @newyorkgop Chairman: @nyfcrs RTs not endorsements/rest is my own opinion. #LeadRight #MAGA,en,
247374262,Bradley Brewer 🇺🇸,realBradBrewer,Writer • Published: @newrightnetwork @HumanEvents @TheNatPulse • Conservative Christian • Entrepreneur • #Bitcoin • IN ✈️ NC • Husband to @ClearlyKatie713,en,
247374262,Bradley Brewer 🇺🇸,realBradBrewer,Writer • Published: @newrightnetwork @HumanEvents @TheNatPulse • Conservative Christian • Entrepreneur • #Bitcoin • IN ✈️ NC • Husband to @ClearlyKatie713,en,
1056600959370100737,Chandler Crump,realCCrump,"16 Year Old Conservative Commentator, Public Speaker, & Activist 
Communications Director @BLEXITStudents",en,
16526000,Denise McNamara,realdenisemc,Wife/Mom/NeNe/Former 8-year TX RNC/Ret. Court Reporter/Clinton’s ‘98 depo/😮/Entrepreneur/Walker TX Ranger/ McNamara Media/lSpeaker/Writer🇺🇸✝️🍿,en,
19418255,My blue check is bigger than yours,RealDJEv,🔈• Original DJ Ev / Mixtape / Club / Radio / Tour DJ and Producer 🔈• Spun for Erick Sermon / Keith Murray / Def Squad / EPMD,en,
838786480894013440,Doug Wade,RealDougWade,"World-Changer, Freedom & Truth Slinger. Exposing #Bigtech http://puresocial.tv @puresocialtv @puresocialnet http://puresocialnetwork.com",en,
942227101968748544,Emmett Carey,realEmmettCarey,Junior at Pennridge High School. Roman Catholic. America = greatest country EVER 🇺🇸,en,
456254565,Erin Atkins,RealErinAtkins,"I have a hard time keeping my mouth shut. I often give my opinion without anyone asking, and typically don't care.  Deal with it! :-)  Happily married. 💗🇺🇸👊",en,
1134280710230106112,Sense of Common,realgoodeye,"debate everything and have an opinion, freedom is a privilege not all people in this world have! earn it everyday",en,
142325725,"Jack, not in the box",realjacksteve,Parler: realjacksteve A China Born American | 🇺🇸Conservative | Freedom Lover | 政治推为主，树洞为辅,en,
261939248,James Mather,realJamesMather,“No dream is too big. No challenge is too great. Nothing we want for our future is beyond our reach.” – President Trump,en,
87784600,VP/Acting-Prez Josiah Cochran,RealJCochran,Disciple | PK | Shot Taker | YP of @bbcasheboro | @the828project | Host: The 828 Podcast 🎙 on Apple/Spotify/Others,en,
87784600,VP/Acting-Prez Josiah Cochran,RealJCochran,Disciple | PK | Shot Taker | YP of @bbcasheboro | @the828project | Host: The 828 Podcast 🎙 on Apple/Spotify/Others,en,
1573092924,Jonathan Young,realJLYoung,The world can't run without a salesperson...,en,
444197859,John Sandor,RealJohnSandor,"#MAGA #KAG
God bless America& Pres Trump & our troops 🇺🇸
 
Followed by Tony Shaffer @T_S_P_O_O_K_Y   
Charlie Kirk @charlieKirk11 
 
      Harlan Hill @Harlan",en,
1080839030382694400,⭐ J O S H U A ⭐,RealJoshuaKeith,"Qklahoma, born and raised.",en,
230318947,Katie J. Williams,realkatiejow,"Trustee - For #CCSD District B, Elected Official for the Clark County School Board of Trustees, Politician, Tweets are my own.",en,
808642507961671684,🗣Le Daniels 🗣,RealLeDaniels,Proud American Widow with 2 GREAT kiddos and 4 PERFECT grandbabies!,en,
312428927,Les Hayes,realLesHayes,"Conservative millennial. A member of the silent majority, speaking out in favor of conservative values.",en,
724603880,Patriot Barb 🦅 🇺🇸,RealLPBarb,American Business Owner #TrumpPence2020 #TCOT #1A #2A #MAGA #KAG #BackTheBlue #ReopenNC PatriotLPBarb on Parler,en,
954185356840263681,🇺🇸✝️KellyWolf✝️🇺🇲 DON'T BACK DOWN,ReallyKW,"Spirit lead me where my trust is without borders Let me walk upon the waters

 ♡ God Bless America 🇺🇲☆daughter of a Marine. #MAGA #Vets #AmericaTheBeautiful",en,
1119289378466095105,MAGADOGS 🇺🇲🐾,REALMAGADOGS,http://Stopthesteal.us Home of the Official MAGADOGS Bandana! Store link below 👇Follow for giveaways and updates.,en,
344373492,MJ,realmajordan,organizing for action results are in https://time.com/5936036/secret-2020-election-campaign/,en,
844216621254303744,Manor Hill,realmanorhill,🧩May the Prince of Camelot return 🧩🤿✈️🔑 IN GOD I TRUST🔑,en,
1644659580,Mark Kennedy,RealMarkKennedy,Jewish political junkie.,en,
601535938,Matt Couch,RealMattCouch,"Christian - Father - Investigator - Political Analyst - http://TheDCPatriot.com - Truth Slinger - Si Vis Pacem, Para Bellum - IG/Parler/Gab: @RealMattCouch",en,
601535938,Matt Couch,RealMattCouch,"Christian - Father - Investigator - Political Analyst - http://TheDCPatriot.com - Truth Slinger - Si Vis Pacem, Para Bellum - IG/Parler/Gab: @RealMattCouch",en,
601535938,Matt Couch,RealMattCouch,"Christian - Father - Investigator - Political Analyst - http://TheDCPatriot.com - Truth Slinger - Si Vis Pacem, Para Bellum - IG/Parler/Gab: @RealMattCouch",en,
1194458646228303872,Real Nanny,RealNanny1,"Catholic Mama and Nanny. Here to pray the rosary for family friends and country. There is an answer to the mess we're in.
#MAMA Make America Moral Again.",en,
705428955264712705,Lisa,RealPurpleFox,"Conservative, positive, authentic. #MAGA🇺🇸 Lymphoma survivor 2020 💜",en,
1007709791714791424,🇺🇸 ReconScout 🇺🇸,realreconscout,"I'm a proud father, an honest, and true American. I loved my 6 years in the military. I had most incredible experiences and would do it again.",en,
1144286276134297600,Richard M,realrichardf,"Business owner/student • Capitalist. Politics, entrepreneurship, fitness, bookworm, real estate, basketball - Phili 4:13 #KAG",en,
1248644460789075969,"Rock ""The Rock"" Rockson",realRockRockson,☄️☄️☄️,en,
1184289498382905344,🇺🇸Bobby D. Millstone🇮🇹,RealSaltySlim,I hope 2021 is better than 2020 - Parler & Gab @ RealSlim - Anti-Establishment - #SaltyArmy 🇺🇸,en,
42921306,Darlene Bonniwell,realtorofoz,"International Realtor. 30+ Years Experience. International Real Estate Federation, Houston Council past president Ancestor of Original Colonists. MAGA",en,
1060155285145354241,TheRealUnFeminist,RealUnFeminist,Slightly above average looking chick superhero GIRLdling vegetation in amazons of feminists. No vagina hat. No https://t.co/Yd5raV6G5E kidding.Future ex-wife of Brandon Straka.,en,
857963417189142528,🇺🇸 RebeccaJ🔸,RebeccaJ6489,"Wife to @Retlaw1911 💕
Mom 👨‍👩‍👧
Amateur photographer 📸
#Christian ✝🕊
💯% lifelong #ClemsonTigers 🏈 fan
#ALLIN
Conserv@t¡ve🗽
M@G@ K@G 2020 🇺🇸",en,
23606264,Pissed-Off Californian,RebelBlondeCA,"God fearing, Gun owning, Trump supporting, pissed-off Californian who is sick of Covid and Mask Holes. #MAGA #4MoreYears #TRUMPISMYPRESIDENT",en,
23606264,Pissed-Off Californian,RebelBlondeCA,"God fearing, Gun owning, Trump supporting, pissed-off Californian who is sick of Covid and Mask Holes. #MAGA #4MoreYears #TRUMPISMYPRESIDENT",en,
721174773468950528,RebelChick,RebelChick1111,I fight authority & authority doesnt always win. O.R. Nurse. Blocked by Mueller Pitbull Andrew Weissman/Phillipe Reines/John Heilemann/Kirsten Powers & TDS nuts,en,
189404173,Rebel Yellin' Outlaw,RebelOutlaw5,Bad to the bone.  Avionics.  Peace & Prosperity IS National Security.  Kissing And Grinnin' for the foreseeable future.,en,
1147937372157415424,@rebelwisdom,rebelwisdom1,"Truth Seeker- sifts through the official BS, discovers the facts, uses my God given faculties to THINK for myself & inspires you to do the same.",en,
213663897,Ann,rebelwitacauz,"I love God, my family, my freedom,my country and I ❤️lobster, whoopie pies,big waves in the ocean and everything MAINE 🦞🦞",en,
769845944892416000,Nathan,RebelVol16,#HottyToddy Ole Miss Braves Vols #GBO,en,
1143945821240492034,RedBoatBlueSea,RedBoatBlueSea1,"Tired of being quiet. Conservative and Republican in the PNW, yes we do exist. #Patriot #MAGA",en,
299166903,Tom Merkle,Redbuffs,"Child of God. Love my family, my country and baseball. #REDS #Caps #COSProject",en,
47549234,#ThankYouPresidentTrump ‼️Colorado Patriot 🔴 🇺🇸,redco2012,"America 1st, Christian, Conservative, Cyclist, Carnivore, Software Engineer. * (beep/bop/boop) * #Resist46🤡 #ResistCommunism✊🏻 #CureLeftism🎗#yes2meat 🥩 🇺🇸",en,
842493042754043910,FAITH✨,RedeemedSeven,God Wins🕊,en,
1083734824798560256,redfishking007,redfishking007,Native American - Chickasaw,en,
701784218,CynicalOptimist,RedheadAndRight,"Wife, mom, patriot.",en,
901922382033465344,🆘Fortified Jenny From The Gulag Block🆘,redheadjenny6,🚨#MAGALOVER 🚨 #MagicWand —— 🌟 🔴Swallow the #RedPill🔴 🇺🇸America First 🇺🇸#InTrumpWeTrust 🐾Animal lover 🐶🐱🐾 #BackTheBlue💙🖤,en,
40093495,Joe Texas LLC,redkoko,"mestizo+mulatto= me, politics, music, photography, food.  #BDS & #IBS",en,
57057290,Redlands Tea Party Patriots,RedlandsTParty,Tea Party organization in Redlands CA,en,
64471091,AZgirl,redpilledazgirl,Patriot. Love America. Wife & Mother. Justice seeker. #MAGA2020 #INGODWETRUST,en,
909558309027553280,🔥Deplorable Wastelander🔥🇺🇸,RedPillPusher_,"“God is my Co-Pilot” TDS IS REAL BLOCKED BY FOX NEWS🇺🇸🤣#MAGA2020, #BIDENSRIOTS #ALLliVESMATTER, #BIDENBLOWS, #GODRULES, #COPSRULE, #ANTIFABLOWS, #VETSRULE",en,
561679197,🇺🇸🇺🇸Jen🇺🇸🇺🇸,RedSoxGrl78,"Trump Supporter, Proud Patriot & Mom, single🇺🇸Follow me on Parler: @bosoxshawty78🇺🇸 #Trump2020 #KAG #MAGA #BlueLivesMatter #AllLivesMatter #HoldTheLine",en,
73184211,David O'Keeffe,redstateflyover,News and discourse that concern and affect middle America.,en,
18448119,redwhiskeypete,redwhiskeypete,"Traveler, Former Marine. Was a life long Republican now a registered Democratic because of Trump and the complicit GOP",en,
1108938369818456066,AwakenTheDragonOfJustice🇺🇸,redwhit49261949,"“The Awakening” Movement, Grateful I am AWAKE! #NothingCanStopWhatIsComing #Dark➡️Light 🇺🇸 ♥️🦅",en,
1146461271296020480,American Patriot,RedWhiteBlue4Me,Will happily dialogue with all who love freedom.,en,
928486741,Nicole Giaramita ❤️🤍💙🇺🇸,RedWhiteBlue89,Proud American ❤️🤍💙🇺🇸  #StoptheSteal,en,
769533635976310785,Texas Dutch,Redwhitebluetex,"🤓♥️🇺🇸Mom, wife, Political junkie - I ♥️ our President. #MAGA , #KAG Lifetime Member of NRA",en,
792177705831858176,RWT,RedWhiteTruth,"We are the new generation of conservative media🏆 🇺🇸 

NEW Podcast Episodes weekly on Apple & Spotify #RWT",en,
155681507,Renee Ferguson,ReeAnders,Registered Nurse & Attorney,en,
35064552,Reeny On The Sceney,ReenyNY,Ma-DogMa-Comic-At-Law [insert inaccurate self-assessment here],en,
117963280,Romo4Ever👌,reginafalangie0,"Lover of: America, Animals, Video games, Dallas Cowboys, Dallas Mavericks, Dallas Stars & TX Rangers. 
Hater of: Liberals",en,
917098904985985028,Regular Medic 🇺🇸 ن,RegularMedic,"Urban Paramedic, Outdoor enthusiast, Armed American, #Patriot, and #WarriorPoet ✝️👨‍👩‍👧‍👦🇺🇸 #2A #LongLiveTheRepublic #MDCCLXXVI #SicSemperTyrannis",en,
16113781,reichard,reichard,"Archival documentative photography, Shaolin kungfu practitioner and ferocious entrepreneur.",en,
986024758591373313,Reinaldo Torrales,ReinaldoTorral2,"Common sense and personal responsibility, try that before blaming others! Like = Like & RT = RT. 😎",en,
1028529317561679872,Ryan Bishop,Reizurr,"I have gazed upon the field of fuckery, and found that it was barren. There shall be no fucks to give today, and none tomorrow.",en,
471038551,❌ Oldfox ❌,RemoveFromPower,History does not long entrust the care of freedom to the weak or the timid. - EISENHOWER. The only guarantee of our rights tomorrow is vigilance today MAGA,en,
39563063,Renee Antionette ™,ReneeAntionett,Motivator Mouth piece for God🎙🎤 Director| All Things Media and marketing🎥🎬 Business woman | Helping women holistically,en,
24547328,Renee Giraldy,ReneeGiraldy,A Book For Every Mood #MAGA #KAGA Many Opinions #patriot #conservative,en,
24547328,Renee Giraldy,ReneeGiraldy,A Book For Every Mood #MAGA #KAGA Many Opinions #patriot #conservative,en,
74146374,Renee Times,reneetimes,#PalmBeachCounty #FLORIDA,en,
405147958,Renee Trice,ReneeTrice1,"Very curious, wise, knowledgeable,and determined. Fight to the end and will take a stand for what I believe in. Stand 100% with MY PRESIDENT",en,
875043675360907264,In The End God Wins,RepublicEagle1,Republicans and Democrats are one and the same.,en,
755434290830315520,NY 💜's TRUMP,researchdafacts,We need to rid our country of corruption in the media and in our government!,en,
56494870,Wolfgang,resveratrolsd,"Truth Shall Make You Free. We know the good, we apprehend it clearly but we can’t bring it to achievement. Euripides The World Turned Upside Down. Yorktown",en,
181798901,Michael Wayne Little,retiredkyng,A retired Army soldier that looks at the Big Picture rather than the small distractions. #stayvigilant - RTs do not mean support. Opinions are my own,en,
875366031140769794,⚓David⚓,RetiredMan01,"Retired multinat'l steamship corp. Gen'l Mgr.(coo), Christian, Trumper, prior svc. USNavySF (Viet Nam era) & Red State proud. #MAGA. #TrumpTrain. #codeofvets",en,
2847269129,Chad MacDonald,revivalfirewm,"Husband of an amazing wife, father of wonderful children and fullfilling the mandate of God. Preaching the saving, healing and delivering power of Jesus Christ!",en,
15077542,🇺🇲🇺🇸🇺🇸🇺🇸🇺🇸🇺🇸🇺🇸🇺🇸🇺🇸🇺🇸,RevRunnedJon,"βραχύς δάκτυλος.
Christian, Pastor. 
Husband, Dad to 2 girls & 3 dogs.
Hiker, CCW, Bibliophile, Nub.
HAM Radio@WE4NUB
Time Magazine Person of the Year, 2006.",en,
1832074010,bryan rudnicki,revs2300,will not waste time watching any sports anymore,en,
1604656346,Rey LoweIffert,rey_lowe,embarrass the corrupt while bringing laughter We deserve better than more of the same,en,
531598198,Rick Wheeler,RfWheels3015,"Gave Blood Played Rugby. Love walking above the clouds and falling from the sky.
Hardscaper. Find me on Parler @wheeler",en,
531598198,Rick Wheeler,RfWheels3015,"Gave Blood Played Rugby. Love walking above the clouds and falling from the sky.
Hardscaper. Find me on Parler @wheeler",en,
25913172,IRS Commish - Elect,rgriercpa,"Tax Advisor and Business Consultant with over 30 years experience. BS Accounting and MS Taxation. https://t.co/88FBdZ94gF
@udelaware @wideneruniv 
#KPMGAlumnus",en,
16962099,Robin Grimsley,rgrimsley,"Forgiven sinner and worshipper of Jesus Christ, happy wife, good listener, teacher, considerate of others.",en,
942463368413134848,Harrison 🇺🇲🇨🇦🌎,Rharrison360,"Dual #American, #Canadian #Citizen, #Patriot to both. 3 decades of simultaneous Public service to both Countries in #Emergency #Healthcare",en,
2427302562,Rhiah,rhiahmoore,Proud mother and wife. Recently took the red pill...🤯🇨🇦🇨🇦🇨🇦here to protect the children and expose the guilty.,en,
947921064927088640,Rhian Fazzini🅨,RhianFazzini,"17 | Minarchist | Part-time funny guy/B̶r̶a̶i̶n̶l̶e̶t̶ | Fascist | Loving Father of -0 | I appreciate memes & anime
(Bossman/Famarino)
(Retweets ≠ endorsement)",en,
947921064927088640,Rhian Fazzini🅨,RhianFazzini,"17 | Minarchist | Part-time funny guy/B̶r̶a̶i̶n̶l̶e̶t̶ | Fascist | Loving Father of -0 | I appreciate memes & anime
(Bossman/Famarino)
(Retweets ≠ endorsement)",en,
734592072,Dan Watkins,rhinodan66,The views on my personal account are mine and mine only. Any attempt to bully or silence me will be promptly defended in any way possible.,en,
724442522223677441,Rhodesdale,Rhodesdale1,Just an American stuck in a blue state.,en,
724442522223677441,Rhodesdale,Rhodesdale1,Just an American stuck in a blue state.,en,
895103978547150851,The Aquidneck Patriot,RhodyPatriot,“He has sounded forth the trumpet that shall never call retreat...” - The Battle Hymn of the Republic 🇺🇸,en,
1510095342,Rhonda 🇺🇸🇺🇸,Rhonda7816,"GAB:  Rhonda1776
CloutHub: RhondaF1776",en,
353426909,Rhonda Thompson,rhondaathompson,"MAGA, Support Our Constitution & Bill of Rights, Every Life Matters, Support the Blue
Some retweets are not supported.",en,
14682750,Rhonda Holland 🇺🇸,RhondaHolland,Oath Keeping Army Veteran. Freedom is a natural human right. Ron Paul Republican. Atheist. Bisexual. Opinions brought to you by Good Intentions Paving Company.,en,
368446955,Rhonda Patrick,rhondampatrick,"2010 Penn State Alum, Landscape Designer- Enviroscapes, Passionate for Excellence, Driven, Dedicated,",en,
14544622,rhondawest,rhondawhaley,The Truth will always be the Truth even if no one believes it! Home is where the Heart is. #Texas,en,
989440672296992769,Mostly Peaceful Rich,Rich_In_Iowa,"Christian, Husband and Father, former LEO. Proud Conservative. #MAGA",en,
822950440107175936,I am U.S.M.C. Rick,Richard35775465,"#USMC Veteran
 #AllLivesMatter #BlueLivesMatter
#NRA  #PatriotParty  IFBP  biden is an IDIOT.
#TrumpWon 
NO DM's Won't answer",en,
1236415806419935232,Richard Littlefield,Richard94963415,"Republican State Represenative
district 3 Laconia 
please Visit http://Littlefieldfornh.com to donate and learn more.",en,
909592152593768448,Dr. Trump ❤ XRP/XLM/FLR,RichardJL7,"Miami Beach, Florida",en,
488052234,Richard,RichardPoole5,"Humanist, LGBTQ+ supporter, BLM,Women reproductive Rights, workers rights, vinyl enthusiast,and super Star wars nerd ♥️ Rebels Chopper! PS4 games and Twitch.",en,
1669269121,Dr. Rich D boop/bop/beep,RichD417,Allegiance to the Most High God who rules over the kingdom of mankind. http://bible.knowing-jesus.com/Daniel/4/17 (@RichD417- Parler/CloutHub/Gab) #MAGA,en,
703694931517378561,🇺🇸RickyDon'tPlayThat !⭐,rick2forestview,"Liberty and Jusitice for All !

Liberty for all those who desire it and ⭐Justice⭐ for all those who want to take it away !

🌟U.S.N.🌟 

⭐⭐#SaveAmerica⭐⭐",en,
270159255,KatieⓋ,RickiBiscuits5,ASL Interpreter. Cracker Barrel server. Future stenographer. Ex-Democrat. Anti-woke. Kitty collector. Equal opportunity offender. shit/shart #MAGA #VeChain 💅😎,en,
1084317171247923202,Waiting for a Party,ricky_liddell,"Here for Trump, Gone for Trump 👍🇺🇸MAGA Christian ProLife ProNuke 1A 2A Professional Engr Amateur Guitarist Husband Father Grand Dad Love the South SEC MSU",en,
272609766,ricky skittle,ricky_skittle,"Pontificator In Chief, Pontification Nation, Parler: @rickyskittle My mom thinks I’m funny, my wife? not so much 🤣🤣",en,
316102811,RickyRayinGA,RickyRayinGA,Ditch Twitter go to Parler.,en,
2484687302,Deplorable Ric Reed,RicVaDude,"Conservative activist who loves to ""trigger"" & ""defeat"" liberals!
 
#FreeSpeech #NeverBiden #JohnGalt

Philly born & raised. GO FLYERS GO!

✝️IN GOD WE TRUST✝️",en,
24724232,#Resist46,Right_NJ,"I block Communists. I curse. A lot.  #MAGA Then, Now and Forever",en,
24724232,#Resist46,Right_NJ,"I block Communists. I curse. A lot.  #MAGA Then, Now and Forever",en,
103316756,Phil,right_on_usa,Conservative #2A #ProLife #MAGA #BuildTheWall #BlueLivesMatter #ReligiousLiberty Followed by @tedcruz @jerome_corsi @jennybethm @charliekirk11 @KristiNoem,en,
103316756,Phil,right_on_usa,Conservative #2A #ProLife #MAGA #BuildTheWall #BlueLivesMatter #ReligiousLiberty Followed by @tedcruz @jerome_corsi @jennybethm @charliekirk11 @KristiNoem,en,
38926453,🇺🇸Right2Liberty🇺🇸,Right2Liberty,Unapologetically patriotic. Unapologetic Trump supporter. Anti-PC. Smart-ass. Sports Nut. Animal lover. #RollTide #MAGA @Right2Liberty on Parler and Gab,en,
17923419,Democracy Dies with Bias,RightEyeGuy,Conservatarian Motorcycle Chocolate #savedbygrace #teaparty #NRA #TCOT #2A #indiana #cos #molonlabe #CruzCrew Eph 2:8. I don't believe in CAGW.,en,
1239041695825747968,RightwingGoddess,RightwingGodde1,"Conservative, feisty Goddess that doesn't take shit from anyone! #Trump2020",en,
53536478,"Laugh more, people",Rightwingmania,"Love to joke about stuff. A smart ass at heart!

Proud National University Alumni",en,
1195291552752553986,RachTheConservative🌴🌟 🇺🇸 💖,rightwingRach,"🌴🌟 🇺🇸 💖
Christian.  CUTEservative. Full-time patriot. 
🇺🇸",en,
4818875619,Riley Keaton,RileyKeatonWV,"Delegate, West Virginia Legislature. Fighting for our jobs, values, and communities. Camping Director @DWC1850, leading youth to Him & His Church. #wvpol",en,
1086053403376144384,Riley Rogue,RileyRogue,"I value Life, Liberty, Pursuit of Happiness, Individual Thought & Expression. 🇺🇸  #GodBlessAmerica",en,
797219666,Patriot Party @redheadfromFL,Ripchord12,#americafirst #deplorable #ruleoflaw #Trump,en,
2789478210,Soarfeet,RIred61,simply using acquired wisdom and speaking my mind. if you don't like it that's your problem if you do FOLLOW BACK/Aging gracefully with a vengeance,en,
883008827054067712,MyCommonSense,RisingStarsBox,"Observations and 3rd level thinking
#MAGA
#KAG
#PROLIFE",en,
2827732377,RF WILLIAMS ✝️🇺🇲🇺🇲,ritawilliams527,Proud Trump supporter! 🚂,en,
15711730,Terri,River_City,Married; Mother; Army vet; ASL user; Conservative; Anti-Communist; Libertas Justitia Veritas; America First,en,
770994486130438145,J.B.,rjb1818,#PATRIOT #CONSERVATIVE #BuildTheWall #AmericaFirst  #TrumpIsThePeoplesPresident,en,
707982762330996736,RJ,rjblacktx,Liberalism is a mental disorder.,en,
1019051198177947649,Roberta Johnson,RJohnsonUSA,"MOTHER, WIFE, DAUGHTER, SISTER. LOVE GOD, FAMILY & COUNTRY. Legal Immigrant PROUD PATRIOT #MAGA",en,
535284484,Robin Wilson,rkastenwilson,"wife, mother, retired home school mom,  Jesus and America are the best!",en,
3496942214,R.L.V 🇺🇸❤️🤍💙🇺🇸,RL_Vegan,Right-Leaning 🇺🇸 Vegan 🍓,en,
1102054685106753541,RedLady9875,RLady9875,Wife. Mom. Sentenced to live in sunny Ohio.,en,
840844553104064512,“Q”ueenSized ♥️Mama,Rlewis5557,your negativity will be blocked. stay positive my friends. love God. ♥️🇺🇸💙the Oracle. you will see it when you believe it. find me on Par Ler. and G ab.,en,
41253462,RL Perez (Rural America 4ever),rlperez1995,"Here to live out loud. Never hold back what you really want to say.
USAF veteran and passionate Christian.",en,
897243533886857216,Richard Lukens,rlukens32,"Retired.
Trump supporter",en,
115583150,Rosa Pace,rmpace,We believe that success is built one client at a time.,en,
1202622299830140929,Ruthie,RmsJasmine,"Mom, nanny, Catholic, pro-life, proud American, LEO mom 
President Donald J Trump is the greatest president EVER!",en,
306887713,Mary Wireman,rmwire,My family is the most important thing to me. I hate liars & bullies. Please do not DM me. I will block you if you are too stupid to have a conversation with.,en,
297014456,SkylarMia 🐶🐾❤️,rn7lexi,"#TrumpWon #BidenIsNotMyPresident 
Adopt a shelter/rescue animal...save a life! 🐶🐱 
Parler:@rn7lexi. Gab: @rn7lexi CloutHub: @skylarmia",en,
545368833,👻💯JUST THE TRUTH💯👻,RNVthree,"Lived in Laredo Tx 4 years
I will follow all Patriots back💯
Deep state believer.
#KAG 2A #TRUMP
Followed by @catturd2 @realmattcouch @Floridadude297   🇨🇿",en,
945499180637872129,William Roger Veytovich,RoastlordBills,Just a meme lord ready to free Twitter from censorship oppression and make it dank again!,en,
22740804,Robby Montoya (Pro/Noun),RobbyMontoya,"Sr. Journalist @TexasScorecard ; John 3:16; Got Tips? TipsBlackBriar@protonmail.com; ""Free people, not unaccountable politicians solve problems,"" Ross Kecseg.",en,
2439078403,Chase,Robchaw,Learning my way through the fierce reality of trading! In no way is anything I post financial advice. #Trump2020,en,
1084465057466122240,🇺🇸Robert Milton 🇳🇱,Robert_Milton36,"Freedom Fighter, Conservative, Republican, Strong believer of the First and Second Amendment, Father, Husband.",en,
824786634231136258,Robert Savann,robert_savann,"Republican, 4 daughters & 1 Son. Married. 100 % Supporter of the POTUS, #KAG,  #TRUMP2020 , #MAGA , & #CONSERVATIVESTRONG
No Porn  No DM.  IFBAP",en,
20488054,Robert Brack,robertbrack,I have always had a lot to say and to remain quiet is not me!,en,
376885232,"Dr. Bill Gates, Eugenicist",robertpgill,Patriot🇺🇸. Conservative Libertarian🏛. Boilermaker. 🚂BlueJackets fan🏒Lover of golf🏌️‍♂️ TRUMP WON. BIDEN CHEATED.,en,
30250938,Keith Roberts 🇺🇸,Roberts175,"Parler@KeithR -Husband, Father, Conservative, Christian, (ret)OIF/OEF Vet, Small Business Owner -as for me and my house.Jsh24:15 College Station, TX #MAGA 🇺🇸",en,
1142294541573197830,Robert Schlueter,RobertSchluet14,"Helicopter& Airplane Pilot,Former US Army Aviator ,Biker on my Triumph Tiger 1200XC",en,
1265476982655135744,§BuddyDog #Bitcoin,RobertY28178586,AMERICA FIRST - Texas land surveyor. God is in charge. #SaveOurRepublic #Bitcoin §BuddyDog,en,
1058865688834699265,Robin P. Patriot,Robin_P_Patriot,"I have ideas on how to balance the federal budget, heal the sick, unite all Americans and save the World. In the meantime, I need a place to post my memes.",en,
2785767790,GratefulAmerican,robinsondebby1,"I stand with God, President Trump, Veterans and the Blue #KAG Followed by: Good People, Patriots(every single one) Following: The Same",en,
2751374997,Robert Olivo,robolivo,"🇺🇸Follower of Jesus, Husband to my amazing beautiful Wife, Veteran USN (Boatswain Mate), Texan, Dad, Red Raider, and a tennis coach. #MAGA #trump2020",en,
229262835,David Mills,Roboviper,Principal-The Rhino Fund. Buckeye. Golfer. Former Viper driver and lover of Real Margarita Glasses.,en,
73252408,Rob Trishman Jr.,RobTmanJr,"That is my understanding, yes.",en,
15367102,President Elect Rockbetter,Rockbetter,"I believe I can see the future, cause I repeat the same routine",en,
130803621,⚡️Thunder Dan⚡️,RockinRollRebel,"The Frontline Is Everywhere. Drain The Swamp. 🚀, Cash App. $FunnyDanny",en,
864395005728874496,Free (Amen),Rodlfree,Staying here to support freedom and believers. God before country!,en,
182801679,Rod Monasterio,Rodmonas,"Victory at all costs, victory in spite of all terror, victory however long and hard the road may be; for without victory there is no survival. W Churchill",en,
904192565959950336,Roger Kinkaid,rogerkinkaid,"Falcon Pilot, Challenger 604 Pilot, Global Lead Challenger 604 DFW",en,
1196133331433394177,Rogue Q,RogueQ5,"My name is Quinn. NY Republican! Love my husband, family, life and my president. #Trump2020 #MAGA #KAG 🇺🇸",en,
928408436,Jared Fuchise 🇺🇸,RokettoHitsuji,Follow @Masura on Parler. My pronouns are fuck/you.,en,
106623354,Mrs.Swift85,romainestchives,"Educator, wife/mother, former Los Angelino. Escaped Hollywood biz for Pacific NW. Political Junky can't talk politics at work. A Republitarian.",en,
825858389955600385,Romina Guzman,RominaG81779894,"BLACK HISPANIC AMERICAN 🇻🇪🇵🇷🇺🇸
""El Sueño Venezolano Murió Cuando el Gobierno Socialista Invadió"".
LA FLORIDA ES LIBRE !",en,
708116652320116736,Aloysius Beauregard,RommelRoo,"Blood bought, saved by Grace! No Facebook, rarely use cellphone, only got on Twitter to participate in the new era of politics. TRUMP 2016! Joined March 2016.",en,
2305620300,ron_raim,ron_raim,NO LISTS #Awakened. RealNews not FakeNews. Politics. Libertarian #MAGA Trump IS my President . #Draintheswamp 🇺🇸❤️,en,
17841533,Ron Burk,ronburk,Working away on The Pop Psychology of Programming. Likes and retweets are how I use Twitter to keep notes.,en,
15040726,Ron Hooper,ronhooper,"Western Regional Director , US Term Limits",en,
1493434988,Ronicia Gump,RoniciaGump,"Stay at home wife. I love my husband for life! My children are my greatest accomplishments! My only hope, Christ is at work in me. #AnchorYourSoulInTruth ✝️⚓️",en,
1524758390,RJ Krenta,ronjonnj01,"This is my backup acct for when main @ronjohnnj is in the twitter gulag, iam alive and well ready to raise hell #TGDF",en,
1249052950552592385,veronica davison,ronnieallgrown,Wife Mother Grandma Patriot #MAGA #HugeTrumpsupporter,en,
912008978388983808,RMorr50912,RonnieM50912,"BTC bc1qstak3vq7yzdvsrvnz8xkh2qwzsv39yqme972sm @rmorr50912 on Parler, Gab",en,
72153970,Ronaldsway,ronniethed,Trying to be a human being - not a human doing!!!,en,
26806797,Ronni Roye,RonniSuzanne,Believer. Mama. Daughter. Sister. Friend. Sports Fanatic. Marketer. Music Lover. Animal Advocate. Roll Tide. Go Yankees.,en,
45154536,ron reason,ronreason,"PDX and RHO 
🌊⛰️⛷️🥾🏳️‍🌈",en,
865422260,Gian,Rosaesque,🇺🇸 MAGA 🇺🇸 A conservative stuck in California for the moment,en,
16539112,CassandraTy,rosannepm,"✝️Follower of our Lord Jesus Christ, #Pro-Life Catholic #Christian, Married, RN. Traditional Conservative American",en,
935336821743026176,Rose Capuano,RoseCapuano88,"Wife, mother, grandmother, business owner, Family First Humanitarian. Conservative Republican.Trump Maga KAG Trump Supporter",en,
1230619862667530241,CoffeeLife69,RosenbloomPaula,"Christian, American patriot, animal lover, wife, mother",en,
703260581739044864,rosieaskswhy,roseross1958,"👀 What the Hell is Going On? 👀  #AmericaFirst #ElectionFraud #ColorRevolution DON'T BE NAIVE - the ""news"" is a lie, politicians hate you & want you muzzled.",en,
1110658564505436162,📿 Miss Em📿,RosetaniLiving,Social Fiscal Legal Environmental & Military Conservative Wife Mother Daughter ✝️Trad Cath✝️ 🇺🇸Proud American🇺🇸,en,
53306833,Debra Grosso,Rosetreeme,"I like travel, beaches, genealogy & animals. Rescue & foster. Stop the Yulin Dog Meat Fest! Proud Democrat! FBR-NO DM'S OR BLOCKED! No direct messages!!!",en,
255073628,🇺🇲 Rosalie J Calhoun🌹,rosierjc,"Following, RTs, & links ≠ endorsement!",en,
818107593851863042,Stuart Rotramel,Roto1960,"Christian, Born again. All glory to God and to Jesus Christ the Son and to the Holy Spirit! Former military. 🙏Thank you Jesus for Trump!🇺🇸 Pro-Life!!",en,
3288127519,Roxanne Ramsey,Roxanne22Ramsey,"Dare To Dream! Navy raised & married my best friend a Jarhead😘 God Bless 🙏🏻our military, our Heroes, our Guardian Angels & never forget their sacrifices🇺🇸",en,
973797997195689985,Roxanne Hoge,RoxanneForAD46,"Mom of 4, Wife of 1. Believer in Common Sense. I want CA to be livable & make sense, I'm working with http://legacyrepublicans.org & http://lagop.org. Be happy!",en,
1217485943742943233,R.P. Enheim,RPEnheim,"America First / Nationalist / Capitalist

RPEnheim@protonmail.com",en,
36894919,Polyslomech 🇺🇸,rrodartejr,Engineer • Patriot • #LatinosForTrump,en,
548828785,Lynn McDonald,RRRebelracing74,"Love racing yes I race. I do pageants. I also like to sit around the fire on a tailgate drinking beer. I love God, America, Freedom and my 2A. Patriot! 🚫 dm's",en,
32146244,BeachGrl,rschgeek3,Jesus Follower 🙏 | ❤️ God & Country 🇺🇸 | Mama to 🐶😸,en,
362146412,♦♣♥♠,RTM_OLD21PLAYA,RTM,en,
3015828635,Robert Taylor,RtTwu,"President of TWU Local 700; WPEB 88.1 F.M., and simulcast on W236CL 95.1 F.M., Co-host on the Jasper Jones Show, bi-Sun., 5pm to 9pm",en,
3189979417,🇺🇸Motor City Chick Text Trump to 88022🇺🇸,ruanurd,Passionate TRUMP supporter. #2A #BuildTheWall #NoAmnesty #AmericaFirst Animal Lover🐶,en,
1491911341,Rubans Rouges Dance® 🎀,RubansRouges,"#ExecBoard @RealNoelleRose @filmkomposer @jaydenandressen #Triumph #Emmys
#AwakeningsAndBeginningsDanceFestival #AwakeningAward #RedRibbons #AntiSexAbuse",en,
838539031885594624,Sonya Hoffman,RubbinIsRacing3,HORSES~EARNHARDT~NASCAR~FREEDOM,en,
796880528565735424,JKelliBar✝️💗✨,RubyMagnolia1,🇺🇲⭐🇺🇲⭐🇺🇲,en,
1317865058,Rudy Gonzalez,rudyg49,Common Sense Business Executive,en,
25353979,Julie Nickerson,rufflifeusa,Founder/Owner of the Ruff Life and CEO/President of Ruff Life Charities,en,
3337129282,Claudia RQ,Ruiz_Fam04,I'm watching and making my own conclusions,en,
42704853,Rush,rush1979,"Biden/Harris 🇺🇸  I'm 🕊 interested in PTSD healing, Vietnam/all Vets & Mental Health. I'm a mother of a princess 🇺 a pothead & a patriot & Yia Yia to baby P",en,
1179123017009393664,₦Ø₮ ₳ ฿Ø₮,RUSHEN_BOT,"I'm not a bot, but you'll probably accuse me of being one.",en,
30202233,Joanne,rushmom22,"MBA, single parent, and former analyst who seeks truth and justice in this crazy world!",en,
2383177280,Russell Brett,RussellKBrett,Value Investor/Swing Trader using Fundamental/Technical Analysis w/occasional pithy comments on other matters. Follow me on StockTwits @russellkbrett for stocks,en,
374363144,Robert,rwhphotography,"Photographer•
Live Music Enthusiast •Wing Chun Practitioner",en,
8707402,What if I am a cat?,rvolt24,"I've been on Twitter longer, so you must be a Bot. 👌
scio me nihil scire
https://linktr.ee/rvolt24",en,
266789677,Ryan Qasem,RyanQasem,Disruptive tech • Audience restricted,en,
554888488,Ryan S. Walters,ryanswalters73,Historian. Two books out next year from Regnery History - Apollo 1 and Warren Harding. Working on a political history of the Vietnam War! Disciple of Christ!,en,
483148473,RINOHunter23🇺🇸,RyanVolkman1,"God, Country, Family. Buffalo & 45 for life! “Praise be to the Lord, my rock, Who trains my hands for war & fingers for battle!” Patriot Party! Leave an impact!",en,
1010899055348670464,Ginger Weizc,RysavyVrah,"I am.... Otaku Cosplaying Animephile.  Obnoxious.
DJ in real life. Gamer. Oh! I also can use polearms effectively and throw knives. #Independent",en,
4837649506,Saci Singh,saci_sundari,"Married, Stylist, 🇺🇲",en,
1254090649948884992,乃ᵃᵇʸƳᵒᵈᵃ🇺🇸,SackJD,"GAB: GenocidialBabyYoda
PARLER: @RealBabyYoda
Well-endowed Space Stud
Turn-on's: 1A/2A/BoR/Beef/Oxford,/Hayek
Pronouns: Yo/Duh
Parodisical Account.",en,
716112072057053184,King Nothing,Sad_But_True_17,Patriot.     Proudly Blocked by the Democratic Socialists of America,en,
291729129,saj9291113,saj9291113,"if you’re trying to insult me, it’s because you don’t know how to confront my ideas. twitter degrees in medicine, business, accounting, law, animal husbandry.",en,
815020853830307841,1Spunky1- 🇺🇸🇺🇲🇺🇲🇺🇲🇺🇲🇺🇲🇺🇲🇺🇲🇺🇲,sale_judy,"Personnel Consultant, CPC,  Software Engineers, Coders & Techies. America first 🇺🇸! Southern gal says don't lie be honest. Retweets are not an endorsement .",en,
46265267,Salina Sells,Salina_Sells,Doing shit,en,
1246570655660658688,SallyNotmypresident!,Sally55428478,Trumper forever!,en,
31215405,Maroon Doglover,SallyMoore1234,andrew Cuomo is the Gold standard of assholes. I still have Parler on my phone.......,en,
23479816,Aunt Laura,SallysMom,Weather DIY & Home Travel Photography Politics Trending History Celebrity Interesting Pictures,en,
280848678,🇺🇸🦅Salosso🇬🇧,Salosso,My Political Views are Everywhere. Former Bernie Supporter. #WalkedAway from the Democratic Party. #PoliticallyHomeless #GoHawks #DogLover #BackTheBlue,en,
1180963767707951105,Alrufaieya,Salrufaiee,يكولون العراق انتهى وراح اكوللهم لا لي هسة عطره يفوح من القداح يكولون العراق ألم وعذاب وجراح اكوللهم الفرح موجود وبيدنا المفتاح,en,
50349525,Sam Adams,SamAdamsTPP,Just a regular guy that loves the 🇺🇸! #Conservative #Army #Veteran #TeaParty #Trump2020 #KAG2020 #KAG #MAGA #TeamTrump #TrumpTrain #NRA #2A #MarchForTrump,en,
2211919574,Sam I Am 🏆,samiam__3,“Family Evolves And Remains” #RedPillGang,en,
3254387593,Samira Wilson,SamiraWilson123,Social Media Manager||Blogger||Loves to travel||Reader,en,
1183181014899802112,Sell With Sammy O,SamOropeza6,Sammy O PHL Real Estate Development #SellWithSammyO,en,
299843805,Samuel Herrick,SamuelHerrick40,"dad, husband, Windows 10 fan, urban gardener who is looking for that next secret ingredient for my barbeque sauce.",en,
96476726,Sanddragger,Sanddragger,"Ask me and I will tell you. No more censorship. Donald Trump is my President! Old Glory is my flag. FUCK JOE BIDEN!
🇺🇸🇺🇸🇺🇸🇺🇸🇺🇸🇺🇸🇺🇸🇺🇸🇺🇸🇺🇸🇺🇸",en,
77562748,Sandi DeMita Dalomba 🇺🇸,SandiDeMita,"TIMES 2006 Person of the year. American, Californian,Designer, Dancer, Biz Owner, Mother, Wife, Christian #Biden/Harris #BLM. Animal Ally. Wear a mask. 🇺🇸",en,
277724676,AdiehardTrumpsupporter,sandraduckett,"Educator, Realtor, & Member of Wisconsin Women2020 for Trump. #MAGA2020 #MAGA #Trump2020 @teamtrump @wisgop #KAG  #USMCA",en,
1241155073788395520,Sandy 🇺🇸,SandyAtkins_,#MAGA 🇺🇸,en,
824005297391943680,Sandy Button,sandybutton0418,"Nurse,  Mom, Grandma, Patriot, MAGA, KAG, Creek Indian, Displaced Texan",en,
777332713154088960,SandyJean,SandyCraftsalot,✝️🇺🇸TRUMP 2020 🇺🇸💙Back the Blue💙✝️❤️Patriot❤️Christian ❤️Conservative ❤️I kneel only before God❤️MAGA❤️🇺🇸Best President ever🇺🇸❤️IFBAP,en,
1123882718306230274,Forget Me Not,santayuda_,"Catholic, Biafran, Sympathiser",en,
716277987428044801,Kari Baxter Donovan🇺🇸🏴󠁧󠁢󠁳󠁣󠁴󠁿🇮🇪🇩🇰🏴,Saorsa1776,Anti-Marxist,en,
716277987428044801,Kari Baxter Donovan🇺🇸🏴󠁧󠁢󠁳󠁣󠁴󠁿🇮🇪🇩🇰🏴,Saorsa1776,Anti-Marxist,en,
179719307,S♥a♥r♥a♥h♥ ♥R♥e♥y♥n♥o♥l♥d♥s,Sarah__Reynolds,🇺🇸 The best is yet to come. 🇺🇸 https://gab.com/Sarah__Reynolds,en,
777648789196648448,Simone Sarow,SarowSimone,Observadora do 🎪 🎪 🎪,en,
63728071,Sasi,sasiv76,"Simplicity is the Ultimate Sophistication ! 
Temporarily Quitting Twitter.",en,
77439459,PAPatriot,sassy_63,"""The best is yet to come""  
President Donald J. Trump 1/19/2020",en,
758011007000203264,Sarcastic Patriot,SassyPatriot68,"I am a christian, wife, mother, friend & a conservative republican. I have a Ph.D. In sarcasm! I love the beauty of the USA & its people. KAG 2020!",en,
1004817203609423873,Dead Che 🖕🏻🇨🇳,satcherfield,Socialism is for stupid people. China is our enemy.                Fuck/You,en,
3061460472,Tom Markowski,SatirizeThis,"Independent #Satire for Independent Minds. Not for cranky people. Opinions here, not found in stores. Living Behind Enemy Lines in New Jersey  #hodl BITCOIN!",en,
516065531,DEPLORABLE 4 life,saturn0715,"#Conservative Independent American, #MAGA,#KAG,#2A Proud Trump Supporter.I WILL fight for my POTUS. #BESTMAGAFAMILYEVER 
        Huge WWE fan since I was 10",en,
895347487233462272,Saving America,SavingAmerica4U,Just another American that is censored by Big Tech.,en,
2198033347,Kristy,savoie_kristy,Wife and mom. living the best life anyone could ask for. 🇺🇸🇺🇸🇺🇸❤️🤍💙 USA first. #MAGA #KAG I 💯 support LE and military. #usmcwife #maga,en,
73103223,savvydrivel,savvydrivel,#TrumpTrain 🚂 6/16/15 - #MAGA - 🇺🇸🇮🇱 - #LockThemAllUp - Constitution Originalist - Social Libertarian - Economy Hawk - #CT -#WalkAwayfromDemocrats 🇺🇸,en,
51318700,Sarah Verre,Savycon63,Conservative/Catholic/Pro-Life/Pro-Israel/God & Country/Faith & Family/MAGA🇺🇸KAG🇺🇸,en,
985507718,Just Sayin 🇺🇸👍🇺🇸,SayinWhatever,"""Now the Lord is the Spirit, and where the Spirit of the Lord is, there is freedom.” - 2 Corinthians 3:17 🇺🇸",en,
1160962899575287814,MarxismIsTyranny,SayNoToTotalit1,Speaking out against the Marxists in the democrat party and their praetorian guard media! #constitution #No1Awithout2A #KAG #NOtoSOCIALISM,en,
119277305,Stephen Bradley,sbcook10,Human | Adventurer | KSU Alum | Advocate for the Unspoken | #MAGA #65roses #WWP,en,
23615794,SB Design Studios,SBDSLLC,"As an architect married to a Realtor we live, eat and breath real estate! We help achieve dreams by assisting clients in designing/renovating, buying/selling!",en,
450967940,StacyBdawg,sbgriffdawg,"Born & bred a Georgia Bulldawg, Member of DawgNation & MAGA! Lord, Family, Dawgs & Country! Proud mom of The Feature Twirler @OklahomaStateU",en,
968328758322126848,PRESIDENT-SBmamai,SBmamai,Proud Patriot ❤️🤍💙. PARLER-GAB as backup-SBmamai Pronoun:Patriot,en,
909519714,Shawn Carvalho,SC___23,Architectural Designer,en,
198313485,Dr.2MinutesToMidnight,SCcoast_agent,God and Country,en,
742063133393489924,Mark Schaffer,schaffogg9,no longer watch sports just hang with my girl and ride my Harley,en,
47594097,David G. Hill,scheerbart,"“Don’t let it happen, it depends on you.” -George Orwell",en,
928642465762021376,Schroonman,Schroonman,"Dad to 3 amazing humans! Sarcastic, funny and loyal to my beliefs. I form my OWN opinions. Followed by Gen. Flynn. #MAGA 🇮🇹🇺🇸",en,
4751085693,Schubes,Schubes5,|18| twitch affiliate | @baueroutage for CY young | Blocked by @joececot | #glazersout #woodwardout | Philly born + Raised #f3forever,en,
999422715692961792,Scissorsnhand 🇺🇸🦅President Elect,Scissorsnhand1,"Patriot, Army wife, mother, grandmother & 2A activist.",en,
16546064,Scott M.,Scott_MAGA_KAG,"Published & Award Winning Artist. #MAGA #KAG #Trump2020Landslide
Politically Incorrect veteran. Proud supporter of President Trump. I follow back all Patriots!",en,
1829154972,Scott Alan Buss,ScottAlanBuss,Christian. Husband. Father of five. Author. Blogger at Fire Breathing Christian and vlogger at the Hellrazer Report.,en,
227702364,Scott Caughorn,scottcaughorn,Official Twitter account of Scott Caughorn. VFL  I enjoy life and live for every exciting moment!,en,
16841186,⭐️🇺🇸Giomerica🇺🇸⭐️,ScottGiorgini,"Red Pill Dispenser, Drummer, Photographer, Keynote Speaker, Trainer, Entrepreneur, Dog Lover, Eye Roller & confessed sugar addict",en,
28317882,Skinns11,ScottHesse11,"Father, husband, & sports fan with a great wife and friends. Yanks, 'Cuse, Knicks, Niners, Smigs.   #MAGA    Work hard, play hard. #LgCno",en,
866824419078848513,Scott Myers,ScottMy20278797,"A veteran, A hard working Iron-worker and, a proud American.",en,
22284734,Scott N,ScottNin,"World Traveler, Conservative Political Activist and one of America's Proud Deplorables. #MAGA #CPAC #NRA #1stTuesdayConservatives",en,
2432391961,Scott,ScottWaller10,"Council of Ten: Dead in Venice (A Billy Casey Novel Book 2) http://amazon.com/dp/B074N75Y1L/…

Vatican Precinct (A Billy Casey Novel Book 1) http://amazon.com/d",en,
885722252,Scott Voss,ScottVHawk,Proud conservative father and husband.,en,
19751420,El Presidente-Elect 🧢,ScottWitlin,"Life-long Dem, pushed right by irresponsibility & corruption of far left. Left the party 12/18/19 - for obvious reason. If locked out Parler: @ScottWitlin",en,
31687470,I Love My Pillow,ScottyODoggy,"If you must judge me, judge me by my actions and not by the color of my skin.",en,
1263124803428417538,Galaxy Scout,ScoutieUSA,Working to raise my vibrations. Believer in the Divine Matrix ♒️🌞/♍️🌝🙏🏻 God Bless Donald Trump! 🇺🇸 🐸,en,
782743639881424896,Charles Manning,scrumptd,Make America & Schools Safe Keep America Great  Ban Commies & Fascists NRA Patriot  US Constitution  go Parler @Cwm2015,en,
238720466,Spirit of '76🇺🇸,SCWaterMaker,Libertarian conservative. Marine Corps veteran. Old school metal and outlaw country fan. 🇺🇸🦅🌎⚓  http://infowars.com,en,
17454666,Aj4🇺🇸🏳️‍🌈,SDajd4,gay/bi you decide I don’t care. #MAGA 🍑🍆🏈🏒⚾️🏀☕️🍸🍺🍷🥩🍔🏋️🤘🎸😈,en,
21900039,🇺🇸 LFS6B FAN -RAV🚂💨💨💨💨,SDaviesLaird,"Motocross Freak, Mom, Wife,Stop Election Fraud #M.AGA SocialistsWillBeBlocked 🤚🏼",en,
331824540,Shelly Watson 🇺🇸,sdcwatson,Fmr. Federal/DoD Contract Specialist. Federal Contracting Consult- Veteran Women & Minority Owned Small Business. KEEP TEXAS RED TRUMP2020!,en,
23516419,Shawn Dewane,sdewane,"Free market Capitalist, by trade, training and philosophy.",en,
220198982,Birdie Sloan,sdixiecotton,"Christian, grandmother (birdie), artist, fiscal conservative. Perception is 'Reality'. WE ARE THE MEDIA! http://gab.com @sloanranger777 parler @sdixiecotton",en,
875807737665531907,Seamonkey,Sea3monkey,"Retired 22yrs public school teacher, married 35 years, Mother of 3, Daughter of Korean War Vet, #NRA #MAGA #KAG #BuildTheWall",en,
794670818852741120,Sean Hodges Connell,sean_h_connell,"Author / Writer. Author of The Phoenix Working Group available at Amazon, Kindle Self Publish.
A CIA working group's search for Radical Islamic Terrorists",en,
1152962246592483333,JoeBidenIsAMoron,SeanCra57756411,Joe Biden is the dumbest President in the history of the United States. He cheated to get elected and his base are absolute imbeciles. 47 year failure.,en,
981356187907166209,Sean Carlson,SeanRipmsm,Non Sum Qualis Eram,en,
65532961,Sean's Ramblings,seansramblings,A Pittsburgher living in the DC area. I also write a blog that is occasionally pretty good. Sheffield Wednesday & Pittsburgh sports fan. Ithaca College grad.,en,
731204530407374852,Narnia Pres. Elect,Seavagram,Be a Good Person 🤙🏼,en,
482078000,Suzanne Cole-Rice,secolerice,"Property Casualty Insurance professional. Army Brat. Originally from Wyoming. Conservative. Love reading, history, camping, travel, photography.",en,
45205941,Sedona Nielsen,SedonaSid,Investment trader for fun and profit. Loyal patriot. Proud Texan. Green Bay Packers Shareholder. Owner of a wolf named Sedona's Scout. Love wolves.,en,
841413124871868418,See Mkay,seeemkay1,🇺🇸👌,en,
1160737352005881856,SeeNoEvil,SeeNoEv37403523,"Nationalist that believes in America first. If you don’t take care of your own, you have no business being in the “taking care of” business at all!",en,
1074462859,TX RANCH WIFE🇺🇸🇺🇸🇺🇸🇺🇸🐂🐎🐾,self_mary,"Proud Native Texan, Christian, happily married and mom/mimi. Gun loving Trump Supporter. God bless America! #MAGA #TRUMP2024 #BidenCheated #StolenElection",en,
3327312651,Von0311,SelfDefenseUS,Husband | Dad | Day Trader | Semper FI | God Bless Texas,en,
240789000,"Steve Mitchell, CIC, CPIA",SEMitchell70,Senior Marketing Representative,en,
886202178733568001,Senior Boobies,SeniorBoobies,"I'm just a boob trying 2 make it!  (+)(+) 
""Actions speaks louder than political correctness"" Quote by Senior Boobies",en,
69280076,Sensei Mitch,senseimitch,"Speak when others are silent, stand when others flee.  It isn't if you win or lose but how and why you fight the fight.  

#Catholic #Kyokushin #KAG #DEMsLie",en,
1099057090184720384,OkayUSA 👌🇺🇸 ➐,serc821,Make your own way in life without excuses. Love God and the USA. I like to doodle in the stock/crypto market$.,en,
19509405,Sergio Alvarado,sergioalvarado,Brand Strategist and Digital Marketing consultant specializing in non-profit sector. Media monetization and donor development. Miami | Orlando | Latin America,en,
3548306595,Secretary of Defense elect patriotic spirit 🇺🇸,servme2,100% Trump Supporter/Vietnam Era/Air Force Veteran/Grandma 👵 MAGA and KAG 🇺🇸 911 and Benghazi NEVER FORGET 🙏 FIGHT BACK,en,
711182619,🇺🇸Tim Sewall🇺🇸,SewallTim,"Father / husband,Patriot, Trump supporter, And all out American. don’t believe everything I repost ! Think for yourself!$TimSewall45",en,
3419594272,Librarians.cc 🟧,SexHarassed,#MeToo librarians suffer hostile work environments. #TimesUp = http://Librarians.cc — Parler: @SafeLibraries; http://cash.me/7DanK; SafeLibraries@pm.me,en,
73702693,Paul Hansen,Sfortzando,Wife: Susan,en,
1469753282,FLRW,sfwhittle,"LOVE GOD, My Children, My Husband/BFF, My Family, AMERICAN • Remember Our History #Patriot #AmericaFirst ❤️🤍💙🇺🇸🇺🇸🇺🇸🇺🇸🇺🇸❤️🤍💙",en,
45058489,EGB,SGIHome,"🦅Patriot, anti-socialism, anti-communism, anti-corruption, anti-BS⭐
🇺🇲 🇺🇲 🇺🇲 
⭐VERITAS⭐LIVE FREE OR DIE ⭐
Will not entertain the trolls
#MAGA🦅",en,
822601800092176384,Shadow Bard 💸📉,ShadowBard,Conservative centrist | Catholic | Non-Fiction Blog Writer | Fiction Novel Writer with too many WIPS | Tired of living quietly,en,
320461497,Amber Shannette,ShannonBlom,#Christian #TeamTrump #TrumpTrain #redpilled ... #TPUSA 🇺🇸 #Trump2020 #KAG #2A #MAGA #backtheblue 🇺🇲,en,
1033968080680939520,Shannon Ravenhill,ShannonRavenhi1,"Mostly former B-film actress. Animal Rights Activist, Vintage clothing hoarder. One upon a time lefty turned PATRIOT! Warning; I have a potty mouth.",en,
1187871872228216833,Sharecaster.com,Sharecaster1,Sharecaster multimedia networking post sharing and broadcasting tool. Sign up and configure your profile to share content to all your social media accounts.,en,
165509519,Sharjo_MAGA,Sharjo1,Retired. joined twitter to keep up with Q posts after #REDPILLED #MAGA #TRUMP2020 #DRAINTHESWAMP,en,
848894604749549568,🇺🇸Sharla 🇺🇸,SharlaSchoen77,"Daughter of King Jesus, wife, twin mom, SAHM, freedom-loving conservative, volunteer, and friend.   Matthew 6:33/Follow me on Parler @sharlars77",en,
25536762,🇺🇸Sharon🇺🇸,Sharon9359,"Former Moderate Democrat now a Republican. Proud Military Momma, Trump2020 and still ashamed of my former party!",en,
1410592303,Sharon faye,sharonfgass,"Kentucky born & bred. Wife and mom . Photographer wannabe! A country music MAGA, #TRUMP2020 , #2ndAmendment",en,
557397566,SharonNplz,SharonNplz,"Political news junkie, Wife, Grandmother to one & Mommy to three spoiled adopted rescue cats. Pro-America, Pro-Life, Pro-Military, Conservative.",en,
1021917609049169920,Shaughn_A,Shaughn_A2,Took part in an undercover sting once y’all may’ve heard of..https://www.projectveritas.com/video/npr-muslim-brotherhood-investigation-part-i/ #GodBlessAmerica,en,
2773673031,Shaun Ellis💯 🇺🇸👌,ShaunDEllis1981,"Born in Stl MO Now live in NH
Conservative who fought for Trump
IT'S TIME 2 MAGA
RT aren't a endorsement
PLEASE DON'T ADD ME TO LIST
ALSO ON #PARLOR @ RealShaun",en,
514312091,🇺🇸President Shawn Simmons🇺🇸,Shawn__Simmons,🇺🇸The Best Is Yet To Come🇺🇲,en,
261911765,Lone Star Girl ⭐️,shawndamama,"Mom, Nurse, Texan-American",en,
2239848210,DESSYBUG,SheilaChapa1,Mother & Grandmother & believe in #MAGA!  Believe inJesus Christ! Love VETS! Shame to admit I was a Democrat. Proud to admit I am now Republican. Voted TRUMP!,en,
25723564,Sherrie,shejambert,"Constitutional Conservative, Catholic, Dog Momma, proud Deplorable and Unapologetic Trump Supporter! I follow back fellow Trump supporters",en,
885546160915709953,shelley 🇺🇸 1st,Shelley_FFX,Believer in Jesus Christ.,en,
1185790302784634881,ShelleyElley,shellhe626,PDX native-Independent-Dog Mom🇺🇸🇺🇸🇺🇸👌,en,
814145305855881218,Shellie Newman,shellien72,"wife, mother, GiGi, patriot",en,
917890623012790273,Shelly Lynn 🦄💜,ShellyLynnSC,"Proud Christian, Mother & Wife. Proud Conservative. Army Brat. Music is my passion. My imperfections make ME perfectly ME. MENTAL HEALTH ADVOCATE. NO DMs!",en,
376471477,countrygirl,shellyyancey,"Loving my country life with Family, Friends, faith, fishing and Bucking Bulls",en,
436789306,SailorShel,ShelMarieTX,Derivatives Trader in training. Avid tastytrade viewer and Dough user. Working on retiring early. Powered by the $VIX.,en,
2259792259,Shemeka Michelle,ShemekaMichelle,"CREATOR of @thenakedgirlz |Author of #KeepItNaked |Political Commentator @SkyNewsAust , @realwalkaway |Goddess of Controversy",en,
1008788196728156160,💥 LADY🍀FACE 💥,shenetherworld,"I was born to hustle Rose's down the Avenue of the dead🌹GODS child , just a messenger of truth to those who have eyes to see and ears to hear.😇✝️",en,
18907179,Henri McClees,SHenriM,"Christian, lawyer, lobbyist, North Carolinian by birth & choice.",en,
876808883330727937,Biden/Harris NEVER MY PRESIDENT 👠DeTrump🦁❤👠🧡,SherriDeford,"NCAA Football (Fla Gators),Hist, Politics,Const. #Deplorable Indep #stopthehate,#covfefe🚂#TrumpTrain #standing4justice1forall, #MAGA🦁, #MakeCongressGreatAgain",en,
189141459,sherrie philips,sherrieleep,"Love my country #maga #kaga hardworking taxpayer,love God, the farmers, nature+founding fathers,constitution, commonsense, mom, grandmom, sister, cousin, friend",en,
947181984660328448,Not a Russian Bot,sherronmaynot,"Can’t fix stupid, don’t be stupid! Great Awakening  Stop the Steal, MAGA I Love President Trump!",en,
1550874403,🇺🇸Sherry Renaud Hanna🇨🇦,sherryhanna53,Proud wife of an amazing man. Mum of adopted son who is our love. We get one chance at this life ... 💜 NO DM'S.,en,
18029354,sherylw 🌎,sheryltwo,Moving to Parler full-time in the near future. Find me @SherylA Twitter tyranny tendencies are unAmerican & Twitter is going to be the new MySpace soon 😑,en,
55093445,"HRM Squirrel, King of Rodents",Shinar_Squirrel,Christian. Conservative. Hamster Wrangler. Chipmunk Rancher. Doctrinally 1689 – Liturgically 1552. Doomed to live 138.8 miles from the closest Chick-fil-A.,en,
789683104273358848,ShitTonsOFun,ShitTonsOFun,I'm That Guy.... Here for Shit Tons O Fun!!! Stand up to the BullSh*t!!! 🚒🚒 NY Patriot!! 🇺🇸 🇮🇪🇵🇷 Backup- @TonsOFunzo,en,
719016784305774592,shiyma Albadri,shiymapharma,Pharmacist (Masters in Hospital Pharmacy and Masters in Healthcare Administration). My opinions are true to me and represent who I am.,en,
611350965,Mia Rhode,Shooters_Wife,Wife • Mom • Blogger • Board of Directors MN Rifle & Revolver Association • I stand for the flag & kneel for Jesus Christ • #2ADefender #SavedByGrace,en,
729414395638386688,Shopdogg2,Shopdogg2,"Small Business owner,
♥️animals,Trump supporter proudly blocked by @bettemidler Proudly followed by Juanita Broaddrick @atensnut & @RealEricCarmen",en,
789583277396938752,DonnaTP,shorebillysalt,"Wife, nurse, small business owner, critical thinker, lover of freedom, autonomy, & simplified living. Parler & Gab same pic/name 👊🏻🇺🇸🥁",en,
3032393326,Americas Son🇺🇸,ShoreyMichael,"Father of 4 who cares for his country. 100% American 🇺🇸 of #Choctaw & #Irish ancestry.
#Patriot fighter in the #WarOnTruth",en,
6535242,Yolanda Shoshana,Shoshi,"shoshi@yolandashoshana.com/Witch, Culinary Historian, Wine/Spirit Expert, Brandy Bruja #Cryto Witch/ #Bitcoin Bruja, & Content Creator",en,
899059525,Shut The Beak,ShutTheBeak,Love my country 🇺🇸 Even liberals should care that conservative “beaks” are being shut because they are next 🤐,en,
235429872,@realDonaldTrumpWon,si0err3a,"My Favorite People In The World Have Down Syndrome Constitutional Conservative  ✝️ 
For God and Country #ToxicMasculinity 
#MAGA #KAG 



ΜΟΛΩΝΛΑΒΕ",en,
393969873,🇺🇸❤️SUSYKOOL🇺🇸ZEOLIARMY❤️🇮🇹,sianetta,Constitutional Conservative/WIDOW OF VIETVET💔🇺🇸    LISTS/PORN 🚫PERSONALDMS=BLOCK👊🏻WINDIANS⚾️BROWNS🏈Pete’s💍❤️ PROLIFE✝️ 2A👍🏻 No🚩#CLE #NAPLES🌴☀️,en,
3231231409,Kyle Stone,SicklyTheNinJa,U.S. Army Veteran (11B) || Cinema Enthusiast and Hobby Cinematographer/writer || Centrist/Conservative || Conversationalist,en,
806375497269673985,Dr. M. PEACH ~ Mimi T,SiffirgEimmot,"Mimi - Mom, Sister, Daughter Patriot Christ is Lord! LoveMyPresidentT- NO TDS! Gab @MimiT Retweet not equal agreement",en,
46510396,Jamie Conrad,SigShooter86,Mom. Veteran. Musician. Video Ninja. I use pink pussy hats for target practice. Proud Air Force TACP Wifey.,en,
2149769052,Craig M. Sills,SillsCraig,"SDSU Alumni • Political Consultant • ACR REALTOR® • NRA • Fighting to Restore Truth, Freedom, and Liberty to the Republic. #AmericaFirst 👍🇺🇸⚾️⛳️",en,
1087677133,Paul Simpson ✝️ 🇺🇸🇮🇱,Simpson28P,"Christian, Conservative, Patriot.",en,
163132914,Batfink,SinCityDan,Batfink lives,en,
831287065643855872,❌Sindel❌🌴,sindel2u,"Widow 👩‍❤️‍👨Mother Of👩🧑👱🐕🐈Lifetime NRA Member🇺🇸

 Conservative Christian🙏Proud Trump Supporter🚂💨#MAGA #DrainTheSwamp🤡🕵️BuildTheWall🐍",en,
2451699600,Ross Graham,SingerRoss,"Husband, Dad, Singer. Making Business Insurance affordable and accessible to ALL #buildingamerica! Independent Thinker and Voter.",en,
593989900,sharon Inkeles,sinkeles,"mom of 3, married to my soulmate",en,
20597843,Hey Cindy lou 🇺🇸🌟🇺🇸,sioryes,"“The life of the nation is secure ONLY while the nation is Honest, True and Virtuous",en,
16632562,Suzie-Q Cthulu Kitty,sioxielegend,🎬 Mortoritaville Veteran’s Wife. Collie owner. Mother of two. Find me on Parler @SuztvCg,en,
54058973,Tony,SirAzTop,"I live a life worth living, have the love and loyalty of one most dear and strive to enrich My life and those around Me.",en,
189401362,Tammy Stephens,sisterbusinessT,"Christian wife & mother. NM ranch girl,now in Tx. Living w/MS &breast cancer survivor. Love my country, decorating,fashion,art,most of all my family & the Lord",en,
2841124905,Deplorable Guitar Addict,sixstringaddict,"Average guitar player, lover of liberty, wanting government out of my life. When politicians lie I let them have it. Love Trump! #MAGA",en,
747306482,Tracie Sizemore,SizemoreTracie,"Crypto lover, entrepreneur, people lover and freedom fighter!",en,
2955483281,SJB_1980,SJB_1980_,#Trump2020 #VoteRedToSaveAmerica Antifa and BLM are terrorists #RejectSocialism #RejectCriticalRaceTheory #Covfefe Biden and Harris are NOT my President,en,
819036254977167360,Steve,sjgzg,🐕🌲🥑🏳️‍🌈🌮🍩🍷🗽🏕,en,
818739801855643648,S.J. Holden,SJHolden11,"Passionate American. ER/Army Flight medicine. Proud to serve community, state and country everyday. Appreciate respectful dialogue & curteous disagreement.",en,
708552551407468544,Lucid,skallabard69,Trump Won The Legal Votes.,en,
1646815999,🇺🇸 Ex GOP never DEM Skiddzzgrl 🇺🇸,skiddzzdove,Behcets Disease warrior http://social.quodverum.com/web/accounts/2…   In God We Trust 💛💙❤,en,
45154341,Shane 🇺🇸,Skinner147,"Not PC! 
My tweets are here to inform, entertain, and express how I feel! 
There are only two genders. 
#Trump2020 #KeepAmericaGreat #MAGA #TwoGenders",en,
45154341,Shane 🇺🇸,Skinner147,"Not PC! 
My tweets are here to inform, entertain, and express how I feel! 
There are only two genders. 
#Trump2020 #KeepAmericaGreat #MAGA #TwoGenders",en,
309953434,Cathy,skipmav,@Beachmomdk on Parler @Beachmomdk on Gab #BacktheBlue#AmericaFirst 🇺🇸🇺🇸🇺🇸,en,
65540587,"S.Kirk Pierzchala, Indie Novelist, BFA in Drawing",SKirkPierzchala,"Author of ""Echoes Through Distant Glass"", book one of the ""Beyond Cascadia speculative fiction series"". Also an award-winning and internationally known artist.",en,
1003173164,@SK ✍️,sknl2020,WE HAVE ONE RACE HUMAN .DEMOCRACY DIES IN DARKNESS. Republican #IMMIGRANT DOES NOT HAVE TO BE DEMOCRATS. #walkway .Abortion (without restrictions) is Murder!,en,
546165407,AOC Smuollett,skram84,"I love my country and am a proud Zionist.  . A modern conservative, support my president, love the first and second amendment. Pro-life

עם ישראל חי",en,
919982894,Skylady1963,Skylady1963,"Proverbs 15-A gentle answer turns away wrath, but a harsh word stirs up anger. The tongue of the wise adorns knowledge, but the mouth of the fool gushes folly.",en,
2654788899,Uncle Bubba 🤘🏼,Skylar_Beyond,"God, Family, Country! 🇺🇸 Proud Member of The Patriot Party! Native American & Conservative Sweet Heart! 🇺🇸🏜.",en,
2985335882,𝕊𝕜𝕪,SKYRIDER4538,"Saved by Grace, Unapologetic, NRA, American Nationalist, Voter ID, Biden Cheated, RT≠Endorsement. Trusting you is my decision, proving me wrong is your choice.",en,
27480609,Ginger Boehne,slowgin14,#Christian #Momof4 #RN #BeachLover #AnimalRightsAdvocate #EastCoastGirl #GOP #Matchbox20Fan,en,
19951820,Dan H Hogan,slowt1witter,he who dares wins,en,
104674831,Saadia Mai,sm22281,"New to Twitter, not sure if I want to be this connected!",en,
4757535874,RealTalK,SmallAxe2016,https://www.youtube.com/watch?v=WJJeLFvYsT0,en,
4757535874,RealTalK,SmallAxe2016,https://www.youtube.com/watch?v=WJJeLFvYsT0,en,
281537076,Small Biz for Trump,SmallBiz4Trump,"We are small business owners, employees and supporters of President Donald Trump. For the first time in America, we have a small business president! 🇺🇸",en,
62850757,Michael Lemm,SmallBizResCafe,"Retired Navy Veteran, owner of FreedomFire Communications, and author of the Broadband Nation blog.",en,
4867850446,Skylar Ogden♀️,smallsky6,"americanism not globalism🇺🇸 #MAGA
infowarrior. libertarian. patriots nation. metal head.",en,
984908093799583744,Stop The Fraud,SMarieC11,"Thankful to God for His mercy & grace
& His hand upon our Pres. Donald J. Trump. 
God Bless America

The aristocracy swamp gov. hate us 
#TermLimitsNow",en,
4284222733,#TrumpWon #BidenCheated,smart_right,Deplorable.  Irredeemable.  Dreg of Society.  Destined for the trash heap.  And proud of it! Follow back all #MAGA.   Female.  #Trump2020 #maga #kag,en,
16119464,smartredhead,smartredhead,"Retired (disabled) California transactional attorney who has become the Spinster Cat Lady of the Midwest.  Love to write, crafting, and cooking.",en,
2384961805,Ashley Carmichael,SmashCarm,| Animal Obsession | Veterinary Care | Pets | Dogs | Workin’ dogs | Deer | Dogs | Bass | Dogs | Wildlife | Dogs | Politically Incorrect,en,
880874590360158208,Matt,SMatthewsBakes,Experimental baker,en,
44928058,RN4Justice🎚⚖️🇺🇸,SMeachum,This account tweets on Politics. conservative. Jesus Follower.Married. won’t tolerate attacks or foul language. will debate but will not tolerate nastiness.,en,
51113995,S. Michael Gaddis,smgaddis,"Assistant Prof @UCLA, Former @RWJF Health Policy Scholar @UMich, #FirstGen. Research: #discrimination #inequality #race #education #mentalhealth @audit_studies",en,
4389650355,Smirking Joe,SmirkingJoseph,"""..for a man, thus subjected to a government that he does not want, is a slave.""",en,
714403258308161536,Scott Parrish 💎,SMParrishRPh,"Pharmacist, cholesterol and red meat connoisseur, politics expert. Until the new heavens and new earth appear ... Views are my own",en,
2817108419,Never2Big2Jail,sms_sullivan,"These are the times that try (wo)men's souls...

#magaforlife #magaforever
You can find me on Gab @ Never2Big2Jail and Telegram @ sms_sullivan",en,
3773938152,Saguaro 🌵 Cowboy,SnakeEyesGulch,Inspiration: Sentinels of the Sonoran Desert. Snake Eyes Gulch? Think Lost Dutchman Gold Mine - out there somewhere - keep looking. Never give up. Good vs. Evil,en,
22858373,PAW,snappytbar,"American Patriot, DAR, Former NYer  child of God #Redwave #2A, #Trump2020, tired of the looney left ruining our country with manufactured BS",en,
863824124,Stevie T,SNickman87,"Tired of the liberals and lying RINO's. America deserves better, our kids deserve better too.",en,
3141804009,Jumoka Cobbs - boop/bop/beep,snjumoka,"Co-Founder @Sounds_Nerdy  | #Tech Enthusiast, Lover of #VideoGames, TV's,  #SmartPhones, #Gadgets, Movies  http://youtube.com/soundsnerdy",en,
1051521173408927744,🇺🇸🏳️‍🌈[]🦊 Ash The Arctic Fox[],Snowy_ArcticFox,"◇Bisexual Emo Conservative Furry
◇Antifa and BLM are domestic terrorists
◇#AllLivesMatter
◇#stonks
◇#MainstreetAllTheWay
◇ ζ⃠",en,
1259616232212316165,"Truth, Not Silence",SNV_Deplorable,So sad what is happening right before our eyes. When will people wake up?,en,
45671909,Sherri 🇺🇸,SociallySherri,Just a mom at her kitchen table with a laptop who loves our country. 💁🏼‍♀️http://StopTheSteal.us,en,
107585606,SocialyteOnRyte,SocialyteOnRyte,"Moderate conservative, internationally aware online media professional here incognito. We're past round & square pegs - Real answers are hexagonal. #MAGA #KAG",en,
954365553296248832,President-Elect Lying Dog Faced Pony Soldier,SocratesTXsis,There is no education from the second kick of a mule!,en,
3369981640,President Ellegr,sofiaelpidagapi,🇺🇸,en,
46726631,Proud American,Solegirl73,❤️ USA 🇺🇸 ❤️,en,
46726631,Proud American,Solegirl73,❤️ USA 🇺🇸 ❤️,en,
46726631,Proud American,Solegirl73,❤️ USA 🇺🇸 ❤️,en,
1242656228666257413,"President Elect, Julius Benedict 🟧",Soli_Deo_GIoria,Resist the reset! 🌞⚔️,en,
458015801,Cynthia Ann Long,solomon_ann,Warning; trolls shall not be tolerated. All trolls will be blocked. Respect is a two way street.,en,
977451022900776960,MD_LeadHead,SoMD_LeadHead,Shooting -- Fishing -- Crabbing. Sinner. #2A Atavist. #def_distGG2 #Creality3D #Maker Additive & Subtractive Goon. The important sound of things falling apart.,en,
28453911,somedaygirl,somedaygirl,"Entrepreneur @❤ who loves tech, social media, leadership, T1 Advocacy, puppies, family, friends, good people, kindness & honesty",en,
841808201012154370,Gulag Inmate I❤️45,Song_HL,"tried 10+ times to deactivate my account, not successful, so consider me dead together with freedom of speech.",en,
1004747766759735296,RojoRedSoul 🇺🇸,soul_rojo,Time to duck and cover,en,
568184437,GOAT_POTUS45 @SouthernLadyDr 🐸 👉🏻 Parler 🗣,southern_dr,"Happily married to USMC Vietnam Vet. Christian, Conservative, Ph.D.,J.D. Come find me on #Parler @SGILife and EXPERIENCE FREE SPEECH AGAIN!",en,
1217871440965447680,Southern🇺🇸Anonymous🗣,SouthernAnonymo,"Christian Wife & Momma. Dirty South, USA. Trump 2021 🇺🇸 #FreeSpeech🗣",en,
963574083396030465,🇺🇸🇺🇸 Lil' Fifi😎,SouthernGrl333,"Constitutionalist, Trump Supporter, Believer in personal responsibility and respect for self and others. It's about the content of your character people...😎",en,
3075421281,🇺🇸America First Patriot🇺🇸,southjersy,"S. JERSEYGIRL 🏖🌻 Fiscally conservative, married mom of college kids. Rescued 🐶from Tupelo,MS and 🐈 from Camden, NJ",en,
205838596,siobhan justin,soybean61,"Medical Freedom Advocate
Child Health Advocate
retired RN
Jesus saved me    
If you earnestly #SeekTruth you will eventually discover it.
#BornFree",en,
31183094,Spam for Tea,SpamforTea,Enjoying some competent leadership for a change!,en,
21936941,💫🇺🇸JustCallMeSparkly💫🇺🇸,sparkly91717,#MAGA2021 #Trump “Freedom is one of the deepest and noblest aspirations of the human spirit.” Ronald Reagan.,en,
1228645458,Sally Frederick-Johnson,SpecialService4,"Christian, Conservative, American, Texan, and Family Historian. Maternal roots: German, Luxembourger, Norwegian, Scottish, Irish, English, Dutch, and French.",en,
374395618,Darron the Happy Brexiteer!,SpeltWithano,"Ex-Army, Vape Shop owner, Husband.
http://gab.com/Withano
pronouns: beep/bop/boop 🤫",en,
1255214533,Spence Rogers 🇺🇸🐘,SpenceRogers,Conservative Republican consultant @GoRightStrategy. Husband & father of 3. @USArmy combat veteran. Bold Christian. #RLTW #Airborne #USMA #VFMA #MAGA ✝️ 🇺🇸,en,
101677173,Spencer Worthington,Spencerthegr8_,End times chillin,en,
315436946,🇺🇸 57-43 😂😂😂😂😂😂 🇺🇸,spicoli_69,US NAVY Veteran .:R32 Owner. Surf Photographer. Miss U @nickyhayden 💚❤️ EDM is my drug💊. #ClubLife Gab: @jeffspicoli Parler @Spicoli69 #TRUMP2024 WI Native,en,
880914363305144320,Antoine Roquentin,Spicy_Kraut,The only way to deal with death is to transform everything that proceeds it into art.,en,
482466047,Chase Smith,spiritworldfilm,"Chase- Dad, Son, Brother, Friend, UGA Dawg, American
I write stories and direct things
BA-History/MPA https://www.imdb.com/name/nm4817836/?ref_=fn_al_nm_1",en,
89529870,Connie,spoiledlass,Mother of 2 amazing children.,en,
432842876,Matt_Mccallister,Sports_24_7_365,"Proud father of Brayden and Isaac, An amazing wife Jennifer.",en,
767776016,FXNewsSports,SportsNewsTN,"Breaking News, the Best Sports Shows and everything Tennessee Sports - H.S. to Professional! | Created by UTK Alumni. #VFL #Vols #GB🍊",en,
1344539976,Mandy ☕🦋🇺🇸,SpringSteps,"Christian. Married. Mama. RN.
 Prolife.  Etsy Shop 👉
🐰🐰 Wreaths/decor 

County Chair Cruz Campaign 2016. 
#ALLIN 🐯  
Trump 🇺🇸 @springsteps on Gab & Parler",en,
1344539976,Mandy ☕🦋🇺🇸,SpringSteps,"Christian. Married. Mama. RN.
 Prolife.  Etsy Shop 👉
🐰🐰 Wreaths/decor 

County Chair Cruz Campaign 2016. 
#ALLIN 🐯  
Trump 🇺🇸 @springsteps on Gab & Parler",en,
1061584949206286337,Street Politics With Talessia,SPWTalessia,I SAID WHAT I SAID I don’t do apologize tours 🤷🏾‍♀️ #Politics #MakeItMakeSense,en,
111501413,Sara,srivk,"Native New Yorker living under a Cuomo regime
Hanging in there-one executive order at a time",en,
353696999,Steven Rowe,SRowe1978,"#TEAMWEST4LIFE, Check out Matthew West new album Brand New. You can purchase it off his website at https://matthewwest.com/",en,
2993975016,Steve Rabon,srrabon_,"Christian, SC Gamecocks, College Football Outdoorsman🦌  1 Timothy 1:15:16.        Parlor srrabon    Gab srrabon",en,
2263491734,BRIDGES,SSbridges51,"Tk U President TRUMP 4 defending Christians! #MAGA...IFB Patriots...No Porn..Parler..@SuzyQ4Trump
#God #Family #USA #ProLife 
#Trump2020NowMoreThanEver ❤️🇺🇸❤️",en,
819441350642909186,Shelby Shank🗣,sshank33,Always try to be the light in a dark world,en,
2984470174,US Reset,ssmlmz,🇺🇸 Drain the Swamp! America First! Trump 2020! 🇺🇸,en,
722275037055729665,V,sssweetsleep,Free=Controlled. Free housing= told where 2 live. Free college=told what 2study. Big govt is top heavy structure against law of physics. It crushes citizens.,en,
753281700499640320,Stacey Lynn,StaceyLD4,retweets are just retweets not an endorsements #MAGA Trump Republican,en,
1445595529,Stacy Herring,Stacysangel,"Mother of 3 boys, and 2 grandchildren, wife of a Disabled Gulf War Veteran, daughter of a World War II Disabled Veteran, & Schnauzer Breeder & Lover",en,
838810277667811329,Home Daddy,STAHDbod,Husband and proud father of two future toxically masculine men. America began in 1776. America is not a racist country.🇺🇸,en,
961667422582394882,Luke Stancil,stancil_luke,"Raleigh, NC | NC Republican | Formerly: @patmccrorync @repreneeellmers @davidrouzer @NCPublicSafety | NC State Alum",en,
1190273631009591296,S₮Λℕ₦UⅯ,Stannum500,hello again • GingerSupremacist • Celt reparations now • Tummy respecter • Google “spiteful mutants”,en,
2556008875,*Doctor* Starlight 🇺🇲,StarlightQA,"#Patriot, Seeker of the Truth, Unapologetic Destroyer of #FakeNews and #Groupthink 
Blocked by John Krackhauer and @LeslieMarshall for calling out their BS!",en,
1241807518923284480,Lola Star,starlola2,liberalism is a mental disorder,en,
792560925979009024,Steampunk Faery,SteampunkFaery,"I love the Lord Jesus! I support Pres Trump and our constitution. I love adventuring through life with my adult kids. Oh, and I love Steampunk!",en,
2247460418,Stella Rondo,stella_rondo,#MAGA #KAG  Trump is my President! Pro 2A & NRA & Police & Military. ♥Happily Married❤️ ⚜NOLA⚜ Fight voter fraud. On Gab.,en,
177713042,#PresidentElectStella1009🇺🇸 #Trump2020Landslide,Stellaluna64,"#FourMoreYears #MAGA2020 #KAG #Trump2020 New Yorker, Mom, Conservative, Not a racist, behind @realdonaldtrump 💯🚂Deplorable #ProLife 🇺🇸🇺🇸🇺🇸",en,
855410356616929280,WiftyWeasel,Stenogabue,"Mom, Kitchen Architect, Treasure Hunter",en,
1069282160069111810,Stephanie C.,Stephan95661695,"Cow Whisperer, Conservative AMERICAN PATRIOT,
FOREVER TRUMPER ❗️Child of the living GOD, Prayer Warrior &
Happily married.  BLESSED OF GOD TO KNOW HIS TRUTH❗️",en,
907258083566424064,Stephanie,stephanie_smuck,God • America • Patriot,en,
8754802,StephanieT313 🇺🇸🥾⛺️📸🏜,StephanieT313,"Banned in China Camera toting, tree hugging dirt worshiper. *Burgh Verified* nfl is dead to me.  Gab @Tango313",en,
777023222705291264,Stephen Morris,stephen12morris,"Faith, Family, Freedom | @AllianceDefends & @LiveAction Ambassador | Proud American",en,
1244210293590437888,Stephen - Netsarim,Stephen91031344,"Follower of The Most High, walking in His Way, looking forward His Kingdom that Yahusha will Rule over. HaleluYah!",en,
17809669,Stephen Davis,stephenedavis,Mississippi State 1996. Despise Left and Right extremists. Founding member of the SmartAss party of Texas.,en,
67874635,Jones,stephennpa,#gamer #pets #travel #photography #myrtlebeach #foodie #contest #coffee,en,
1965662844,Stephen R. Winter,stephenrwinter,"Author of Write Like A Ninja, The Fiscal Cliff Cookbook, and others.
Blogger RoyVegas.
Photographer.
Artist of abstract and conceptual paintings.",en,
17660338,StephStance,StephStance,"Grew up in Hawaii, Japan, Australia and Texas (where I was born).20 years Navy Brat,Lesbian,Thera Buddhism.DNA = Cajun/Creole",en,
3073788027,❌ Steve C ❌,steve_c_6242,Jesus = Lord & Savior!  Happily Married!  NO DMs! Constitutional Conservative!  Tweets/RTs NOT = endorsement!  Ugly 1990's Website: http://backdoorsale.com,en,
145391875,The Real Steven A Smith💯,steve6101963,Patriot medical marijuana saved my life.,en,
153646279,Steven Eisenberg,SteveEisenberg5,"#Zionist & future Oleh; Friend of #India, #Tibet & #Taiwan; #Gettysburg; #history; #hockey; #leadership; #BatchelorShow; voice for @TalklineNetwork",en,
257688632,MetalGearFox,stevenala,Christian ✝️🇺🇸🇮🇲 United States Marine. ⚜️ @juventusfc #BostonSports @SaoPauloFC #TeamJul PSN:sunshinefox7 {Ecclesiastes 1:18},en,
1362007644,Steven Gardner,steveninseattle,am a gay white male who is now 51.  I am not a liberal but am certainly progressive.,en,
836654344950935556,Steve Osborne,SteveOsborneUS,"Painter. Supporting @POTUS45 saving the country from globalists, unfair trade practice, and activist media. μολων λαβε. I block brainwashed dimwits.",en,
633000730,steve sherman,stevesherman63,"Christian. Veteran who now works in private sector. Conservative, some Libertarian. Married. 2 daughters. #TGDN",en,
267874233,Shelby Edwards,STEWest,"Crisis Expert. Writing the book. 20 years, 4 tours with Uncle Sam (Haiti, Bosnia, OEF, Afghanistan). Army Major. Dogs and whiskey please.",en,
22154259,Steve Wolf Sr.,stevewolf44,"Retired from the Cincinnati Bengals. Fan of Bengals, Reds, ND Football, & UNC hoops. Dayton Flyer Alum. Conservative Republican.  Hilton Head is my happy place.",en,
733164307,Steve,SteveZarkos,"Christian, Conservative, Patriot",en,
954196064965480451,Stew Williams,steww67,"Vietnam era veteran (Air Force)  Don't tread on me.
Dogs are man's best friend.  MAGA
Deplorable Chump born in November
Reside in NW Arkansas",en,
1172925140,Mex-Cellent #WeAreTrump in STL,StLNetworkGuru2,1st Gen Mexi-American | #Packers 🏈 | #Cardinals ⚾️ | #Blues 🏒 | #TrumpTrain | #LatinosForTrump | #WalkAway | #WeAreTrump | #MAGA | Uber Patriot 🇺🇸,en,
3433037435,"Joseph ""Stoney"" Boyd",stoney_boyd,"A bit of an introvert, deep thinker, I'm misunderstood, Catholic, Artist, Autistic, Patriot, Proud to be an American #TeamGodzilla",en,
33320007,Stormcloud 🇺🇸 🇺🇸,StormcloudOKC,On a quest to get healthy to lose weight. Metabolic Syndrome #LCHF #Carnivore #Ketovore #Keto #POTUS45,en,
838528653470412800,Who Audits The Global Fund?,StormyEve2017,#AntiCorruption warrior. #MAGA #Awake #AdorableDEPLORABLE #ProudAmerican,en,
97315486,Geno,story16255,#KAG #USA1ST #2ADefenders #DefundPP parler: @Geno🇺🇸 #MAGA F/B @ActforAmerica @HRenee80 @MichelleMakori @LindaSuhler @monicaonairtalk @BuzzPatterson,en,
1108828706389323776,Straight 2 the Right,Str2theR,"""I prefer dangerous freedom over peaceful slavery"" -Thomas Jefferson
Est. 3-19",en,
991113529100046336,Brian Miller,StratMiller,Managing Partner & Quantitative Strategist,en,
75329060,GAB: Realstinkeye,StreetHowitzer,It appears their hypocrisy knows no bounds. 🇺🇸 //#MAGA//🇺🇸Veteran//#2A//Biz Owner/ #BuyAmerican #HireAmerican *Jesus is my Lord & Savior*,en,
3192948670,Rapture_🗣,stschei57,Lucy Shimmers and the Prince of Peace,en,
1218758494142324736,Sue Ski,Sue83402849,Fun loving and happy . 😊,en,
33211976,🇺🇸 Susan Blakey 🇺🇸,suebeetee,"🇺🇲🇺🇲Child of God, Wife, Mother, Oma (grandma), Trump supporter from day one. 🇺🇲🇺🇲 Love My President.🇺🇲🇺🇲 🇺🇲 Love my Gators!",en,
1444480856,Sue Kahler,suekahler,Freedom is my jam. Your rights end where mine begin. United we stand. @COSProject http://www.conventionofstates.com,en,
874728912,Sue Laze,SueLaze,"American citizen, mother and patriot, no lists, End The Lockdown, 🇱🇷Take Back Our Freedoms🇱🇷Open The Economy 🇱🇷MAGA🇱🇷Trump 2020🇱🇷Texas for Trump!",en,
147799780,Sue May,suemayonline,"CHRISTIAN;GOD,FAMILY,COUNTRY,MUSIC,SAFETY+BABIES R my passions! ♥VETS!(Married;2 sons;8 grandchildren)What is the Period of PURPLE Crying?",en,
1151179474177802242,SueMeg,SueMeg2,"God first. Family, Military, NFL,NHL, and following politics.",en,
804845730758328320,Patrick Sullivan,sullyp40,"Romans 8:18
#Coognation
#Htowntakeover",en,
884950836,Summer Fontenot,summerfontenot,I am a free thinking lifelong learner and yogi. I love pop culture and keeping up with the news. I lean to the right on national security & fiscal issues.,en,
21269662,🇺🇸 BASE CAMP 🇺🇸,SUMMITTOUCH,"❤️🇺🇸 🐾 🍕🍺🥃🌎☀️🌊✈️🏔 LIVE UNAFRAID! 
Donate blood/platelets! 🩸#RedCross I've travelled the World. #GRATEFUL to come home to #USA #DogsRule #RescueDogs",en,
1002394189043249152,Lion and sun,sun4342,#Trump2020 🇱🇷🇱🇷🇱🇷🇱🇷🇱🇷🇱🇷🇱🇷🇱🇷🇱🇷🇱🇷🇱🇷🇱🇷🇱🇷دوستدار پهلوى ❤️ ⛔️اصلاح طلب ⛔️مجاهد,en,
141482349,Kevin R. Hanson,sundancergroup,"Logistics company owner.
Making sure you and your family get groceries and medicine.",en,
29888553,gab.ai/SunnyDaze143,Sunnydaze143,"Retired Financial Management, Independent Conservative' Tired of watching American values being swept aside for some NWO experiment They have destroyed enough.",en,
1047244659590909957,sunsetsq,sunsetsq2,"Wife, mom, faith, family, country -  proud conservative and daughter of the King. TRUMP won and the truth is coming!",en,
750417422520377344,Sunshine for TRUMP,SunshineforTRU1,#AmericaWorksTogether,en,
1082496774659543041,🇺🇸Sunshine🌞Reports🇺🇸 Q,Sunshinesreport,"""I believe in my God, in my Country and in my self!""- Paul Harvey",en,
48587836,Sunstamp,sunstamp,"Lesbian conservative, we do exist.
♡♡ Trump",en,
11335322,E N Brown,SuperEB,Geek-a-zoid web development-design/writer/copywriter/artist for 30+ years. Multiple Blogs-Websites. Rednecks-hicks bring your dog or pony and some wine for ME!,en,
1705299246,Supergoodpixel,Supergoodpixel,"Game Studio - Games for Xbox,Playstation,Nintendo,Nintendo Handhelds,Mobile, Android, Apple IOS,Phones.
Full games & Asset creation",en,
1014551422401040385,🇺🇸 Madam President - Elect 🇺🇸,surfingthenet1,"On BB YATUS... lover of all things BB, & sarcasm! ✌🏼",en,
14707403,Brian Dunn,surrfinTexas,"A state, even a secular state, is obliged to rely on the moral traditions which shaped it. @ratzingerquotes #silversqueeze - I follow back!",en,
1173117798,🇺🇸Susan🇺🇸,SusanBernier910,"wife of @bernier_rob, mama, nahnah. proud MAGA deplorable chump living and loving life #TRUMP2020 ☮️♥️😊",en,
363385625,Susan Carleton,susancarleto,"Jesus follower; praying Mom, Mimi and Wife; waiting for His soon return.",en,
18466375,SusanKnowles,SusanKnowles,"Stand For Truth Radio, http://Venmo.com/susanknowles, Holy Spirit Follower, host & former TheBlaze Contributor, http://susanknowles.com",en,
3370781741,Susan Posey,SusanPosey3,"At home mother of two adult children with 2 identical twin grandsons, granddaughter, and another grandson who I provide daycare for.",en,
1105630468869894145,Susanshearer,Susansh43345926,I love my Life💖 My God💖 My Husband💖 My  Kids💖 & Grandkids and my Yorkie 's 💖💙& My President 💙 #MAGA #2020 (Army Mom),en,
155110282,Susan Vander Schaaf,susanVS43,"Faith, family, farming with a splash of current events and politics. Psalm 37.",en,
364647952,Susie,SusieInAtlanta,"Atlanta native, single mom, animal lover, passionate republician/socially liberal, pop culture junkie, fashion, real estate, feng shui design",en,
2290148144,Susie Swanson,SusieSwansonDFW,"SVP at Briggs Freeman Sotheby's International Realty. Specializing in marketing extraordinary homes in Highland Park, Preston Hollow & Bluffview.",en,
1020011513485189120,President Elect - Nosaj_Pepe 🐸🇺🇸,SuspendedTruth,"Gab: @SuspendedTruth Memes, Harsh Truths, & Facts",en,
3241824974,CalifornianDeplorable,sustainablethic,POLITICALLY ACTIVE. PRO LIBERTATE PRO BILL OF RIGHTS AND FREEDOM,en,
492935784,Ali☃️,SustainablyAli,"Another over-educated millennial with opinions. Lover of sustainability, social equity, and avocados. This page is home to my political ramblings, enjoy~",en,
65402809,SuZe Smith,suZ_smith,"My friends call me Z. I like nice dinners and romance. Who doesn't? lol. Health and fitness. Long walks on the beach, sports and music. Variety.",en,
34943501,suzanne TRY KINDNESS cucinotta,Suzamom,"Always trying; Mom of 2 sons; 
Advocate for neuro-diverse (ND) populations;
Understanding & Kindness go far; willing to debate; party talking pts are so 2020",en,
16016642,Suzanne,Suziflea,"Mom🔸Navy SEAL Wife🔸Beer Drinker🔸 Political Junkie🔸Sports Fan 🔸MAGA
 @udtflea",en,
753267270017814530,D B Livin,SwampYnkStoolie,Stoolie from the Rhody South Shore....Pats...Sox...Celts...B's....and the Rhody Rams! #VivaLaStool,en,
863736510968770567,Rochelle Swanson,SwansonFineArts,"Writer. Artist. Skier. Photographer.🇺🇸
http://swansonfinearts.com",en,
801112402188189696,S Watson,SWatsonMAGA,"Rockin wife/mom/gma in the U.S. yay! Love God, my family, and my country. http://www.360WellnessCheck.com #ArieylMovement Ask me‼️#LovetheLifeYouLive #MAGA2021",en,
841053389559599105,Jibber Jabber,sweet_oil_girl,Animal lover. Young living essential oils. Support all law enforcement officers. Wife of a Correctional Officer. 💙! #2A TRUMP 🇺🇸🇺🇸,en,
229317558,Amy Sweet,sweetamyrenee,"wife, mother, social worker, conservative republican who loves America🇺🇸MAGA We ❤️you President Trump",en,
223322764,Melanie Lauren,Sweetemmilyn,Trump2020 BABY! FB @WayneDupreeShow @ChanelRion @realMikeLindell @RealJamesWoods @LisaMei62 @ScottBaio @GoJackFlynn @realBrysonGray @solmemes1,en,
1849179156,Brown Eyed Girl,sweeteypie1012,ILLEGITIMATE Dementia Joe is NOT MY PRESIDENT and never will be. RESIST. That's what the left taught us to do.. Right? #IllegitimateBiden #impeach46,en,
498244892,sweetpea_jeepher #BidenIsNotMyPresident,SweetPeaJeepher,#Jesusfirst #Jeepgirl #AmericaFirst #USA #BackTheBlue #WeThePeople #SupportOurTroops #Patriot #MAGA #KAG #Trump2020 #Trump4Ever #PatriotParty  🇺🇸,en,
498244892,sweetpea_jeepher #BidenIsNotMyPresident,SweetPeaJeepher,#Jesusfirst #Jeepgirl #AmericaFirst #USA #BackTheBlue #WeThePeople #SupportOurTroops #Patriot #MAGA #KAG #Trump2020 #Trump4Ever #PatriotParty  🇺🇸,en,
2638157677,CatLover2020,SweetRawJoy,"Love healthy food for my mind, body, and soul. Hence, I'm into the healing power of Truth and thinking for myself.",en,
792372833460551680,CBD4CharitySWFL▪FelineNFeathers,SWFLRescueSanct,"ASEA Redox Signaling Molecules #PetFriendly 501c3 Charity💖Rescue #SeniorCats #ExoticBirds #Sanctuary
↪http://Paypal.me/PLZDonate1Birdcrew",en,
785463931099721728,Gulag inmate 9731,SwgMk,Twitter is my popcorn./President-Elected.,en,
184408339,CTPATRIOT,svprn1stmate,"Proud American, Wife, Mother, Grammie, DAR Member and Mayflower descendant. 🇺🇸🦅",en,
2902838046,H. P. Ramsay,svtsleds,"US NAVY HOSPITAL CORPSMAN
Fleet Marine Force (Retired)",en,
31417897,Sydnee Taylor 🇺🇸❤️,sydneetaylor,Whoever dwells in the shelter of the Most High will rest in the shadow of the Almighty 😇🇺🇸 #Patriot #WAKEUP “Come out of the Matrix!”,en,
900369100375023616,LaGuardia Youth Employment Programs,syep_laguardia,The Summer Bridge 2020 and Youth Employment Programs @ LaGuardia give youth a chance to gain service learning & employment experience year round,en,
1017815060419407877,Syimon Templar,SyimonTemplar,Injustice anywhere is a threat to justice everywhere (MLK). Stand up for the things that are good or fall every time for evil (the ungodly). (Sugarman Treacle ),en,
1021528102483238912,The Problematic Queen 👑,SyntaxXSindoll,LGBT Drag Queen calling for a return to common sense and full reform of the government. #WalkAway #GOPTraitors http://www.theproblematicqueen.com,en,
1244821154927390722,t_baltz,t_baltz,"Nothing ventured, nothing gained
BSEE UC Irvine, MBA UW Seattle
Deplorable",en,
22171709,t00zn0ze 🇺🇸,t00zn0ze,Leukemia sucks.,en,
738866875598131200,Bold Colors,TA9463,"Christian Constitutionalist, California Conservative, Fiercely Patriotic, Certified Sommelier- Wine & Spirits Trade",en,
822250935430823936,Taagor87,Taagor8787,Proud father     MAGA supporter,en,
90955096,EIon Musk ᅠᅠᅠᅠᅠᅠᅠᅠᅠᅠᅠᅠᅠᅠᅠᅠᅠᅠᅠᅠᅠᅠᅠᅠᅠᅠᅠᅠᅠᅠᅠᅠᅠᅠᅠᅠᅠ,tabbiecates,"Doge all day, Doge all night",en,
26913866,Estefan Collyer 🇭🇰,TacAirlifter,Just a toupee in a sea of big wigs -- inspired by new things; #smallbiz owner; defender of individuality. Served in USAF; LOVE #SPACs but looking for a hammock,en,
1023952774051115009,D.O.S.M.L ( disgusted on so many levels )✝️,Tacoalliesunite,Believer of Our Lord.,en,
758327507246428160,Annette🦋,TacoBowls4Trump,Latina's for Trump in California,en,
751130405764345857,Josh 🇺🇲,TacticalJosh,"I post for my own amusement, if something I post offends you, feel free to keep on scrolling.",en,
29959269,Taylor Made,tailsct,"If you want a civil debate, bring it on. Know this, the media IS deceiving US. http://Gab.ai @tailsct",en,
48009865,Simple Peasent - - . - - -. .-🇺🇸🇺🇸,talesoftopo,Those people who will not be governed by God will be ruled by tyrants. ~ William Penn. MAGA2020 Molon Labe,en,
31947076,Tallulah~River,Tallulah_River,"Dedication to TRUTH. Enjoy reading, learning, writing, words, thought, music. Love camping, hiking, fishing, swimming, all outdoors, and college football.",en,
344912217,🇺🇸GodSaveAmerica🇺🇸,Tamarockalane,"Child of Almighty God Redeemed by Christ, Mama, Granny, junk repurposer, real news junkie, lawyer for underdogs.",en,
1245561090106425344,tammie foster,tammie_foster,"Love God Love my country🇱🇷💯. married to greatest man ever, definitely support President Donald J Trump.",en,
939764455,Tangles Tou,tangles2u,ALL LIVES MATTER EQUALLY! Never kneel before man! Never apologize for your skin color! #faith #truth #justice,en,
310952181,TANSTAAFL,TanStaAfL_VA,"Constitutionalist; American Dream; Entrepreneur; Free Thinker, GOD, Family, Country",en,
1038866467,Circle back to reality Skye ☘️,tappy1008,Conservative in a blue state - Non-Conformity is my strong suit- Fan of 🐶 🐱 📷 🍱 🌅 🍷 #NYR #LFGM,en,
3413917049,Tara Lynne🇺🇸🇺🇸🇺🇸🇺🇸,taralynne3578,"American, Patriot, DJT is MY PRESIDENT. MAGA",en,
1049087499425988613,Tattered Freedom,TatteredFreedom,An American who is tired of the direction this country is going. #2Adefenders 🇺🇲,en,
20993944,Cha-Ching!,taxed2death909,"Happily Married Wife, Mom to 3 daughters, Grandma to 4 precious boys and 1 beautiful little girl. Conservative Catholic Christian, Tired of being #Taxed2Death",en,
1115973721322291200,taylerholler,taylerholler1,proud father of liam alan and decent biscuits and gravy maker.,en,
14835518,Taylor Ashland,taylorashland,Former Marine - Small Business Owner,en,
97937099,MG Christie,Tbaglady,"Writer, patriot, love my family, country, constitution, military💯Trump, Leo's, pro-Israel “Politics is my cup of tea” 

http://Gab.com/@Gracec",en,
794226697,MAGA 4EVER,Tbutterfly93,"An outspoken, New Yorker who can't stand BS & Ignorant liberals. A die hard NY Giants fan and a supporter of #45 #Trump2020 ✝️🇺🇸🇵🇷🇺🇸✝️",en,
1890848160,Tony Watkins,TC_Watkins,Here to support President Trump & Fellow Patriots  #AMERICAFIRST #TrumpNowMoreThanEver #DrainTheSwamp    Parler⬇️ @StandUpForDonaldJTrump,en,
238003065,Tiffany Cheuvront,tcheuvront,"Wife, Attorney, Media Contributor, and Lakers and Ducks fan, loving life and trying to live right, 2A",en,
207095633,TDawn 🇺🇸,tdawn1776,“A Republic. if you can keep it.” Ben Franklin - 1787 🇺🇸,en,
1107700739424641034,TeeDee1969,TDee1969,"Patriot, conservative, Trump supporter 🇺🇸",en,
478157338,Tim Kinser,tdkinser,Founder & CEO of Kinser Digital. Marketing Consultant. Social Strategist. (parler:TDK1951),en,
119150202,Anthony Dohrmann,tdohrmann,"CEO improving quality of life, patient outcomes and adherence with virtual, connected care solutions. Love God, wife, family, team, flying, New Mexico, Texas.",en,
957057441908142080,Robin,Teacher_Girl68,"I love God and trust Jesus as The Way, The Truth, The Life. I love teaching, and I love my country! #MAGA #KAG #TRUMP2020 #Prolife #2A #Patriot #Cue-the-music",en,
1069518099399892992,Teagle Talks,teagletalks,"disaffected democrat. history guru. we can’t just be not marxist, we must be anti-marxist. retweets are not endorsements.",en,
48581688,Jennifer Irons,TeamBobbyEwing,"Dallas tv show fan(old and new), Monkees fan, huge Michael Landon fan, love Downton Abbey & Grey's Anatomy. Also love the Phillies & the Flyers!! Big ABBA fan!",en,
993332630970974209,They WILL Play,TeamHendrix1,We are a group of parents dedicated to ensuring the youth in California have an opportunity to compete in athletics this year! #LetThemPlay #OpenCAschools,en,
756953706071859200,TechDyno.com,tech_dyno,At http://TechDyno.com we live for tech and gadgetry that’s why we compile the greatest and most interesting artifacts from across the web for you.,en,
710272880622354432,k kruter ❌,TechchartKk,🇺🇸🏒❌,en,
3240325433,TECH|GEEK|REBEL,TechGeekRebel,"WELCOME Tech Aficionados, Creators, Thinkers & Rule Breakers! reviews|innovation|wearable|news|apps + really cool stuff. For INFLUENCER promo send me a DM",en,
2746339015,TechiPulp,TechiPulp,We deliver actionable insights for savvy marketers.,en,
14857469,Ted Hulsy,TedHulsyTweets,Blackout until Twitter and Facebook restore President Trump's social media access. Lawful use of 230. https://t.co/j7MG4u4V18 Save the Constitution https://t.co/rzRLCjYKhh,en,
17569853,Ted Perlmutter,tedperl,"Teach courses on forced migration, global activism, conflict resolution, & social media at NYU & Columbia.  My opinions are rarely humble.",en,
212249026,Tyler Hamilton,TEHam87,"I'm a contradiction. 1-in-3 and 3-in-1.

Lover. Warrior. Spirit.",en,
64636808,Tez Lama,tejblama,Namaste,en,
419623275,renalRobinson,tenarobin,Snowflake agitator and accused Russian hacker.  Fake News does not control my life and I will never be tired of winning.,en,
579075141,TENNESSEE 🍊🇺🇸,Tenn1796,Mostly retweet (doesn’t necessarily indicate endorsement) but every once in a while get a wild hair with some input. God Bless,en,
2288895539,Southern Karen❤,TennOutlander,"Living in small town Tennessee

Reader Writer Creator 📖📝🎥
BTS Army💜
Outlander Fan🏴󠁧󠁢󠁳󠁣󠁴󠁿
I ❤ God, my family and 🇺🇸
Indie Film Maker-stay tuned🎬",en,
918980555789631489,Dr.SteelMagnolia,TenoverDenise,"#BackTheBlue #DemsGottaGo 
#Christian #CULT45 #REPUBLICAN 
#Vets #NRA #PATRIOT #USA #TRUMP #BUILDTHEWALL #MAGA American Citizens b4 Illegal Aliens",en,
918980555789631489,Dr.SteelMagnolia,TenoverDenise,"#BackTheBlue #DemsGottaGo 
#Christian #CULT45 #REPUBLICAN 
#Vets #NRA #PATRIOT #USA #TRUMP #BUILDTHEWALL #MAGA American Citizens b4 Illegal Aliens",en,
4699154862,Teresa Lucas,Tereluca1,Tejano Libertarían and Proud Conservative Patriot!!! Open to conversations about real issues...we might not agree but can still develop mutual solutions!,en,
45741687,T. Zerilli-Edelglass,TeresaEdelglass,Author of Thrown Under The Bus: The Rise & Fall of An American Worker ~ Read it...& be warned. #MAGA🇺🇸 #PresidentTrump is my president. #ExposeTheSteal,en,
905891532460498944,Teresa Thomas,TeresaT39667848,"@Everfree on parlor..dump Twitter 
FOREVER TRUMPER
2020 Election WAS RIGGED
#CORRUPTBIDENFAMILY
Love my country, history & Constitution #AMERICA 1ST",en,
780831622035705856,TeRoj63🔊🗣🔊🗣🔊,TeRoj63,"Texas native🇨🇱 -Oregon🌲-Florida☀️-Texas🇨🇱
🇺🇸Patriot For GOD & Freedom #TrumpSupporter",en,
920762891644669952,TrumpWon😉Terra 🍷Queen of my world,TerraBaker15,... Ibogaine is a cure for opiate addiction.. #DonaldJTrumpWon  he is still my President RIP Jason Mommy luvs u,en,
23254225,Terri🇺🇸🇺🇸🇺🇸,TerriAtl,"Very very conservative female. Grammar& high school: The Lovett School. College: SMU Class of '73. PONY UP!  I'm allowed to live with my toy poodle,  Abby.",en,
28174446,Terrie209,Terrie209,#TRUMP🇺🇸 #KAG 🇺🇸 God & America ! Family• Artist• #EndPlannedParenthood #Nationalist• SUPPORT our President ! Engaged to the most AMAZING MAN EVER♥️,en,
1241551028715163648,Terri 🇺🇸🥂 #MastrianosArmy,TerriFromPA,"I’m nobody, but I pay attention. Sassy introvert. #dirtbike rider 🏍 #Kayaker 🛶 #Navy brat ⚓️ #Christian ✝️ Lover & fighter 🇺🇸 Fam = everything #1A #2A #MAGA",en,
395745827,Terri Sue Monark 🇺🇸,TerriSueMonark,"Wife, Mother, Christian, Teacher, Reader, Traveler, Food Lover, Patriot 🇺🇸 🇺🇸 Believer in limited government.",en,
2648573187,"Terri, Constitution Conservative",territiernan1,"Unapologetic Conservative, mother, retired corporate educator, dog walker, dog-/house-sitter",en,
1184972408144441349,Terri Tinsley,TerriTinsley3,"Trump Supporter, God Fearing Woman, Loves the USA, Owner of a small business!",en,
1266742214601965568,Sick of the GOP death squad,Terry27497860,#blm #dickpunchtrump Jesus is brown. #ussoldiers need to remove trump🏳️‍🌈🍹🌊🌊🌊,en,
806249173532217344,TERRY  🇺🇸,TerryDugue,Don't Mess with Texas 🇺🇸   We know what they did.,en,
17744351,🇺🇸Terry McMurray🇺🇸 🏝️,TerryJMcMurray,Constitutional freedom lover! Shadow banned! America first! I go where others fear to tread! #StopHumanTrafficking #MAGA 🇺🇸🏝️,en,
3391603780,AmericanTerry,terryloohoo,"I believe JESUS is who He said He was. Happily married to an alpha male for decades. Blessed with 3 girls, 4 grands and lotsa fur babies. We ride old Harleys.",en,
901747375,Truly452 🇺🇸 Stop the Steal,Tessilu4,"NJ 
Trump 2020",en,
623407328,tess,tessmaefree,one fed up American,en,
945865319159132160,Johnny Hammersticks,testing73251505,#MAGA,en,
2332512385,TeVeBuff,TeVebuff,"I watch movies n tv shows. I praise the good, criticize the bad. I also watch some bad stuff for reasons unknown... Dare you to judge me",en,
297561618,offDutyTexasRedNeck,TEXASFLYTYER,Retweet NOT an endorsement. Native #TEXAN #Whataburger #Whiskey. NOT PC . 🚫PORN +18 #Christian .. PARLER same name Conservative #2A #MolonLabe,en,
311726847,Mike Collins,texasharleyman,Proud Husband and Father and Grandfather. Native and lifelong Houstonian. SportsJunkie Check my card collector side at @AvidCards,en,
21151367,Kim Ashley🇺🇸,texaskat2003,"Parler :     @KimAshley28
❤️ family ❤️my furbabies  Adopt don't shop.  Weather geek.  Searching for the truth.   Let me think.  🇺🇸",en,
1007380464607297536,TexasLA_Lady,TexaslaLady,Wife. Mother. Trump supporter.,en,
530028921,TexTheCat,TexTheCat,"Happy Wife, #Patriot #1A #2A #flyfishing #photography, #camping #SuddenDeafness #BAHA",en,
812012369035612162,Tom Hospod,tfhospod5,"Attorney, Real Estate Developer, @BostonCollege, @MiamiLawSchool, and @HarvardExt, political junkie. Dog parent. TBI survivor, 3 years sober. Boston sports fan.",en,
2233700450,Rebecca O l USA,ThatGirl1965,PATRIOT 🇺🇸 l HumanRights 💯 l AnimalRights 🐾,en,
3776062282,Lena,thatgirlflorida,"Love God, America, and President Trump 
Together We Can Make America Great Again! 




Proud ReTrumplican 

#MAGA
#AmericaFirst




Trump Train🚂☁🇺🇸🇺🇸🇺🇸",en,
796575152607731712,💥The Ozark Ninja💥,Thatmikefella,That's Mr. Ozark Ninja to you. And don't forget it.,en,
208576702,Liz McLaughlin,thatreporter,"TV news reporter covering tech, consumer & feature stories for NBC News Channel. RTs & likes are not endorsements",en,
575037059,Now 50% less white,The__Oath,Truth is a weapon. Knowledge is power. Think for yourself. Retweets are not endorsements. Just things I want to research.,en,
559235840,Braden,The_Baer_Cub,"If we ever forget that we are one Nation Under God, then we will be one nation gone under.                                                    DJT 🇺🇸🇺🇸",en,
383531976,The Davidians,The_Davidians,"The Stevenson Ranch Davidians; Post-Psych, Folk-Amerikana Vibes",en,
130027881,John 🇺🇸,The_Johnald,Entrepreneur :: Raconteur :: Provocateur,en,
1039625175938080768,Hudson Valley Hockey Dad,The_Turd_Ferg,"Well informed and fearless #MAGA #Patriot🇺🇸 
Here to make you uncomfortable.",en,
89258328,IИFЯIИGΞD #𝕄𝔸𝔾𝔸v̲e̲t̲e̲r̲a̲n̲ 🇺🇸,The2ndA,John Cylc. #𝐔𝐒𝐀𝐫𝐦𝐲 #Veteran. http://ThirteenFox.com founder. Creator of #MAGAveteran movement. @NewsMax Insider. #Conservative. #MAGA #KAG,en,
15220352,NOLAnon,the504ever,*always watching*,en,
94727941,🇺🇸Contumacious🇺🇸,TheAesculapius,"Capitalist, Free Marketeer, Constitutionalist, Disabled Vietnam Vet, Member #2AFDN, #MAGA,  Estadista5️⃣1️⃣ , STOIC,",en,
236284649,Benjamin Smith,TheAmoralBard,"Director/Writer, “Bump in the Night”. I write the dreams that wake me up and won’t let go.",en,
25448819,Andrea L Horner 🦋,theandreahorner,"A little short & sassy, Black Belt, Turner Syndrome fighter, Fmr US Regency Int, Author of Beauty for ashes, Fdr @beauty4asheskc & @thekctsdiaries",en,
761116753791361024,Daniel✝️🇺🇸🇻🇦,TheAngelofWrath,"Male | Follower of Jesus the Christ | Pro Freedom|Truth,Love and Justice| Traditionalist",en,
761116753791361024,Daniel✝️🇺🇸🇻🇦,TheAngelofWrath,"Male | Follower of Jesus the Christ | Pro Freedom|Truth,Love and Justice| Traditionalist",en,
22552875,ChaplainSteTheBro🗣🇺🇸,TheardDad,"Happily Married, Patriot, Realtor, Student of Jesus, Country Music Lover, Harley Owner, California #Deplorable #maga #2A 🇺🇸 and Martial Artist. 🚫Porn",en,
2878502178,Cat Fisher/GG,TheBabiesGG,"Christian. Wife/Mom/Daughter of WWII Navy Vet. GG to Grand-babies,  & pray American dream & opportunity will still be there for them. Love #45. #ProLife  🇺🇸",en,
356245562,Belew,Thebelew,My toxic masculinity is on display as much as possible #Trump2020,en,
20954829,The Cheese,thecheesefeed,TV Producer + YouTuber + Podcaster + Bowling League Runner + Trophy Husband + Rad Dad + Most Humble Person in the World Ever. http://YouTube.com/TheCheeseFeed,en,
768191342950449152,Chuck Martel (Joe Biden is a fraud),TheChuckMartel,US citizen (debt mule) fed up with working harder for less while the people we have entrusted to protect & guide our nation line their pockets and sell us out.,en,
3902671577,Fanny,TheCoffeeQueen2,"America will never be destroyed from the outside. If we falter and lose our freedoms, it will be because we destroyed ourselves. - Abraham Lincoln",en,
1158966183598669824,The Concerned Conservative,theconcernedcon,Conservative Blog | Exposing Liberals | Patriot | Thoughts and opinions welcomed | Opinions my own | #1A #2A #BackTheBlue,en,
1222201562111438848,Emily🇺🇲,TheCookieLady7,"Bad times, hard times - this is what people keep saying; but let us live well and times shall be good. We are the times. Such as we are, such are the times.",en,
441080463,Damani Felder,TheDamaniFelder,"Founder of YouTube's The Right Brothers. MAGA. Gig 'Em. Texas A&M  '14. If God is for us, who can be against us? Opinions are my own. #IdentityPoliticsIsDead",en,
1249862961105166337,David Proctor,theDavidProctor,President of Turning Point Action and Turning Point USA at Colorado Mesa University / Conservative and Proud American / Opinions are my own,en,
947865072914915328,The Daytonian,TheDaytonian937,Perfectly Imperfect. GymRat. Voted most likely to say something inappropriate. Award Winning Typos. Play Stupid Games Win Stupid Prizes.,en,
947865072914915328,The Daytonian,TheDaytonian937,Perfectly Imperfect. GymRat. Voted most likely to say something inappropriate. Award Winning Typos. Play Stupid Games Win Stupid Prizes.,en,
947865072914915328,The Daytonian,TheDaytonian937,Perfectly Imperfect. GymRat. Voted most likely to say something inappropriate. Award Winning Typos. Play Stupid Games Win Stupid Prizes.,en,
947865072914915328,The Daytonian,TheDaytonian937,Perfectly Imperfect. GymRat. Voted most likely to say something inappropriate. Award Winning Typos. Play Stupid Games Win Stupid Prizes.,en,
1046514916025237504,Elle Benningfield🇺🇸,TheElleBenni,"God above all else.
Follow me, you'd be a lot cooler if you did.
1A. 2A. USA first.",en,
910146040807993344,TheEternalAbyss,TheEternalAbys,Host #TheAbyss M thru F 10:30 AM EST. Support: https://t.co/ju4TVBdENc Follow: 👉https://t.co/NbuZ0aP59G #Catholic #Constitution #Cons #1a RT/❤️ != endorsement,en,
158222122,ReeRee,TheFabulousRee,"I'm Warita Winbush M.A., M.B.A. I’m a Christian, Pro-life activist, social scientist, writer, fashion designer, & educational technologist",en,
280657763,TheFracDog,TheFracDog,"TheFracDog believes in energy independence.  Until renewables are dependable and affordable, we must utilize all of our resources to achieve self sufficiency.",en,
776494506220789760,Frank Edmands 🕣,TheFrankEdmands,Husband. Father of four. US Navy Senior Chief (retired). Political junkie. #Christian #America1st. #MAGA @TheFrankEdmands on GAB. Pray for 45 at 4:45 #for45,en,
345016285,Frank Schmidt,TheFrankSchmidt,U.S. Car Spotter. Lover of all things with 4 wheels. Professional automotive photographer,en,
899401541177622528,The Hake Report,TheHakeReport,"Hosted by @JamesAntonHake Mon-Fri 9am PT, http://thehakereport.com/show Call-in: 888-775-3773. ALSO: Hake News for @JLPtalk M-F 6-9am PT",en,
309368540,A Dude of Horror,TheHorrorDude,"Truth addict & a socially liberal, fiscally conservative, anti-MSM, anti-establishment independent thinker & voter. I support free speech, 2A, police & Trump!",en,
852447842,Make Government Local Again,TheHouzi,It’s time to get the DC Monkey off our backs. Nullify the DC leeches. http://www.davidpbrown.co.uk/poetry/rudyard-kipling.html,en,
706244804464635904,thehyphed,thehyphed,“Foresighted Tweeter” - Ann Coulter,en,
14498920,The Wiseguy,thejasonwise,Road trips - #Army Veteran - photography - #WYSIWYG Parler=jasonwise - gab=jasonwise - Political Guy - They’re always taken 🤷🏻‍♂️,en,
39867254,𝐉𝐎𝐇𝐍⚔️𝐒𝐓𝐑𝐀𝐍𝐃,TheJohnStrand,"“𝘓𝘰𝘷𝘦, 𝘓𝘪𝘣𝘦𝘳𝘵𝘺, 𝘙𝘰𝘤𝘬 & 𝘙𝘰𝘭𝘭 ” 
• the 💀#darkhorse + 🗣#TruthMaverick • 
Communications Director, America's Frontline Doctors • https://t.co/GSHSfrJq1o",en,
606586541,american father,theland330,"Browns, Golden Knights, and all opinions are my own.",en,
3821011276,C.S. Hoppe,TheLibertyBoi,Urban Planner | ENTP 8w7 | Secular Jew | Critical Theory is a cult | China is asshoe 🇭🇰🇹🇼 | #DeSantis2024,en,
36761914,@TheLoyalTen,TheLoyalTen,"@AdamSmithLLM
Shadow banned; 
checking here for news feed until commies censor us all. Done w @GOP unless, until  #Trump guts it.",en,
803518793318277120,Marcus Ely,TheMarcusEly,Teacher/director/actor/musician/writer/artist/eccentric/Christ follower.   https://teespring.com/stores/unfinished-by-marcus-ely,en,
972572094612434944,MAVEN NEWS,themavennews,"Current events with a collection of articles on a wide variety of subjects from all sorts of sources, some of my own commentary. Gab @MavenNews 🇺🇸 🇮🇱",en,
763924202365722631,Mikel Crump 🇺🇸,TheMikelCrump,FOLLOW ME ON GAB! http://gab.com/themikelcrump,en,
483520056,Daniel Egan,TheMindofDaniel,"Building 'the good life' in Detroit. Catholic @StJosephShrineD. Big into entrepreneurship, strength training, kitesurfing, literature & bluegrass. 🇺🇲🇮🇪🇻🇦",en,
1107748855951642625,✨MissyO✨🌺,TheMissyO,Daughter of the king ❣️|Politics✨🇺🇲| Natural hair enthusiast🤩  disgruntled black conservative libertarian| DeSantis/Noem 2024 ✨Ron Paul stan ✨,en,
948343990834860033,Phillychick 🇺🇸🇺🇸🇺🇸,Themom519,#Trump Won!  Cheaters are not winners.  I will never support the Republican Party. EVER.,en,
1205311060909182977,ramon,theMON3x,not active on this account for the time being. was nice interacting with those few who took time to like/RT.,en,
1017156382842376195,B. Turner,TheNewGOP21,"Husband, Father, Trumpublican",en,
1189637735356567552,“Less White” El Cino,TheNinerPoints,It’s better to be a yard shorter in the fairway than a yard longer in the rough. Go Niners,en,
4445638994,TheNK0 🇺🇸,TheNK0,Election integrity and transparency now. STOP CENSORSHIP #ChristianConservative #DefendThePolice #DefundBlackLivesMatter,en,
785285498046550017,God Bless America!,theoriginalCP1,"Just an average person, who is often underestimated...  #freethinker, and #nonconformist conservative",en,
249173744,Alpha Patriot,ThePatriotEdge,Father of 2. Husband. Conservative. American Patriot. Host of The Patriot Edge (Podcast) #AllLivesMatter. #MAGA.,en,
260348398,❤️♥️🐾LIVEPDCHICKTRUMPGIRL🐾💙♥️,ThePatriotsGirl,If you FOLLOW me I’ll follow back. ❤️ http://parler.com/profile/TrumpsGirl1973 #LivePD. #TRUMPGIRL #PoliceLivesMatter ❤️#bluethinline,en,
38040851,President-Elect💥Amy Gray💥,therealamygray,"Lover of God, copy editor/proofreader, engaged in discourse, rockin' with my granddarlings, and livin' my dreams. grayac52 on Parler @realDonaldTrump @POTUS",en,
97718062,Eddie-O,TheRealEddieO,"am just EDDIE-O man!!!
Instagram @theRealEddieO",en,
111442299,TheRealGOP 🇺🇸,TheRealGOP,"Individual freedom, sound money, and peace. Against war, debt, corporatism, cultural Marxism, liberal fascism and lockdowns. #Resist",en,
1078616374413484033,🌊War Time Tweeter🌊,Therealjondoh,"Husband, father, salesman, survivor.
survived turning 50.
survived the great toilet paper shortage of 2020.
survived the Trump era.",en,
265138136,🇻🇦Pope St. Pius X Says ☃️,therealjoshmc,Roman Catholic🇻🇦|| Early Church Fathers & Early Christian History || Catholic Theology || Political Animal || Hard Money Enthusiast,en,
1169104431897407488,Resist This 👌,TheReallMrDean,"Coloradan. Self made. Successful business owner, proud husband and father of two. Freedom loving, God fearing American man. 🇺🇸 #Trump2020 #KAG #LegalizeIt",en,
2972489118,PⒶ♰®Ⓘ฿❂♰ (҂`_´) ▄ï︻̷̿┻̿═━,TheRealMattJay,"https://youtu.be/CyFNsNZhSeg


don't tread.",en,
419168108,Matt French,TheRealMFrench,"Tweeting about all things political. Accountant, fiscal conservative, patriot in that order!",en,
333940993,The Real Ryder,TheRealRyder,"When you open your heart to patriotism, there is no room for prejudice.

- President Donald J. Trump

Parler: @TheRealRyder",en,
2429333618,Dr. President-Elect Scott R.🇺🇸🔴,therealscooter6,"LOVE the USA🇺🇸! #BBN UK Bengals Reds Bearcats FC Cincinnati 🤘
1/6/2021 🇺🇸 #MAGA
#LiberalismIsFascism",en,
1047910458534109186,Red Tape,TheRedTape45,Hello. Find me also on Parler @TheRedTape45,en,
1023576599063613440,...there it is,thereitis8,It’s not about President Trump.  It’s about people thinking they are allowed to take someone else’s rights from them.  #TheBillOfRights,en,
270746819,Theresa Rosa,theresalrosa,"saved by grace, proud mom, America first. Followed by @cvpayne.",en,
818301800,Theresa Maurer 🇺🇲,TheresaMaurer2,Proud Wife Mom Grandmom - Christian limited government Pro life God Family Country Pray for our beloved country Trump 2020 MAGA Follow on Parler @TheresaMaurer2,en,
843598617772507136,Heidi Tonero - The Retro Fem,theretrofem,"Believer. Mother. Entrepreneur. Retro-Feminist. Patriot.

@realheidi on Parler
@thelifecation on Insta",en,
772622908187406336,Kathy,TheRidler1107,"God, Family & Country 🇺🇸 I support President Donald J Trump and the Constitution! We are in this together and are One Nation Under God!",en,
821153958597193728,C S,TheRoadCS1985,"Open box thinker, Mom, visionary, conservative, avid theology enthusiast, Researcher. Always something new to learn.",en,
884810186141163520,Robert Morris,theRobMorris,"Constitutional Conservative, Dad/Step-Dad, Ancestor of Patriot and Founder Robert Morris, Partner of the love of my life.",en,
757967756180332544,TheSauceBoss,ThesaucebossTX,American entrepreneur | real estate investor | business consultant | finance | former sauce blogger current connoisseur | avatar is me,en,
1203763342147489795,The Squall 🇺🇸,TheSilentWar17,Freedom loving Patriot! I have come here to chew bubblegum and kick ass. And I'm all out of bubblegum.,en,
3744439153,Soul Cab 🚕🚖 #BlackLivesMatter #NoOnProp22,TheSoulCab,"Who's the asshole now? He/Him/His

                                                Member: Open Source Anti-Corporate Insurgency",en,
2296659496,🏴‍☠️Donnie🏴‍☠️,thesouthrhead0n,Romans 12:19 #HottyToddy #DeSantis2024 #PardonAssange #PardonSnowden #FreeRickyVaughn #ChopOn,en,
502197865,Daniel - God Bless America,TheSys7em,"Christian, father, patriot. Pronouns are a joke. Married to @Sys7emsGal. 
Im a Red in a very Blue state.  #BehindEnemyLines
#Cult45 #maga #kag #trump2020",en,
1130619338933854208,Trad Dad Whitepilled,TheTradGroyper,Christ Follower | Radical Traditionalist | Paleo-Conservative | America First | Jesus Christ is King,en,
1248225753122115586,🇺🇸MaGa_Angel🇺🇸,TheWeepng_Angel,"Strong Native American women and mother 🇺🇸I FightForFreedom🇺🇸 FightForTrump MAGA and KAG
Leader of DInterstate-WI ❤🤍💙
MAGA Angel on FB",en,
241607140,TheWhiteHueyNewton🇵🇸⚽️🇲🇲,TheWhiteHuey,Calling for the complete *&$?%*€@ of the United States government by any means necessary. Follower of Malcolm Little. #NFAC #ACAB #BLM✊🏽✊🏿✊🏻,en,
1198221252,Joshua deeee Anderson Esq,thewontonsoop,. Definitely opposed to the nonsense you post.,en,
826571533,#NOT ABOVE THE LAW,thiafails,Watch my photos and videos here http://goo.gl/c1r4Ym,en,
735309271613739008,Punch Drunk Morgan,Thingsareoutofc,"No one matters, you are all equally worthless. So embrace the suck ladies. And charge forth into that dark embrace.",en,
983906012435566592,Proud American,Think4Yo_Self,"GOD Loving, Family Loving, Proud American Conservative - One Nation Under God🇺🇸🗽🙏",en,
3490454713,Mike Vance - Think Americana,thinkamericana,The land of the free and the home of the brave. Think Americana! Formerly the home of IH8Hillary.,en,
1159969841350152193,thinking990 🇺🇸,thinking990,Semi-enjoying twitter,en,
822728578588692480,Big Daddy,Thlonghorn,"Texan by Birth, Longhorn by the Grace of God Conservative Christian,Lifelong Educator,Coach,Learner Father to two wonderful children-Married to God's Gift Robin",en,
953548554,Frances A 🇺🇸🦅 Precinct Minuteman 👑,ThomasStone1776,"Daughter of the King, #DeclarationOfIndependence, MI Veteran
Taking Back The GOP: http://theprecinctproject.Wordpress.com",en,
4230787578,❌🇺🇸TRUMPGIRL🇺🇸,ThomLillyLayne,I FOLLOW BACK PATRIOTS WHO ARE ACTIVE ONLY #WalkAway #TRUMP2020 #4MoreYears #BestPresidentEver. followed by Scott Baio and Eric Carmen,en,
2598407142,jessie thompson,thompson_jessie,"I am a Christian. hates censorship. #NRA call your senators, tell them you don't want any sort of weapons ban! if you don't who will? 🇺🇸",en,
344400823,Ben Turner,ThRealBenTurner,Philippians 4:13,en,
28104354,ThugLifeSocial,ThugLifeSocial,"Freelance rap/hip hop Social Media consultant from South Florida. 20+yrs exp Mktg/PR/Writer/Editor. All views my own. thuglife@my.com. Dum spiro, spero.",en,
237829375,"Pasquale ""Pat"" Scopelliti",ThyConsigliori,"At CloutHub, Gab, Parler, and Telegram I am @ThyConsigliori, same as here. A new plan of #MAGAaction is needed. Together, let's write and execute that new plan!",en,
1366422668,Cynthia Farr Kinkel,Tidewriters,"""It's not so much the things we know that can harm us. It's the things we don't.""
Writer, editor/publisher, photographer, musician. #Nightwatch 🇺🇸",en,
958277875534266369,Freedom of speech must be fought for,tigerdragonorka,"fighting for truth, freedom, our Constitution and God #MAGA http://www.parler.com/profile/Cogitoergosum find parler app @ uptodown app store!",en,
810248118,C'mon man! You know THE thing!,Tigerkenshin808,"""The mind doesn’t find peace, nor does it enjoy pleasure and joy, nor does it find sleep or fortitude when the thorn of hatred dwells in the heart."" Shantideva",en,
37787434,Mama Bear,Tigersfan24,"GO TIGERS! Love my family, pups, cats, the USA, LAX, Auburn & Clemson Football and my relationship with God. Life is good and the world is crazy- SMH!",en,
37787434,Mama Bear,Tigersfan24,"GO TIGERS! Love my family, pups, cats, the USA, LAX, Auburn & Clemson Football and my relationship with God. Life is good and the world is crazy- SMH!",en,
2514442243,Mrs T Tillett,Tillett4CT,"Conservative Matriarch Running for State Senate 2nd Dist Hartford, Windsor, Bloomfield - Families First - CT We Can Do Better",en,
311691936,TimeToBeHappy,time2behappy101,"Conservative, Christian, Wife, Mom & Patriot. 
God, Freedom, USA & Israel.
Parler:@ TimeToBeHappy
Gab:@ Time2BeHappy (TimeToBeHappy)
#PrayForAmerica",en,
722840111780470784,ً,timetoseek,"Gab: @timetoseek
http://gab.com/timetoseek

Parler:   @timetoseek
http://parler.com/profile/timetoseek",en,
15902877,TimKarr,TimKarr,"A crash-scene investigation at the crossroads of new media and public policy. Blocked by Ajit Pai. http://freepress.net, http://mediacitizen.blogspot.com.",en,
335095696,FREEDOMLOVER,timlawson71,Loyal Royal 4 life. Good ole Mo boy. Proud papa of 9 soon to be 10 G-babies. I always stand 4 what i believe in. God bless. Trump 2020 #KAG,en,
16469917,Timothy McGaffin II (America will defeat the NWO),TimMcGaffin,Trump Won. Stop The Steal. | Champions Never Quit! Greatest thing you can do in your Life is to Get Back Up! Gab: @ChampionsNeverQuit Parler: @TimothyMcGaffinII,en,
898817882,TimNaples,TimNaples,"Hanlon's Razor:  ""Never attribute to malice that which can adequately be explained by stupidity.""",en,
821031493594128385,Timothy Durigan,timothydurigan,Tech @TheDemocrats | @DCCC '18,en,
956758391124148226,Timothy terranova,Timothyterrano3,I live on the ocean,en,
42787174,Tim Pabich,timpabich,"Founder, CEO of Magnitech. Fan of the White Sox, Bears, Blackhawks, and DePaul Blue Demons.  Husband and Dad",en,
34216220,Pamela Version 2.021 ♜☄️,Timpanist,"I used to be Snow White, but I drifted.
$Timpanist723",en,
14176869,Tim R Alcoser Jr,Timsierramist,"Marine, Iraq War Vet, part-time Actor and fulltime #Sheepdog. American Exceptionalism. Voted @realdonaldtrump. Unapologetic. #CANCELCancelCulture & #BackTheBlue",en,
823025401861697537,Tim Weis,TimWeis3,Where freedom died in January 2021,en,
828960763297492992,TinaSea,TinaSea4,Retired journalist from the time when truth mattered.,en,
985667565392465921,@tinfoilted,tinfoilted1,• Businessman • Conspiracy Theorist • Xenophobe • Narcissist • Russian Asset • Fascist • Adulterer • Pathological Liar • White Supremacist • Stable Genius •,en,
164569217,TinTinHK,TinTin_,E=mc²,en,
600630272,TMO6769🇺🇸 🇵🇷 🇪🇸,tinytee_23,"One 🇺🇸, One Land... One❤️, One 🤚 #MAGA #VoteRedToSaveAmerica #NRAMember #2ndAmendment #Trump",en,
1269918553,Monica TX 🇺🇸,tiredblood0844,"A Bible reading, blue jean wearing, bacon eating, deer hunting, Heaven and Hell believing, God fearing, opinionated, Texas woman.",en,
845763522,(Shawn) Demonwrath Deathreign,Titancrazy1992,#Alabama & #Titans Fan! Overal Just a pure sports fan & gamer. AKA Vayne Ceasar & Veiled Nexus.,en,
70702271,David Rogers,Tithulta,#VFL Mailman: single Dad; beautiful daughter; expert marksman. Son of @Deerhunter138 #USMC,en,
95351116,Ellen,tjgr87,"Christian, conservative, mother of four, married, community volunteer. I'm involved in my community, local issues, animal welfare and politics.",en,
2990278788,I Am Donald J. Trump,TJM_one83,I am Spartacus. I am Spartacus. I am Spartacus. I am Spartacus. I am Spartacus. I am Spartacus. I am Spartacus. I am Spartacus. I am Spartacus. I am Spartacus.,en,
188855808,🇺🇸Security Without FREEDOM Is Called PRISON,TJohn_Tex,"Texan. My civil liberties don’t end where your FEAR/FEELINGS/IGNORANCE begin. MAGA 💯 Whoever controls the algorithm, controls reality🇺🇸 #ImpeachBiden",en,
756255959039606785,Billie tha Butcher,TkoProgressives,Don't Trust China - CCP is Assho,en,
129004957,Thomas Lash,tlash20,Retired D1 🏈 Player: Utah➡️SBCC➡️Utep🏈 Linebackers Coach at Bishop Diego High School Gamer 🎮 #AllezParis⚽️ #RaiderNation,en,
805416541,Joe Cheated & Jills not a Doctor,Tls0311,"Married 20! Jesus Lover, Gun Owner, Trump Supporter.. love my family! 🙏🏼🎗🇺🇸#america❤️#cancermom 3 kids!",en,
1165748757230686208,Ty 🤘🏼,TMadison73,Living my life the way I want to.,en,
150507465,Marieand3,Tmarieand3,"When the Economy Does Better, We ALL Do Better.
Protect Our Citizens ~
Protect Our Constitution ~
Protect Our Election Process ~
🇺🇸💯🇺🇸💯🇺🇸💯🇺🇸💯🇺🇸💯",en,
402233237,Travis Godfrey,tmgodfrey07,"Outspoken ''Flyover'' American, #lgbtq, StraightEdge, Mental Health Survivor, CHD Survivor, Challenging the status quo! #Trump2024

I dare to #BringTheBackbone",en,
2366183406,TMOIV,tmoiv,Hubble-on-the-double to @nextjenlife and Daddy to 4. Here to incite dangerous levels of liberty.,en,
56584237,MunMan,tmunley,Retired Sales Exec...Husband of Library Goddess...Father of 3...Chef...Classic Rock Fan...Stock & Options trader...Tech Geek...Patriot!,en,
2282838560,T. Wallis18🇺🇸 #USA,Tmurdock6995,"A Seeker Of Truth..A Child Of God. #America  🦅 #USA #OneNationUnderGod   
Sooner Or Later The Truth Is Going To Get You. #MAGA",en,
844649002360590337,Sarah Le Chat 🇺🇸,TNVoteRed777,"~*Preserve The Republic At All Costs*~

Pro-Western Civilization & Pro-Western Values, Pro-Nationalism, America First 🇺🇸",en,
21175967,Too Tall Todd,ToddAdams_MEM,"901Realtor @KellerWilliamsMemphis, Life Time Multi-Million Dollar Club! Memphis Tigers, Grizz, Redbird, Music! Husband, Father of 2, Brother to 3!",en,
444205248,Todd,ToddEisenhard,"Philadelphia Flyers, Eagles, Phillies, and Sixers fan. Beer drinker. Shot taker. Music lover. THC/CBD advocate.",en,
15685838,Todd Headlee,ToddHeadleeAZ,"LOVE my job! Passions are Sports, Music, and vacationing anywhere with a beach attached.  

Also @ToddHeadleeAZ on Parler",en,
15685838,Todd Headlee,ToddHeadleeAZ,"LOVE my job! Passions are Sports, Music, and vacationing anywhere with a beach attached.  

Also @ToddHeadleeAZ on Parler",en,
15685838,Todd Headlee,ToddHeadleeAZ,"LOVE my job! Passions are Sports, Music, and vacationing anywhere with a beach attached.  

Also @ToddHeadleeAZ on Parler",en,
68798688,Todd Templeman,toddtempleman,Tarzan: What hole name?,en,
3403437316,Togo san,Togosan2,🇺🇸#DraintheSwamp More funny twitter😂 less angry twitter😡⌛️Time to Lock.Them.Up. #VoteOutAllDemocrats,en,
60569475,Coach Tojo (T.R.III),tojorich,"Asst. H.S. Football coach (RBs) in S.E. PA, (Chester County) Coaching/teaching/learning the game.",en,
262662485,Tom Duty,Tom_Duty,"Police Officer Who Was Paralyzed, Former Professional Golfer, Opinions » My Own. #PirateNation☠️ #GoBucks🌰",en,
796377636767461376,Tom Kahle,Tom_Kahle_,"#MAGA, Conservative Christian, Husband, Father, Breast Cancer Supporter for my brave wife.  Love America 🇺🇸, 2nd A, the constitution as originally written.",en,
2452511965,Tommy Sick,TommySick1,"Dad&Musician-SMF🤘-Followed by S.Falck,R.Brown,C.Holmes,J.Jameson,Overkill,R.Barr,CB3,Accept,T.Harnell,Levrage,Spitanger,Kraptor & B.Leverty",en,
34858846,Al Dente 🍝,tomntempe,"Chief Strategy Officer Zynotic Data Services. Pathologically rational, former Dem, Rep, & Lib... what will I abandon next? #maga",en,
1169404027794116608,David,TomServo75,Former teacher. Highly over-educated. Right-leaning libertarian. Agnostic.,en,
2910435750,🇺🇸Grannygrits01🇺🇸,Toni848Toni,THEY WANT US DIVIDED. UNITED WE STAND DIVIDED WE FALL! #MAGA #KAG. 🇺🇸🇺🇸🇺🇸🇺🇸🇺🇸🇺🇸🇺🇸🇺🇸🇺🇸,en,
14166805,The OG ToniB(TFSTTFG),tonib,Opinion Writer | Twitter #RageHarpy | Not everyone’s cup of tea,en,
733877766274187264,Patriot Tony🇺🇸,tony_patriot,America First,en,
889216203255885825,Tony 5 🇺🇸 🇵🇷,tony5avguy,"Constitutionalist, History nerd🤓, media watchdog📺, Audio Video guy🎙🎧🎤🎥, golf ⛳
married. no DMs 
Parler account same",en,
744212681905872896,TonyaAnn71,TonyaAnn6811,"PATRIOT, REBEL & 💯 support GOD, COUNTRY, FAMILY & FELLOW-MAN... IN THAT ORDER! I would rather die fighting on my feet, than live on my knees! #MAGA #REDREVOLT",en,
263523685,Tony Sals,TonySals,Freedom Fighter. Proud USA Patriot.,en,
1267123920269967360,TonyTheHouseElf,Tonythehouseelf,#Trump2020 #FightBack #TheMajority #WeLoveYouTrump,en,
972495451390988288,Topic of the day,Topixoftheday,"daily news topics
#TRUMPWON #resist #notmypresident  #electionSTOLEN #PEDOFILEinCHIEF #commanderofELECTIONFRAUD
 #CCP_HAIRSNIFFER #RACISTinWH  #URnotBLACK",en,
568016521,TorchOnHigh,TorchOnHigh,#TrumpWonBidenLost  #FightBack,en,
42798610,Tori R,Tori_R10,"A classy girl needs three things in life: Love, Lipstick, and Pearls.
I've been called a ""bot"". 
📷",en,
2955326720,Tori King,toriiking_,☀️Leo 🌚Aries ⬆️Virgo,en,
49202085,Ya think?,touchedwithfire,Counting the days to Nov 3. I need this nightmarish four years to finally end. I follow back like-minded folks. #TrumpMustGo. #TurnSenateBlue #NewJersey,en,
1252229186166697984,The Resistance 1776,TR76News,"🚨◄ Fighting to keep truth on #globalist controlled platforms. RT/Share all articles, give the 🖕 to the globalists. ►📢",en,
1252229186166697984,The Resistance 1776,TR76News,"🚨◄ Fighting to keep truth on #globalist controlled platforms. RT/Share all articles, give the 🖕 to the globalists. ►📢",en,
19616981,Trace De La Torre           Producer|Writer|CEO,Trace700,Stop trying to re-write your past & just focus on writing your future.,en,
982259270333825024,Karen Deplorable,TraciLyn17,"I speak facts, I hate bull💩",en,
1060072030131945472,President-Elect Tradthot,tradth0t,USA - Former Democrat Turned Independent Circa 2016 💊 Lady Pede 🐸 Millennial Suburban Housewife 💁🏻‍♀️ MAGA,en,
240505853,Jameson Bitch,traosfortrump,"#TRAOS
🐘🐘🐘

🇺🇸🇺🇸🇺🇸

Parler: @TRAOSforLiberty",en,
967944243707867136,Trashy Millenial,TrashyMillenial,Just a trashy millennial trying to make a career. Amateur chess enthusiast #RoadToNM Make our generation great again! His Lordship/His Lordship's,en,
1047942182,Honolulu Chris,travelhonolulu,MAGA! #hello https://parler.com/profile/honoluluchris/posts,en,
45841383,Travis Filing,TravisFiling,"Website, Blog and SEO/SEM Expert",en,
1132310865087205376,🎆🌋VOLCANO: New Year Edition,tree_respecter,"Geology, Food, Crafts, Nature, Metaphysics. F the Globalists!",en,
940371938173648897,Trevor 🇺🇸,Trevman390,Freedom!,en,
1049066278584037376,@trevors24#RESIST,trevors241,#RESIST #NOTMYPRESIDENT Trump Team Victory Leader. US Navy Vet. #KAG #MAGA “Don’t piss down my back and tell me it’s raining”-Fletcher,en,
2334633194,TreyLA 🌎🌎🌎,treyinla,California dreaming everyday 🌴 Proud American 🌈🇺🇸 Animal lover too. 😻🐶🐵🐴🐿🐳🐩🐇,en,
80349606,Tabai,trg4496,#NeverBiden #MAGAFOREVER #❤️PresidentTrump❤️🤍💙🇺🇸🗽,en,
80349606,Tabai,trg4496,#NeverBiden #MAGAFOREVER #❤️PresidentTrump❤️🤍💙🇺🇸🗽,en,
46240599,Patrick,TrickFreee,"Aggregator of Open Source Intel, 
h/t: @sassiscjo, The Party told you to reject the evidence of your eyes and ears. It was their final, most essential command.",en,
3429119674,Donald John Zilla,trigwarnradio,"Gamer, Political Commentator
#BitChute Channels: 
http://bitchute.com/channel/kaijuc…
http://bitchute.com/channel/thenak…",en,
33542493,Tringe 🐾🐎,tringe,"Wife, mother, prolific reader of books, devourer of pastries & hot tea, vehemently against animal cruelty, fluent in sarcasm. Republican & LGBT 🏳️‍🌈 supporter",en,
70467553,I Am Trip 🙋🏽‍♂️,TRIP_USMC,"Disabled Marine Corps combat veteran who loves his country, our constitution, and our 2nd amendment. A Conservative that doesn’t care about your feelings!",en,
1090438641648754688,Trina,triri101,"She believed she could, so she did. MSU ‘23 #ScottBaiosArmy",en,
777715713943465984,Martin Stricker Photography,trisha_stricker,"Freelance photographer, Getty Images contributor. All images are the sole property of Martin-Stricker Photography.",en,
2559582960,AD,triumphtimes,The only thing necessary for the triumph of evil is for good men to do nothing.,en,
118735414,trodabumsoutgrl LSOwens.,trodabumsoutgrl,Business owner. VERY conservative-minded. Honor the Constitution! #TrumpWon. Twitter handle: Bums=politicians. Parler and Gab same name.,en,
155684926,THE MAN IN THE IN I/O TOWER,tronbrain,"Upload yourself.

Now @tronbrain on TBD.",en,
1153993507620708354,Troy Sergeant,TroySergeant,"Servant of The Lord Jesus Christ, husband, father, passionate about Knowing God, and making Him known, also, family, friends, dogs, camping, hunting, shooting..",en,
3941880252,Trudge ❌This Wasn't An Election. It Was A Coup!❌,Trudginon1,"Anti-Globalist, #AmericaFirst Patriot. Free Speech Advocate. Trying to Save Our Constitutional Republic & Defend Western Civilization One Tweet @ a Time. #MAGA!",en,
328730104,bookbug,TrueBlue0107,"AMERICAN, and YES, I'm a suburban educated female for TRUMP, parent, wife, sister, daughter, grandmother, aunt, DEPLORABLE, #StopThe Steal, #MAGA",en,
1049787267487813633,66613Skunky13,TrueCrimePoli,True Crime Enthusiast & Conservative (heads up for Liberals...) Politics...w/a dash of high strangeness & the weird!Seasoned w/lots of Australian stuff...,en,
910663719310458881,Michael Bielawski,TrueNorthMikeB,"""If you were OK with Facebook and Twitter fact-checking posts, then you should have no problem with The United States of America checking votes.""",en,
739852455739957253,🌹🇺🇸TRUE PATRIOT LADY⭐🌹,truepatriotlady,"Gold star family member, and a proud member of a huge military family. #HispanicTrumpSupporter, and I fight for the truth with my tweets. #AllLivesMatter",en,
30522628,Robert,truewildeone,I am the only crazy one in my family.  Love 80's music I tweeted my fav singer Kim Wilde and she tweeted back OMG Kim ROCKS. Proud Vet Of The US Navy,en,
3383484320,leticia trujillo,trujilloletici1,http://StoptheSteal.us #EveryStateEveryDay,en,
369777525,🇺🇸Nordic Traveler🌎,TruJoshAnderson,"Outdoors Traveler; Intl Trade Analyst; (apparently my new hobby is training for America Ninja Warrior)

Think Free. Challenge yourself.

IG 📷: traveler.nordic",en,
111215705,TRULY_SEE🇺🇸,truly_see_,MAGA .Conservative. Christ Follower. Patriot.,en,
4404515537,Dave 🇺🇸🔹,trumpencexual,"#MAGA
#Bitcoin",en,
3830912607,Suzzanne Monk 🇺🇲,Trumpertarian,"Official Twitter of Suzzanne Monk-
Author, pundit, host of Trump Talk US live in DC. MAGA activist, citizen journo. Founder of ReOpen America #TakeItToTheCourt",en,
742828749448564736,Deplorable HOLD THE LINE!!!!!,TRUMPISNOW,STOP THE STEAL! Save our Republic!!!!!,en,
73381015,TrumpMomMissesRush👠,TrumpMomma,💣THE STORM IS HERE 💣Trump MomAnon💃 of👩🏻👩🏻👦🏻👦🏻👦🏻 ❤️#Trump 😎#TRUMP⚡️CUE➕⚡️#TRUMP2020 ⚡️,en,
741743875,Dixiethug4trump,TrumpThatBitch1,"Wife,Mom of 2 boys(newly Commissioned Ensign Class of 2020 USNA⚓️ & UGA Dawg’22),UGA grad ‘84,native Atlantan,Godawgs❤️🖤🐾#Dontgiveuptheship⚓️🇺🇸#Flynavy💙💛",en,
698258660951195648,America First,TrumpTrain17,"Followed by Bill Mitchell, Constitutional Conservative. Protect Western Civilization and #KAGA🇺🇸",en,
702854044415610880,TRUMP WINNING,TRUMPWINNING1,TRUMP OR DIE!,en,
1523493061,Dr Zombie Resident,trusokoff,"🙊🙉🙈#2A ‘ I pledge allegiance to the flag of the US of America and to the Republic, for which it stands, 1 nation, under God,indivisible...’ #MAGA #KAG",en,
1523493061,Dr Zombie Resident,trusokoff,"🙊🙉🙈#2A ‘ I pledge allegiance to the flag of the US of America and to the Republic, for which it stands, 1 nation, under God,indivisible...’ #MAGA #KAG",en,
354442485,CGB,Truth_Light_,"“as for me and my house, we will serve the Lord”",en,
637096765,TruthCounts,truthcounts4,"❌#MAGA - 😘🙏GOD BLESS PRESIDENT TRUMP, AMERICA & PATRIOTIC REPUBLICANS 🇺🇸",en,
233788237,SeaGypsy 🙏🏼❣️🇺🇸✝️,TruthDwellsDeep,"Truth is incontrovertible. Malice may attack it, ignorance may deride it, but in the end, there it is. - Churchill. PROLIFE=Science❣️✝️🇺🇸",en,
22880931,"Dr. The Media, Big Tech & Democrats are CORRUPT",TruthHurts1983,"Spreading Truth, one tweet at a time !!!

Orwell Lives 1984

Joe Biden is Racist, Rapey & has Dementia

Nutting doesn't care about the Pirates, why should you",en,
47979120,Seeking Truth,TruthKms8103,You can’t wordsmith your way to the truth.,en,
600349816,❌Tamar 🙏🏻The day ain’t over yet‼️,tssommer,"🇺🇸Donald J Trump Is Our President🇺🇸#2A #MAGA⚖️ And Justice For All ❤️ My Vet,kids and cat🇺🇸 #DemonRats HateAmerica and kill Babies ☠️KAG 🚫Trains",en,
113674416,Terry 🧡🧡🧡,tssunlvr,"Just a girl, standing up for her country, and asking you to stand up, too. Rare CA Conservative. ❤️🇺🇸❤️ #MAGA #KAG #dittohead",en,
2733550325,truth talker truth walker,ttalkertwalker,"I am someone who believes passionately in our constitution, law and order and the American Dream for all & equally passionate against anarchy and lawlessness.",en,
1149225928268165120,CK,ttnc390904,"Wife, Civil War Living Historian, Descendant of True Patriots, Proud Defender of Our Constitutional Republic and Its History 🇺🇸 Pro Deo Et Patria",en,
80076538,Brenda Hendricks,tweet2tootles,speak kind words receive kind echos,en,
1013573084799033345,Tweeting Ninja,TweetingNinja1,5+6+6=👍 Proud father and husband. America first. Liberty has a price. Honor our vets! Algorithm camouflage is key. Strength in unity! God bless you. #MAGA,en,
50020778,Lynnie,TweetThisBabe,"OFFICIAL & VERIFIED Account by ME, the real deal!  A former Miss New England Celebrity, current social media celeb who loves people & laughing 'till you cry!",en,
90036756,eleanor_V1,tweetypickler,"Jesus Christ Is My Lord & Saviour. My fav singers Kellie Pickler,ScottyMcCreery, Kane brown, Gabby Barnett, Lauren Alaina, Newsboys, Mercy Me Joshua 1:9",en,
364516889,♊️🐉,twinfire00,"Engineering, Tech, Politics and Business in no particular order. OR(Retweet,Like) is not Endorsement",en,
253095012,Christy Harberson,twinsmom0220,"Christ-follower, musician, sports addict, OSU Class of ‘92, coffee & beer enthusiast (not necessarily in that order). I love Jesus but I cuss a little.",en,
49516074,Cathe Gordon,twitcathe,"Bottom Bunk!

Protector of Standards, Cul-de-sac Quilter Division",en,
769018224222564352,@TwoTermDonald on Parler,TwoTermDonald,Keeping America Great Everyday. Flyover Country 🇺🇸 #CCOT #TCOT #2A,en,
362574233,CD12,TXAggie4Christ,"Faith🙏🏻 family, freedom 🇺🇸& football 🏈 near SA. #REMAX wx geek, disabled veteran, small govt, #MAGA #CruzCrew TX Aggie ‘96 & Aggie Dad #JesusSaves Heb3:13",en,
354708730,🚫Deprogrammed Doc Morris USMC,TxDocDRM,"Love God, USA, USMC (86-95), TEXAS, Tennis, UFC, Dallas Cowboys, all TX football (no LSU tigger kool-aid 4me) SemperFi! TrainOrDie",en,
44670763,Conservative Texan!,TXHarrington,"Conservative, married. NRA life member. Dr. by education. #LawAndOrder #BackTheBlue #MAGA #KAG #CCOT #MagaDragTheInterstate",en,
91724524,Jason Odom,txodom,Conservative Marine Vet...No safe spaces here snowflakes!,en,
1362278732,Pink Texan Trumpette 💕🇺🇸,TXpinkmama,Patriotic Texas Mama. Trump supporter! #MAGA! #triedtoKAG #Godhelpus #Godknows 🙏🏼😭🇺🇸💕,en,
49886799,★ 𝕁𝕖𝕖𝕡 𝕃𝕚𝕗𝕖 ★,TxSecurityGal,"Abandoned FB drama & censorship... for Twitter drama & censorship.

Proud Veteran (31B) & Texan 🇺🇸 

God, family, riding, jeeping, shooting & Mexican Martinis",en,
70518087,Tyler Conaway,TyConaway,"professional wrestling memes, Hoosiers, Cubs, Colts, Manchester United and Pacers supporter. dogs. anti Taylor Swift.",en,
724580424291373056,Janet,tydo51580_janet,"I love My President! Christian Conservative wife, mother and grandmother. Faith, Family, and Country. 🙏🏼❤️🇺🇸",en,
54479718,🇺🇸TyGuy888🇺🇸,tyguy888,Still not bored with winning. #Trump2024 @getoutspoken20 #OUTspoken #GayPatriot #AmericaFirst #MAGA,en,
868999167884103680,Tyler,tylerbolles_,🇺🇸 KILL ALL PEDOPHILES 🇺🇸,en,
483285087,Tyler J. Kinsell,tylerjkinsell,🇺🇸 RACING,en,
1111099575010582528,Tyler Shasteen,TylerShasteen,"Christian ✝️
Conservative 🇺🇲
Republican 🐘
               I enjoy DC Comics, politics, and Cardinals Baseball.",en,
1922354400,T-Dub,tylerwilley15,"Huhhh
Is that right?",en,
2765448346,Be the change,u_uhave,"#Love
#freedom 
#family
#life
#Unity
#justice 
♥️🇺🇸",en,
34884547,GT Covfefe,UAS4450,"GA Tech alum, small business owner, automotive enthusiast, budding curmudgeon...
#MAGA",en,
3259435218,Uberllama: I'm not Dr nor do I play one on TV,uberllama777,"Conservative. MMA,Pro Wrestling, SciFi,#2a,CFB & History. #HailtoTheThief ,No DMs plz. Zuck, Dorsey, Bezos, & Cook are bastards. Same name on Parler and GAB",en,
358514262,Kent,UCFKent,"7-Time 🏅 #Parkeologychallenge finisher. Published Author, Conservative, Disney Fan, UCF, Jaguars Football. Tweets are my own.",en,
18711636,Ken Stepanek,UConnHuskyTX,"Love sports. UConn, Red Sox, Celtics, and Cowboys. Texans, Rockets, and Astros are home teams. Love Vegas. Love tv. Texas Conservative. Learning Crypto.",en,
755794782211936256,Galactic-Despot-Elect Morris,UdunMonster,"America will never be a Communist country.

Pronouns: Ham / Burger",en,
1034234734669389827,T̲he C̲onservative D̲awg 🇺🇸,UGADawgsAC48,"Married Man, Proud Trump Supporter
#RIPRushLimbaugh
I block or mute Liberals
Huge fan of @GeorgiaFootball #GoDawgs
Followed by @ScottBaio",en,
904451422221164546,Come On Man!,UhlirBeth,"Conservative, Christian, working wife and hockey mom to two sons and two rescue hounds. #MAGA",en,
931187312,pChristina,UllianPaula2012,With God All things are possible!,en,
15646268,Joe in Dela-where?,ulrichphoto,"Father. Husband. Photographer. American. Patriot. Trump 2020!
I'm not woke. I'm AWAKE. Anti-Marxist, Anti-Socialist",en,
2776376446,Dan Dare P.O.T.F.,unameitdestin,"Pirate of the Future ~ Lovin' Life, the Wife and Kids & Livin' on the Gulf Coast. RT's not endorsements. #Trump2020 ~ #MAGA #KAG ~ Semper Fi ~ #2A",en,
1152607885265920000,uncfrank,uncfr4nk,Every Man A King | America First,en,
1152607885265920000,uncfrank,uncfr4nk,Every Man A King | America First,en,
1267237475493216258,lasskan,UncleGerald4123,Hanging out watching the comments! @parler: @Lassneukaneye                         Gab: @lasskhan754,en,
2921025601,Undone,UnDon3_,| A father & family man that stands for truth & justice | Catholic | Patriot | Down with the 🌎 wide p3d0phile ring | 🔫 to all p3d0s. Save the children,en,
46046558,President Elect Diversity Requires Freedom,uniteCOforus,NO ONE should have that kind of power. Not even Boromir. Not Trump. Not Polis. Not the public health department. Parler: @OscarMike81,en,
158417619,united together,unitedfornow,Conspiracy truth seeker.  We've been fed lies our entire history to control us. The truth is out there.  The veil is being lifted.  Good will finally prevail.,en,
2986134178,UNLVRebelGrl,UNLVRebelGrl,"Originally from the Chicagoland area UNLV Alum '87, UNLV Rebels, Chicago Bears, Blackhawks, Cubs, and Bulls fan.",en,
1034707157755650049,All Hail Fuhrer Biden,Unveiled777,"Husband & Daddy🥰Jeremiah 29:11, Matthew 10:26 ✝️🙏There is nothing concealed that will not be revealed, or hidden that will not be known.❤Jesus",en,
16156157,PRESIDENT-ELECT @UPTOWNGIRL2008,UPTOWNGIRL2008,"God. Family (includes dog). Country. Truth, Justice & The American Way. NRA. Nuff said. ✝🇺🇸 ""And though she be but little, she is fierce."" Locked and loaded.",en,
247501058,Michael Urias,uriasmike,Life/Repub; Mex/Am & Proud,en,
984287548674486272,R.I.P. RUSH #TRUMP2024,USA45RED45,🇺🇸#MAGA #TRUMP45 #2A #PROLIFE🇺🇸#NRA #DEPLORABLE 🇺🇸🇺🇸STAND4THEFLAG#KAG2020🇺🇸 TRUMP WON #BidenCheated,en,
1202722046620438529,USA 🇺🇸,USA47737266,#GodBlessAmerica,en,
3302766727,WETHEPEOPLE-USA,UsaggUsa,CONSERVATIVE- CHRISTIAN- SUPPORT THE CONSTITUTION-SUPPORT MILITARY&STRONG AMERICA-SUPPORT ISRAEL- 2ND AMMENDMENT- BUILD THE WALL-SUPPORT TRUMP &LOVE AMERICA,en,
1145812822963752961,USA MEDIA AWARDS™,USAMediaAwards,"A New Original Awards Program for People Who Love the USA! (Awards Date Moved for COVID.) COMING 2021!

(Follows, Likes and RTs Not Necessarily Endorsement.)",en,
805089899997253632,Monica,USAMonicaT,"Mother, Wife, Veteran, Small Business Owner. No political party preference, just believe/support who/what I feel is right.",en,
21095543,C Shannon,user239956,Live & work in Texas!,en,
20109011,USMC-Mom2016 🇺🇸 ☘️🐾🐕‍🦺👩‍👦🇮🇪🏴󠁧󠁢󠁳󠁣󠁴󠁿,USMCMom2016,"USMC MoM of a Marine son, and a Conservative. I am adept in the post-apocalyptic life skills of knitting and crochet. #KAG 🇺🇸",en,
826242643109634050,ProudAmerican,usmfgmgr,"Proud American Using Logic #MAGA, #Veteran, #Trump2020 
USS MIDWAY Sailor",en,
1569734394,That's Dr Sobusted to you 🇺🇸✝️,USobusted,"Recovering lawyer, recovering SW Eng. Texan. I'm probably doing this thing all wrong. Not looking for followers, but happy if you do. BLM/Antifa are terror orgs",en,
702891291533668353,🇺🇸USStrong🇺🇸,USStrong727,"#WOMANFORTRUMP #WALKAWAY #BLEXIT #1A #2A

🇺🇸@POTUS WILL #MAGA🇺🇸
 
#GODISGOOD🕆#JESUSLOVESUS",en,
2943342353,W1KUD,W1KUD_OFFENSIVE,"So I guess this is what your looking for I'm a pro-gun, pro-life kinda guy. You dont have to like my opinions, but facts are facts. SJWs Beware.",en,
1250467547708829698,V85,V85E70,"🌟 Beliver, wife, mother, patriot 🌟 ❤️ 🤍💙🇺🇸",en,
550294968,OPEN CAL Now!,VACAgurrl,"Beach Lover, NC Resident Wannabe, Mom, Wife, Conservative Union Hating Teacher and RABID TRUMP SUPPORTER🇺🇸",en,
930887792,VA Conservative,VACon81,"Catholic, Husband, Father, Virginian, Conservative.
Alt account: @VACon1981",en,
772434123289825281,RWagen,wagenfire1,"Quercetin Christian,Medic/Firefighter,married father of 4(adopted 3), KAG, fight for our Country,Constitution, Judeo-Christian values #walkaway 12B Army vet",en,
291238222,Bunker Hill Bunny,WAGongaware,"Mostly Conservative.
Partly Libertarian.
All Individualist.
Also Capitalist and Patriot.
Newly Independent.",en,
96440382,wakenmakemike,wakenmakemike,"God fearing Jesus follower, Dad, Husband, LSU grad, Compassionate conservative",en,
20285516,kristy in VA 🇺🇸,vakrys,"Writer, photographer, graphic designer, Mac Geek, Pens fan, road tripper, former groupie, fiscal conservative, social libertarian, Marshall & Duquesne grad.",en,
74178202,💥🇺🇸Valentina Dreamz🇺🇸💥,Valentinadreamz,"Boss Lady/Marketing Specialist, Proud Mommy of two studs, Freelance photographer and World Traveler ★ Parler:@Mommysmonster *http://facebook.com/valentinadreamz",en,
3139351942,Valerie Joynt,ValerieJoynt,"Love God, my husband, my girls, my family and my President 🇺🇸T🇺🇸R🇺🇸U🇺🇸M🇺🇸P🇺🇸 2020 and beyond!!!",en,
817508590739161088,_walktheline_,walkthelineusa,Love & Truth are not mutually exclusive—they are actually two sides of the same coin. It’s not either / or—it should be all or nothing. WALK THE LINE,en,
1072899241,Valli Dawn Hart 🇺🇸,vallidawnhart,"Best TV Commercial of the Year, Producer, Award-Winning Marketing,  💯 Patriot 🇺🇸",en,
49153271,Leslie,vamplita,"Married 20(!) years, Mama to a Basset Hound. I've been known to cuss & discuss.",en,
1241856039298854912,Jimmie Bartholemew,VanChocStraw20,"Trump WON 2016 AND 2020. #BestPresidentEver45 #MakeSpaceGreatAgain #BidenCheated #BIGTECH helped. ""Political correctness is tyranny with manners""C Heston",en,
1676592752,Wanda Pender,WandaPender1,"Mississippi girl livin' in a Texas world! 🌎 
Trump IS STILL my President! ❤️ #Cult45 🇺🇸#PromisesMadePromisesKept #BackTheBlue 💙 #KAG #MarriedNotHereToDate",en,
17694503,Vande Mataram 🙏 🇮🇳🇮🇳🇮🇳,Vande_Mataram,"Honored to have Prime Minister @NarendraModi & MoS @Gen_VKSingh follow my account! 
Vande MAtaram! 
Youtube Channel: http://youtube.com/user/MataramVa…",en,
4809716843,Vanessa Feltner,vanessa_feltner,"Christian/political recording artist: pianist, vocalist, composer, LOVE TRUMP! Patriot, I'M STILL STANDING! https://www.youtube.com/watch?v=Cz3rHFJO8sw&t=7s",en,
27697345,WannabeAnglican,WannabeAnglican,Ranting Anglican blogger,en,
2727981220,WarDaddy 🇺🇸,WarDaddy321,"🙏🏼🇺🇸 Christian, Patriot, Proud Daddy, ASCAP Singer/Songwriter, Fitness Fanatic, Tampa Bay Buccaneers, MAGA 🙏🏼🇺🇸",en,
31452762,WarioFan76,WarioFan76,"USAF veteran, idiot savant. I like things that don't suck... And waffles! 2 Timothy 2:15 #BornFree",en,
1212070784,The Giraffe.,WarriorGiraffe,Freedom above all else.,en,
75184478,TheCyberChick,warriors_mom,#MilitaryFamily #CyberSecurity Personal IMHO acct here. I ask tough questions. All tweets subject to misinterpretation. Proudly Biracial.,en,
131393873,Kim in VA,VASweetTea,"Christian saved by God's grace, Mom of 3 teens, Wife, Conservative, Nats' fan!!",en,
1183822538779922433,#TRUMP2020,WatchforScams,Beware of scams!  This isn't a dating sight!,en,
981266373098614785,circlingbackbiden,Watchmaker69,"freedom fighter! Constitutionalist, Veteran USMC https://dlive.tv/Watchmaker69?ref=watchmaker69/ https://nationalfile.com/ http://undergroundworldnews.com/",en,
3069569905,VAXITYlol,Vaxitylol,"Husband, Father, Republican & Gamer
Opinions are my own
vaxitylol@gmail.com",en,
96050388,william axl nyc,waxlnyc,GNFNR,en,
31605687,Voter-Elect V.C. Bestor,VCBestor,"Author, PAX OF WILDLY WOMEN:
Women look hot in leopard print. Guys, too. Yet even sexier: actual LEOPARDS!
#FangWilds 🐯
 #MAGA #Kraken is my fave apex predator",en,
3308783536,Warren 'Joker' Clay - disenfranchised American,WClay1957,"Turns out, things are NOT as they seem...",en,
755883834034393088,blackpearls4ravens,wdoncarlos,"Roman Catholic. Highland Bagpiper, Fiddler, Tenor. Writer / short stories. Forex trader. Tweets are an olla podrida, mostly falling short of Phil. 4:8",en,
1046158918865612800,Woodstock Conservative🇺🇸,WDSTRepublican,"Small Business Owner- Environmental Laboratory Director with work typically involving the microcosm. Autism Father, Writer, Patriot - Former History Teacher",en,
1190530476,President Trump,WeAreTrump2021,Superhero with rock hard glutes! Fighting against election fraud and other crimes of the century.,en,
1099075483453538305,RED_RED_Fedora,wearing_fedora,I'm not here.,en,
799639385150918657,weary_ant,WearyAnt,HAPPILY MARRIED {{Date Seekers Get BLOCKED}}   {{ Pic is from 1963 before JFK and innocence in America were slain }}  PC culture must DIE!,en,
1107298521466716160,Nomoresocialdistan Singh,Vedant36394787,I will find you and retweet you.,en,
22794833,A Cavanagh,weimrnr,"Parler @Liadain   🍁✝🐶
Daughter, sister, friend and lover of dogs
Catholic but not always PC",en,
2147605631,MJ Weiss,weiss_mj,Proud Jew from NY. Zero tolerance for hypocrisy. Every Jew should learn self defense. Find me at Parler: ProudJewishReTrumplican,en,
3190440486,Wake me when it's over if we still have a US🇺🇸,welove2laugh2,"veritas nunquam perit~ it only gets strangled

Stay out of my DMs if I don't know you. 🤷‍♀️
Parler @gfytwitter Gab @DONEwithPlayingNICE",en,
2608741705,Wendy Porch,Wen_Porch,http://www.WendyPorch.com Home Sewn by Wendy Moist Heat Packs | #MAGA #KAG | #Christian | MWD Trainer | Proud Daughter of Vietnam Vet | IFB Trumpsters ❌DM's,en,
1141027980,🇺🇸 WCoe 🇺🇸,wendydcoe,🇺🇸#WeThePeople God Bless America 🇺🇸 President Trump will always be my President Forever,en,
18323366,Wendy Edelson,wendyedelson,#watercolor artist / childrens book #illustrator and #writer /pet portrait and fabric/licensing #artist /garden and scent besotted,en,
338044570,Wendy A,wendyober,Son with autism|MS|Symphony of Cells|Mom and Grandma| Chicken Pox survivor,en,
930051162,Jim A 🇺🇸,weneedjobsnow,"I am an American who loves this country!🕆🇺🇸🎺🐸 #Constitution #RealConservative #TrumpRepublican
#1A #2A #4A #5A #NRA #GunOwnersofAmerica",en,
2805864596,Gulag Inmate 303 👻🔫,Veritas303,Search “Deterrence Dispensed” to find 👻🔫s - Amos 5:13 - RT≠E,en,
246855596,Mel Camino,veronicabee,not for sale.,en,
206003710,President Elect Lee Renrut',WeRTradingStock,Let us resolve that young Americans will always find there is a city of hope in a country that is free.. Ronald Reagan 40th President of  the United States,en,
46475420,Chelsea Belle,verycosmic,"""Cassandra,"" apparently. 
Truth & facts in the spirit of parody.
My dot com was seized for discussing cures. Branded a ""conspiracy mill"" by NYT. Building one rn",en,
3005621091,Colton White,WGAL8photog_cw,"WGAL News 8 Photographer, Father, Dog lover, Jeep enthusiast, Outdoorsman, Pittsburgh Sports Fan All opinion are my own and no part of Hearst.",en,
381399271,WhigsnTwigs,WhigsnTwigs,Certified Smartass,en,
2868254400,President Elect Tamala,WhippoorwillMN,christian conservative  Foster pup mom. 🇺🇸,en,
745819912057274368,Whitt,Whitneyy1418,Proud American 🇺🇸 • #KAG,en,
412270183,Bruce Hanson,wholein1club,"grew up in Ankeny, love KC now, still big Hawkeye fan. Royals too!",en,
3291520875,greg wiant,wiant_greg,Classic Rock Metal NHL,en,
576517559,I Am MAGA,WickedSyd77,The war is now. Follow me on Parler @WickedSyd77 🇺🇸,en,
24390221,VickiAnn🇺🇸🇺🇸🇺🇸,vickiannhill,"GOD❤Family❤Country❤

Happy wife...happy mom...happy grandma...pretty much just just plain ol happy!!",en,
19734744,Vickie York,VickieYork,🇺🇸Old enough to remember when America was FREE. ❤️🐾 NO LISTS. NO Direct Messages.,en,
26267040,Vicki McKenna,VickiMcKenna,WI talk show host. Right-wing hippie. #Catholic #ProLife #ProMen #KissYourDog #PitBulls #2A #Vote #Vape. I would always rather be fishing.,en,
334190707,⚘(((Vicki)))⚘,Vickistweet,"Mom of 2 & 5 grandkids 💙 God & 🇺🇸USA🇺🇸 I'm anti Neo-Nazi, anti white supremacy, anti KKK  #TrumpPence2020",en,
3191520600,Vicki Vares,VickiVares,"WWII Veteran’s daughter, Iowa Roots, Army Veteran, Retired Ultrasound Supervisor , GB Packers Fan, MAGA🇺🇸 ❤️ Newsmax, Back the Blue, Stop the Steal, NO DMs",en,
726996253897162756,Victoria Olsen-Holt,VicOlsenHolt,Social and political commentator. Lover of freedom. #TrumpWon #HappyWarrior,en,
1063545620,Mark,victor99_m,"constitution,fiscally conservative Christian 1st 2nd amendments snow Skier Happily married 42 years Block Socialists, No DM's Please",en,
14664607,Victor Cabias,VictorCabias,Imperfect and open-minded conservative with an opinion  #HoldTheLine,en,
251912617,Victoria Klemp,victoriaklemp,💍 Bride 🏔 16/53 14ers victoriataylormusic@gmail.com,en,
14953151,Victoria Merdes,VictoriaMerdes,"Patriot, Wife, Mother.",en,
1241134727899361280,𝚅𝚒𝚎𝚠𝚎𝚛 ⚔️47⚔️,Viewer_47,❤️🇺🇸🦅 🗽Donald Trump Is Your President 🗽🦋There are no coincidences 🦋,en,
373033271,† Crusader,Wil_Johnson1,"Christian Conservative Independent Vet. proudly supporting our US Military/Vets, Border Patrol, Police. Stay Informed or get hit by Drive-By Media #MAGA #2A NRA",en,
614099926,Kimberly MAGA Texan,wildangel1968,I support our troops and back the blue!  I  am a Patriot! 🇺🇸🇺🇸🇺🇸🇺🇸 $KimberlyWaltrip,en,
614099926,Kimberly MAGA Texan,wildangel1968,I support our troops and back the blue!  I  am a Patriot! 🇺🇸🇺🇸🇺🇸🇺🇸 $KimberlyWaltrip,en,
834283494,President-Elect Cedar Bedar,Wildkattz,"#MAGA #PresidentTrump
 Pro U.S. Constitution and Bill of Rights
 #Brexit  NO LISTS!",en,
834283494,President-Elect Cedar Bedar,Wildkattz,"#MAGA #PresidentTrump
 Pro U.S. Constitution and Bill of Rights
 #Brexit  NO LISTS!",en,
834283494,President-Elect Cedar Bedar,Wildkattz,"#MAGA #PresidentTrump
 Pro U.S. Constitution and Bill of Rights
 #Brexit  NO LISTS!",en,
871569210161364992,Wilhelm Husky,Wilhelm_Husk,"Listener to all, believer in few.",en,
21722318,Will Chamberlain,willchamberlain,Lawyer. Co-Publisher of @HumanEvents. Senior Counsel at @The_IAP and the @Article3Project.,en,
21722318,Will Chamberlain,willchamberlain,Lawyer. Co-Publisher of @HumanEvents. Senior Counsel at @The_IAP and the @Article3Project.,en,
948453195004616704,William,William02570432,🤖🤖🤖🤖🤖🤖🤖🤖,en,
828799287425323008,William,WilliaminCA,"Constitutionalist (hated by RINOs, NeverTrumpers, MAGA etc). Not stumping for GOP or Trump. Like & Retweet isn’t an endorsement or reflect my views.",en,
2441986746,Jen Sunshine Willis,WillisSunshine,"Grateful 4 sanity n WH. Honor inclusivity. Adore humanity & Nature/Animal Rescue/Pro-Science/#BidenHarris,#Resist,#BLM, #RGB, #METOO,#VoteThemOut,#ClimateStrike",en,
337113210,William Jennings,willjennings60,"I am here to bust the chops of the Legacy Media. Agree with me, or bugger off.",en,
774699551764525056,MAGA RN💉 🙏🇺🇸,Willsdarlin,Registered Nurse and proud grandma that supports TRUMP #MAGA #KAG #WalkAway #2A #AutismAwareness #BlueLivesMatter,en,
3320568104,Sir William 🇺🇸🥃,WillyGPimpStain,"Huge Florida Panthers fan, Libertarian, and all around badass. 😁",en,
494831759,William Switzer 🇺🇸,wilswitzer,I am a Liberty Republican. I believe in the TeaParty2.0 movement and personally pledge to support any America First candidates in the 2022 upcoming cycle.,en,
1004096709260169216,Vincent Fink,VincentFinkArt,"Professional artist. Detail addict, Sacred Geometry, culture, philosophy and science dude. More info, newsletter sign-up 4 discounts & more at my site",en,
858796928,Winchester 101 🇺🇸,winchester_101,Husband | Father | Engineer | Anti-Communist,en,
865024784681365505,Patrick Hofeld,Wingmanmusic_,"listen bro, don’t be a simp, don’t be a wimp, man up and overcome",en,
82915144,lovetheUSA,winincal,"Californian, proud American, raised right..appreciate freedoms we have in USA. #worldpeace #maga 🇺🇸🇺🇸",en,
758384899631882240,Wink Jones Live,WinkJonesLive,"I am the supersonic funkadelic soul man of all time... James Brown says “Let’s get FUNKY, Get on up!”",en,
170402706,Faith and Action,vinojedi,"♥️’s not endorsements. Heroes are Hayek, Colson, Friedman, Sowell, Williams, VDH, Malkin, Aurelius, Hoffer, Apostle Paul, Solomon, JI Packer, Unitas, Staubach",en,
21324151,Kathlin Sickel,WisReader,"Reading, writing, in the Dairy State. Mostly reading. With the cheezeheads.",en,
12392512,AmericanMoxie,vitalfinds,🇺🇸🇺🇸🇺🇸 #Trump #Republican #Freedom #Liberty #Patriot #AmericaFirst #FreeSpeech,en,
884976138031738880,VivaLaDiva🌺🌴🌤️,VivaaLaDivaa,"Lover of all things beautiful, comical & magical.🌠
I woke up & will fight everyday for America's destiny! God Wins!❤️🤍💙
Parler & GAB 👉🏼
@VivaaLaDivaa",en,
490912770,FraudJoeandthehoe,Viviera75Viera,Never cared about politics until now.Dems care about power not the people.Twitter locked me out of my old acct for truth telling.,en,
12186142,William Maggos,wjmaggos,"Host of Culture War Radio: music, news & conversation about our shared social fabric, streaming live Sundays @ 9pm CST & released unedited on Monday mornings.",en,
855820842,President Elect Honey Badger🇺🇸,Wkyhilltopper,In God We Trust • Liberty • E Pluribus Unum #Trump2020 • #MakeAmericaGreatAgain • #AmericaFirst,en,
536253121,vlshields,vlshields,"Happily married to Doug with 2 Great kids who amaze and humble me. Believe in God, hard work, miracles and the power of positive thinking!",en,
1631510382,STF tem lado político. Todos esquerdistas.,Wmarc4,"#QueroBolsonaroAte2026
 
A máscara da esquerda brasileira está deteriorando. As faces estão aparecendo para os pobres.🇧🇷🇮🇱🇺🇸",en,
2901990475,Noelle Patton,WmNoellePatton,"Proud AF BRAT, Grandma, life giver, loving wife, dedicated public servant @ USPS-APO Postmaster",en,
705435690021027841,VoiceOfReason🇺🇸,Voix_Of_Reason,"Wife, mother, patriot & staunch Trump supporter. Make America Great Again! #StandWithTrump  #Trump2024",en,
1121838574821937152,G,WokeMamaG,Give me liberty. 🇺🇸,en,
2511965764,Wolf Casanova,wolf_casanova,Christ is King ✝️,en,
790701890073989121,Wolfden,Wolfden34489978,PC Is Facism Pretending To Be Manners,en,
1944771998,Alvan,WolfOfBallStr,Tweets are my opinion and in no way represent anything but trolling. lighten up people. 🇺🇸Patriot🇺🇸,en,
4865548306,TFW KellyG Rambo,WolfZBuster,"Set up for #Youtube but looks fun,  God and Country Wife and 5 adult kids  #OSINT #2A #MAGA #TRUMP #TRUMPTRAIN",en,
68806968,President-Elect Tim Jaggers,volgeek,"Professional nerd, Constitutionalist, #MAGA #KAG
My name is not Google. I will not do your research for you just because you are lazy.",en,
31111732,❌❌Womp Womp🐸❌❌,WompWomp21,"Ex business owner, Ex smoker, Ex boyfriend, Ex salesman, Ex Texan, Ex Liberal",en,
41901453,KCR,wonderclutz,"Sometimes, I say things I shouldn't. I'm grateful for God's mercies new every morning.",en,
23543735,Dee OCanas #StopTheSteal,WONIDEE,SINGLE PROUD MOM,en,
1240096890055786499,woodsheded,woodsheded31,Republican. Drain the swamp. Four more years!,en,
980213739743055873,Woody Driver,Woody_Driver,I'm a part time day trader/swing trader.,en,
779544700558581761,Michael Seeha Beezleboo,wornouthorn,"Texan. 
 #KAG #Trump2020",en,
53280918,Vortex ~ GAB @vortex1155 ~ PLEASE FOLLOW!,VORTEX1155,"Totally Patriotic! Love USA! I wish it were back to the way it was before Obama instigated racism & hate! Mom of 3. 2 time widow, small business owner. #MAGA",en,
1568643739,Paulie W,wortguy2,"Christ is King and I belong to Him. Enemy of the DEEP state since 1995.
Psalm 2 ! Psalm 11 !
Make New Jersey Great Again",en,
114006229,#MAGA2020 #BackTheBlue #TrumpPence2020,vote_Trump__,Tweets are personal views only. Retweets do not mean endorsement #MAGA #Parlerisfreespeech,en,
834560773,Make #Freedom Count again,Vote4Freedom1,#WethePeople Never Forget! We don't kneel! #MAGA #Trump2020 @NRA #2ndAmendment #Bluelivesmatter #RespecttheFlag #Military #Vote4freedom #VoteRed2020,en,
311116245,Lesley Gent,voxfutura,"Allow me to speak extemporaneously, for that is the only way I know how.",en,
14200865,SoozC ✝🎵🇦🇲🇺🇸,voxsusana,"Adoptive Mom, LMFT, vocalist cantor #ProLife #Catholic #adoption #Trump Prov 4:7 Get Wisdom - Like, RT and Follow me anywhere @voxsusana",en,
4159511788,Trishie,wpatricia910,Do not let your perceptions and intuition be hijacked by agendas and programs.Question Everything!! It’s a pattern...pay attention.,en,
18456220,wpear,wpear,"REI; Internet and Social Media Enthusiast; Stock and Option Investing, with an eye on day trading in the Caribbean!; Music Lover and Player",en,
1120833054,Wreck-it Rich👊,Wreck_itRich,🗣I’M GONNA WRECK IT❗️*17sense to play* PRESS START 🇺🇸🐸,en,
821469619844247552,Rhoda Virginia Tatum,vrgnt123,"Christian. Saved by grace. Patriot. Retired teacher. Enjoy music, dance, travel, books, nature & my pets. DJT is my president. MAGA.",en,
822467208064417793,Faith Over Fear 🇺🇸🇨🇱,WriterLisaO,"Christian Texan. No DM or lists. #JesusSaves #PrayerWorks
#sameNameOnParler",en,
75377908,Mary Kressler,wutwouldmarysay,I was just sitting there minding my own business...,en,
2721074648,coal man,wv_coalminer1,coal miner  war on coal survivor West Virginian God Fearing Proud Member of the NRA. the GOA and the SAF proud nationalist. the west is the best,en,
980821321,🇺🇸 Blondie 🇺🇸,WWBlondieDo,Slightly obsessed with politics & reality TV 🤷🏼‍♀️ I don’t engage with idiots so don’t bother trying. 100% #FactsOverFeelings 🇺🇸#Patriot #MAGAForever 🇺🇸,en,
470692075,Tired of the cowardly GOP🇺🇸,WYOArmyMom,"Child of The King, Mom, Daughter & Lil' Sis! Constitutional Conservative, Views my own. RT's not endorsements",en,
186467957,Thora Powers,WyrdChyk,Freethinker. Expensive Talker. Alter Ego.,en,
759469437829382144,VzlansForPrezTrump,VzlansForTrump,Group of Venezuelans that support @POTUS & @VP. We want USA free of threats from leftist ideology 🇺🇸🇻🇪 #SOSVenezuela,en,
20195435,x_Silli_x,x_Silli_x,My Soldier myHero/Legal Immigrant/ CancerSucks/VoteRED #backtheblue #supportourTroops #MAGA #TRUMP2020 #KAG PARLER XSILLI GAB x_Silli_x plshelp http://gf.me/u/u,en,
27938485,Brandy Baron ❌,xAmericanPridex,People who don't respect our laws & borders don't respect our country & people. They don't deserve the American Dream. #MAGA #Trump2020 @AmericanPride on Parler,en,
946944476454436864,DrawTheSw0rd,xaviera83712672,"Son of cuban parents who fled communism, USMC OIF X1 OEF X2, Traditional Catholic, Jiu-Jitero, Father",en,
136855521,x Zhang,xdxdzhang,from nothing.,en,
52893083,🇺🇸Xeosis🇺🇸,XE0SIS,#SemperFortis | USS Tarawa⚓️ 88-90 | Catholic | #Cleveland | Ohio Conservative | InvaderZim | RIP MCA,en,
7072142,Steven Morgan,xerafin,"Software engineer, hypnotist, Toastmaster, Java programmer, public speaker, quirky, geeky, kinky, and on occasion funny.",en,
16159074,🇺🇸 ... 🇺🇸,XNobleAmericanX,"If you have to check, you're not paying attention.",en,
764646395827539968,Xpompier,Xpompier77,"Retired Firefighter (Lt.)🚒
U.S. Army (SPC 5)🇺🇸
Motorcycle rider 🏍 AMA & HOG member
               🇺🇸Gun owner and shooter 🔫
NRA Life Member",en,
2409110353,Stymie,xSTYMIEx,Nothing worse than a Democrat disguised as a Republican,en,
727040641604034560,Åňøţhėř Vëŕ$ïöń ôf ťhə Ťřûťh 🇺🇲,XThemusic217,"Flagged by the US Bureau of Social Justice for Anti-Socialist Propaganda.
#alllivesmatter #neverbendtheknee #AmericaFirst #getwokegobroke #madeintheusa #Pro2A",en,
118471283,Dave Nichols,xxdalejrxx88,IPFW/IU Alum.Proud graduate of North Side REDSKINS  #NFB Ranked in top 5% users on Social Media. Influential in NASCAR and Football. Cash App:$xxdalejrxx88,en,
3863822381,Em,xXemily420,"Made twitter just for Galadon

Gamer/Streamer

$loudbrunette 

💚 2/4/17 ❤️",en,
2244225864,PaperMagnolia,YaiYai62,"Love God, Family & Country. Proud Air Force mom,Yaiyai to 4 grands, artist.🇺🇸TRUMP IS MY PRESIDENT🇺🇸 #MAGA #InGodWeTrust # #SaveOurRepublic NO PORN",en,
1177296983435988993,🇺🇸 J. Dome 🗽,YankeePatriotic,Eat Sleep Hockey...repeat,en,
1155867319878311940,Yash K. @ Play 13 Sentinels,Yash_K7R,20 | BMW/E92 | Conservative | Gamer and self-taught musician,en,
2285541466,Yasmely,yasmelycooks,🇩🇴✝️🇺🇸👩‍👧,en,
957985627747778560,YaYa's View 2020,Yayasview2020,"I’m christian, white, female, conservative, pro-gun, pro-life. How else can I offend you today?
#MAGA2020 #Trump2020",en,
772222902280327173,Taco Brad 🇺🇸,YDCtaco,i like ellipses and calling the wambulance,en,
954107073767399425,YDSTONER,Ydstoner1,BEATS-WEED-LIFE #TEAMVERTICAL #HIPHOP #PRODUCER #STONER #STONERPRODUCER #MUSIC #ARTIST,en,
1252284708651556865,Trump4MoreYears,YearsTrump4,#MAGA! America will not be a communist country! I’m not a bot!,en,
1500542882,yesman010101🇺🇸,yesman010101,Living day by day. I don’t give up. I don’t quit! Hola.. saludos!,en,
923572474952011776,💋🇺🇸yiha420🇺🇸💋,yiha420,I stand with Trump🇺🇸 follow back to rebuild our base #MAGA #KAG,en,
1562080880,"WE THE PEOPLE, Got screwed #illegitimateBiden",yo_mals,"Hardworking results oriented leader that suggests you divest, buy gold, quit working and find a social program and become a victim.",en,
1265076229540986880,Yodeputy,yodeputy,"If you don't support the police, don't call them.",en,
709505904,SonofRekhav,Yonadav7,"Bible Based Conservative, Independent, Watchman on the Wall, Aware of The Times. Follow 3 in 1 God.",en,
48310513,President-Elect MAGA Deplorable Mary,YoriKitKat,"Conservative, small-town girl, crazy about horses, all animals. Love our GREAT country & my home state Texas. Grins to all you wonderful peeps! #MAGA❤️#KAG2020",en,
4543085935,NotMyPresident,YorkieMom_3,#FightForAmerica #FightForFreedom #StopCommunism  #AntifaAreDomesticTerrorists #StopCensorship #Protect2A #FreedomOfSpeech #America1st #StopHumanTrafficking,en,
523859534,ITSSA YORT,yortdaddy,"Fiat is trash , the fed is a scam , governments are corrupt , blockchain is the future ! Truth seeker ! @ITSSAYORT on Parler",en,
584479164,Kate,youngkav11,"Wife, boy mom, MI native.",en,
376248457,YRN,YRN70,"Entrepreneur, Republican (not Trumpican), Amateur Chef, Atlanta Falcons fan, Big Brothers Mentor, Tech Addict, Apple Fanboy, Dog Parent and Gamer!",en,
247000146,Z00mie ⚡️⚡️,Z00mieSam,state-certified essential worker,en,
143955137,Zach Davis,zacharydavis08,"9th generation Texan! blind business owner, fighting Texas Aggie 08, proud dad of two, burgeoning rancher, #maga #patriot",en,
23212402,Zach Whitten,zachwhitten,"Husband, Father, Conservative, Catholic, Tech Professional, Video Game Nut, Sports Fanatic.
Views/Opinions are my own - get off my lawn!",en,
190093284,Zak Wiseman,Zak_Wiseman,Great Lakes Fisherman | @googanbaits #TeamGoogan | YouTuber | Archery | 25 | 🇺🇸 #2A #MAGA,en,
892398650,ZanderFromNOLA,ZanderFromNola,"IT professional. Love fishing, exercise and the band RUSH. Louisiana native. US Army Veteran #Minarchist #NoPartyAffiliation",en,
20753791,toto,zappytime,"truth seeker, treasure hunter, where your treasure is your heart will be also.",en,
212341514,Constitutional Conservative,zclaudy,We need a return to the constitution! Give the people and the states back the power and rights that have been stolen from them. Politics should not b a career!,en,
22019645,Erica @ZiaErica on GAB @ erica on Parler,ZiaErica,Retweeted by Real Donald Trump. Student of #ScottAdams #Cernovich #MacroPersuader #Opinionator Rocket Scientist. http://parler.com/profile/erica/… #ManlyMen!,en,
4388343941,kim ziemann,ZiemannKim,Let’s #MAGA 💫#KAG2020 💫 Trump Supporter 💯% 🇺🇸 Proud Deplorable 💫 #BuildTheWall 💫Jeep Girl 💫 #BackTheBlue 🇺🇸,en,
3269713668,Ryan Zichosch,Ziggyisthetrex,ER nurse,en,
2873973494,Rebel🌟🌟🌟#1A #2A🗣Parler @Xzz1776,ZigTj,"Constitution, Rancher,Christian, Conservative, Wife/Mom/G-Mom   #KAG #TheCoup #FundTheWall #BackTheBlue #BuyAmericanHireAmerican #codeofvets  #AmericaFirst",en,
2237995092,Ziven the toxic populist☣️,ZivenHavens,University of Cincinnati || Creator of @ReclaimOurParty | New-right |,en,
1552020588,🚨🚨🚨Zach Davidson🚨🚨🚨,ZMD1776KAG,"#KAG,Mississippi State Grad, I support our President Donald J Trump. Keep America Great‼️",en,
2656875456,Joy,ZoeGild58,"Dogs are honest and pure and the best judge of people. May I always be the kind of person my dog thinks I am.

Rest in Peace Sweet Zoe 09/17/2016",en,
3063797718,GOD has the LAST VOTE - PZieger,ZSlantXPost_88,"Life-long Cowboys fan: There's only one sports season that matters, everything else is just a pep rally.     Matt 6:33
Parler @Pzieger",en,
3063797718,GOD has the LAST VOTE - PZieger,ZSlantXPost_88,"Life-long Cowboys fan: There's only one sports season that matters, everything else is just a pep rally.     Matt 6:33
Parler @Pzieger",en,
91499854,🦋Conservative Californian #RecallGavinNewsom,zuzu2007,🦋Bonita Bear Mom🇺🇸#WeThePeople No #AB329 #Prop16 #2A #MAGA The best way to predict your future is to CREATE it! 🤝#FakeNews is my enemy #GodBlessAmerica,en,
2987802488,Ulysses Mohnton 🌊,ZytroftEF,"Writer/Filmmaker/Artist. “Drink coffee, smoke cigarettes, paint. that’s it. and a little time for women too.”",en,
